userId,amPm,inputDt,yest_sleep,yest_sleepProblem,yest_dream,amCondition,amEmotion,pmEmotion,pmStress,ifUnusual,breakfast,lunch,dinner,lateSnack,amCaffeine,amCaffAmount,pmCaffeine,pmCaffAmount,alcohol,aAmount,work,travel,meal,study,recreation_etc,outdoor_act,entertainment,hobby,personal_care,recreation_media,household,socialising,communitiy_interaction,today_sleep,today_sleepProblem,today_dream
117,pm,2020-01-18,4.0,2.0,4.0,3.0,3.0,3,4,1.0,4.0,3,3.0,4.0,coffee,1.0,,,,,,169.0,79.0,,68.0,,,61.0,29.0,254.0,,,,4.0,0.0,4.0
117,pm,2020-01-19,4.0,0.0,4.0,3.0,3.0,3,4,2.0,4.0,3,3.0,4.0,coffee,1.0,,,,,,107.0,50.0,,186.0,,,,10.0,409.0,,,,5.0,5.0,4.0
117,pm,2020-01-20,5.0,5.0,4.0,2.0,3.0,4,4,2.0,3.0,3,3.0,3.0,,,,,,,394.0,151.0,50.0,,,,,,,212.0,21.0,,,3.0,2.0,4.0
117,pm,2020-01-21,3.0,2.0,4.0,2.0,3.0,3,4,2.0,3.0,3,3.0,4.0,,,,,,,225.0,101.0,71.0,,51.0,,,,16.0,245.0,24.0,,,4.0,5.0,4.0
117,pm,2020-01-22,4.0,5.0,4.0,2.0,2.0,3,2,2.0,3.0,3,3.0,4.0,coffee,1.0,,,,,471.0,65.0,47.0,39.0,,,,,,237.0,4.0,,,5.0,0.0,4.0
117,pm,2020-01-23,5.0,0.0,4.0,2.0,3.0,4,4,2.0,2.0,2,3.0,3.0,coffee,1.0,,,,,323.0,268.0,35.0,,39.0,,,,,176.0,27.0,,,2.0,2.0,4.0
117,pm,2020-01-24,2.0,2.0,4.0,2.0,3.0,4,5,1.0,2.0,3,3.0,4.0,,,,,beer,1.0,,,46.0,,186.0,,,,,465.0,53.0,,,2.0,0.0,4.0
117,pm,2020-01-25,2.0,0.0,4.0,1.0,2.0,4,5,1.0,2.0,2,2.0,3.0,,,,,,,,231.0,125.0,,55.0,,,,,297.0,79.0,,,4.0,2.0,4.0
117,pm,2020-01-26,4.0,2.0,4.0,2.0,3.0,2,2,1.0,3.0,3,3.0,2.0,,,,,wine,1.0,,,74.0,,126.0,,,,,274.0,12.0,,,3.0,8.0,4.0
117,pm,2020-01-27,3.0,8.0,4.0,2.0,3.0,3,4,1.0,3.0,3,2.0,4.0,,,,,,,,130.0,73.0,,55.0,,,,21.0,476.0,,,,3.0,4.0,4.0
117,pm,2020-01-28,3.0,4.0,4.0,4.0,3.0,3,4,2.0,4.0,2,3.0,4.0,,,,,,,416.0,135.0,44.0,,17.0,,,,,238.0,12.0,,,2.0,2.0,4.0
117,pm,2020-01-29,2.0,2.0,4.0,2.0,2.0,2,2,2.0,4.0,3,2.0,4.0,coffee,1.0,,,,,480.0,186.0,52.0,,,,119.0,47.0,,,,,,3.0,2.0,4.0
117,pm,2020-01-30,3.0,2.0,4.0,3.0,2.0,3,4,2.0,4.0,3,2.0,4.0,coffee,1.0,,,,,472.0,61.0,41.0,,115.0,,,,,138.0,28.0,,,1.0,5.0,4.0
117,pm,2020-01-31,1.0,5.0,4.0,2.0,1.0,5,5,2.0,4.0,3,3.0,4.0,,,,,,,366.0,191.0,91.0,,,,,,,211.0,16.0,,,2.0,2.0,4.0
117,pm,2020-02-01,2.0,2.0,4.0,1.0,2.0,5,4,1.0,4.0,2,3.0,4.0,,,,,beer,1.0,,264.0,24.0,,53.0,,,,,345.0,,,,3.0,0.0,4.0
117,pm,2020-02-02,3.0,0.0,4.0,3.0,3.0,4,4,1.0,4.0,2,3.0,4.0,,,,,,,,,79.0,,270.0,,,,39.0,342.0,,,,,,
105,pm,2019-12-04,4.0,0.0,4.0,4.0,3.0,4,3,2.0,3.0,2,2.0,4.0,,,,,,,3.0,118.0,,125.0,128.0,,,,,,,,,4.0,0.0,4.0
105,pm,2019-12-05,4.0,0.0,4.0,3.0,3.0,3,4,2.0,3.0,4,3.0,4.0,,,coffee,1.0,,,,196.0,,286.0,,,,,16.0,,,,,4.0,0.0,4.0
105,pm,2019-12-06,4.0,0.0,4.0,3.0,3.0,4,5,2.0,3.0,4,4.0,4.0,,,,,,,176.0,71.0,18.0,190.0,161.0,,,,,,,,,4.0,0.0,4.0
105,pm,2019-12-07,4.0,0.0,4.0,4.0,3.0,5,5,1.0,3.0,4,3.0,4.0,,,,,,,,67.0,67.0,136.0,17.0,,174.0,,59.0,,57.0,,,2.0,9.0,4.0
105,pm,2019-12-08,2.0,9.0,4.0,2.0,2.0,3,5,1.0,4.0,3,4.0,4.0,,,,,soju,2.0,,,,33.0,36.0,,,,19.0,,92.0,,,5.0,0.0,4.0
105,pm,2019-12-09,5.0,0.0,4.0,2.0,2.0,5,5,2.0,3.0,4,3.0,4.0,coffee,1.0,,,,,,201.0,,356.0,,,,,,,,,,4.0,0.0,4.0
105,pm,2019-12-10,4.0,0.0,4.0,3.0,3.0,5,4,2.0,3.0,4,3.0,4.0,,,,,,,,,,,,,,,,,,,,5.0,0.0,4.0
105,pm,2019-12-11,5.0,0.0,4.0,3.0,3.0,5,5,2.0,3.0,3,3.0,4.0,,,coffee,1.0,,,177.0,274.0,,95.0,58.0,,,,19.0,,,,,5.0,0.0,4.0
105,pm,2019-12-12,5.0,0.0,4.0,4.0,3.0,5,5,2.0,3.0,3,3.0,4.0,,,,,,,,40.0,27.0,186.0,88.0,,,,29.0,,,,,5.0,0.0,4.0
105,pm,2019-12-13,5.0,0.0,4.0,3.0,3.0,5,5,2.0,4.0,3,3.0,4.0,,,,,,,331.0,154.0,,,9.0,,,,,,,,,5.0,0.0,4.0
105,pm,2019-12-14,5.0,0.0,4.0,5.0,5.0,5,5,1.0,3.0,3,3.0,4.0,,,,,,,135.0,58.0,,94.0,,,,,4.0,,,,,5.0,0.0,4.0
105,pm,2019-12-15,5.0,0.0,4.0,5.0,5.0,5,5,2.0,3.0,3,3.0,4.0,,,,,,,36.0,12.0,,271.0,,,,,211.0,,,,,5.0,0.0,3.0
105,pm,2019-12-16,5.0,0.0,3.0,5.0,5.0,5,5,2.0,3.0,4,3.0,4.0,,,,,,,60.0,258.0,,49.0,54.0,,,,21.0,,,,,5.0,0.0,4.0
105,pm,2019-12-17,5.0,0.0,4.0,5.0,5.0,5,5,2.0,3.0,3,3.0,4.0,,,,,,,,75.0,,33.0,,,,,131.0,,,,,,,
104,pm,2019-12-04,2.0,1.0,4.0,2.0,2.0,2,2,2.0,3.0,2,4.0,4.0,,,coffee,1.0,,,86.0,,50.0,,18.0,,,,17.0,,,,,3.0,1.0,4.0
104,pm,2019-12-05,3.0,1.0,4.0,2.0,2.0,3,3,2.0,3.0,3,4.0,4.0,tea,1.0,coffee,1.0,,,47.0,127.0,,28.0,,,,,,,,,52.0,4.0,5.0,4.0
104,pm,2019-12-07,4.0,5.0,4.0,3.0,3.0,5,3,2.0,3.0,4,4.0,3.0,tea,1.0,,,,,,,111.0,,84.0,,,,,70.0,234.0,,,3.0,5.0,4.0
104,pm,2019-12-08,3.0,5.0,4.0,4.0,3.0,4,4,2.0,4.0,3,3.0,4.0,,,,,,,,33.0,115.0,,73.0,,,,81.0,249.0,32.0,,90.0,4.0,1.0,2.0
104,pm,2019-12-09,4.0,1.0,2.0,4.0,3.0,4,2,2.0,3.0,3,2.0,3.0,,,coffee,1.0,,,237.0,3.0,38.0,,70.0,,,,46.0,37.0,,,,,,
104,pm,2019-12-11,4.0,0.0,4.0,2.0,3.0,4,2,2.0,3.0,3,4.0,3.0,coffee,1.0,coffee,1.0,,,87.0,13.0,54.0,112.0,36.0,,,101.0,9.0,,16.0,,,4.0,2.0,2.0
104,pm,2019-12-12,4.0,2.0,2.0,4.0,3.0,3,3,2.0,3.0,3,4.0,3.0,,,,,,,107.0,71.0,21.0,23.0,29.0,,,,29.0,,,19.0,9.0,4.0,2.0,4.0
104,pm,2019-12-14,4.0,2.0,4.0,4.0,4.0,4,4,1.0,4.0,2,3.0,4.0,,,,,soju,2.0,,6.0,46.0,,55.0,83.0,,,21.0,68.0,42.0,,,3.0,2.0,1.0
104,pm,2019-12-15,3.0,2.0,1.0,4.0,4.0,5,3,2.0,4.0,3,3.0,4.0,,,coffee,1.0,beer,1.0,,57.0,48.0,,36.0,,,,7.0,55.0,,61.0,108.0,4.0,0.0,2.0
104,pm,2019-12-16,4.0,0.0,2.0,2.0,2.0,4,3,2.0,4.0,2,2.0,3.0,,,coffee,1.0,,,134.0,46.0,37.0,30.0,,,,,13.0,7.0,,12.0,,4.0,0.0,4.0
104,pm,2019-12-17,4.0,0.0,4.0,2.0,3.0,4,4,1.0,4.0,2,4.0,4.0,,,coffee,1.0,,,51.0,53.0,38.0,,7.0,,,,18.0,,,,,2.0,2.0,4.0
104,pm,2019-12-18,2.0,2.0,4.0,1.0,4.0,4,4,2.0,4.0,3,4.0,2.0,coffee,1.0,coffee,1.0,,,90.0,12.0,53.0,10.0,22.0,,,,11.0,,,61.0,,4.0,0.0,4.0
104,pm,2019-12-19,4.0,0.0,4.0,2.0,4.0,4,4,1.0,2.0,3,2.0,2.0,,,tea,1.0,,,58.0,13.0,10.0,22.0,,,,,9.0,25.0,,40.0,,4.0,0.0,4.0
104,pm,2019-12-20,4.0,0.0,4.0,2.0,4.0,3,3,2.0,4.0,3,3.0,4.0,,,,,,,3.0,9.0,61.0,93.0,44.0,,,,61.0,7.0,,97.0,,4.0,0.0,4.0
104,pm,2019-12-21,4.0,0.0,4.0,4.0,3.0,4,5,1.0,2.0,3,4.0,3.0,coffee,1.0,coffee,,soju,2.0,,28.0,75.0,,,,,16.0,46.0,,,70.0,,4.0,5.0,4.0
104,pm,2019-12-23,4.0,5.0,4.0,1.0,4.0,3,4,2.0,4.0,2,3.0,4.0,coffee,2.0,,,soju,3.0,122.0,56.0,,26.0,9.0,,,,13.0,,,48.0,,,,
120,pm,2020-01-18,5.0,0.0,4.0,3.0,3.0,4,4,2.0,4.0,1,4.0,2.0,,,,,,,96.0,44.0,15.0,,,,,,61.0,,,,,4.0,0.0,2.0
120,pm,2020-01-19,4.0,0.0,2.0,3.0,3.0,4,4,2.0,4.0,2,2.0,2.0,,,,,,,516.0,96.0,41.0,,29.0,,,,22.0,,,,,4.0,9.0,4.0
120,pm,2020-01-20,4.0,9.0,4.0,2.0,3.0,3,3,2.0,4.0,2,3.0,2.0,,,,,,,,68.0,58.0,38.0,,,,,,,,,,4.0,0.0,4.0
120,pm,2020-01-21,4.0,0.0,4.0,2.0,3.0,3,5,2.0,4.0,3,2.0,4.0,,,,,,,,,36.0,4.0,14.0,,,353.0,,137.0,100.0,,,4.0,0.0,4.0
120,pm,2020-01-22,4.0,0.0,4.0,2.0,3.0,3,4,2.0,4.0,1,4.0,2.0,,,,,,,,163.0,27.0,153.0,70.0,,,,18.0,228.0,61.0,,,3.0,9.0,2.0
120,pm,2020-01-23,3.0,9.0,2.0,2.0,3.0,4,5,2.0,2.0,3,3.0,4.0,,,,,soju,1.0,,178.0,277.0,,71.0,,,98.0,24.0,,,,,4.0,0.0,4.0
120,pm,2020-01-24,4.0,0.0,4.0,2.0,3.0,4,5,2.0,2.0,3,3.0,4.0,,,,,,,,333.0,127.0,,245.0,,,,34.0,,,,,4.0,5.0,2.0
120,pm,2020-01-25,4.0,5.0,2.0,2.0,3.0,4,2,2.0,3.0,4,3.0,2.0,,,,,,,557.0,128.0,32.0,,,,,,,,,,,4.0,9.0,3.0
120,pm,2020-01-29,4.0,9.0,3.0,3.0,4.0,3,5,2.0,4.0,1,2.0,2.0,,,,,,,11.0,268.0,110.0,205.0,66.0,,,,37.0,,17.0,,,3.0,0.0,4.0
120,pm,2020-01-30,3.0,0.0,4.0,2.0,3.0,3,3,2.0,4.0,1,2.0,4.0,,,,,,,389.0,133.0,86.0,,118.0,,,,22.0,,,,,4.0,0.0,4.0
120,pm,2020-02-05,4.0,0.0,4.0,3.0,3.0,4,4,2.0,4.0,3,3.0,4.0,,,,,,,,10.0,84.0,,314.0,,,130.0,49.0,,16.0,,,4.0,0.0,4.0
120,pm,2020-02-06,4.0,0.0,4.0,2.0,3.0,3,4,2.0,2.0,3,3.0,4.0,,,,,,,,76.0,168.0,,415.0,,,,43.0,,,,,4.0,0.0,4.0
120,pm,2020-02-07,4.0,0.0,4.0,2.0,3.0,3,2,2.0,2.0,3,3.0,3.0,,,,,,,,87.0,52.0,187.0,157.0,,,,8.0,,,,,4.0,0.0,3.0
120,pm,2020-02-08,4.0,0.0,3.0,3.0,4.0,4,4,2.0,2.0,3,3.0,2.0,,,,,soju,1.0,,167.0,250.0,,98.0,,8.0,35.0,91.0,39.0,,,,,,
120,pm,2020-02-10,4.0,0.0,4.0,3.0,4.0,3,4,2.0,2.0,2,3.0,4.0,,,,,,,,40.0,195.0,,367.0,,,,10.0,,110.0,,13.0,3.0,0.0,4.0
120,pm,2020-02-11,3.0,0.0,4.0,2.0,3.0,3,4,2.0,4.0,1,3.0,2.0,,,,,,,,152.0,26.0,,29.0,,94.0,10.0,98.0,,,,,3.0,0.0,4.0
120,pm,2020-02-12,3.0,0.0,4.0,2.0,3.0,4,5,2.0,4.0,3,3.0,2.0,,,,,,,,156.0,83.0,,170.0,,,,45.0,,19.0,,,,,
103,pm,2020-01-04,4.0,0.0,4.0,3.0,4.0,5,2,1.0,3.0,3,3.0,3.0,,,,,,,,27.0,,,,,283.0,,,,,,,5.0,0.0,4.0
103,pm,2020-01-05,5.0,0.0,4.0,3.0,4.0,5,3,1.0,3.0,3,3.0,3.0,,,coffee,1.0,,,,102.0,,,60.0,,,,,,,,,5.0,0.0,4.0
103,pm,2020-01-07,5.0,0.0,4.0,4.0,4.0,5,3,2.0,3.0,3,3.0,4.0,,,,,,,,15.0,40.0,172.0,83.0,,,,,,,,,2.0,0.0,4.0
103,pm,2020-01-08,2.0,0.0,4.0,2.0,2.0,5,4,1.0,4.0,3,2.0,4.0,,,,,,,,131.0,179.0,1.0,44.0,111.0,,,,,,6.0,,2.0,1.0,4.0
103,pm,2020-01-09,2.0,1.0,4.0,2.0,2.0,4,4,2.0,3.0,3,3.0,3.0,,,,,beer,1.0,,,121.0,,297.0,,,,,,,102.0,57.0,2.0,5.0,2.0
103,pm,2020-01-11,2.0,5.0,2.0,2.0,4.0,4,2,2.0,3.0,3,3.0,4.0,,,coffee,1.0,,,,,76.0,188.0,264.0,,60.0,,,,40.0,,,4.0,1.0,4.0
103,pm,2020-01-12,4.0,1.0,4.0,2.0,4.0,2,2,2.0,4.0,4,3.0,3.0,,,,,,,17.0,201.0,22.0,,1.0,,,,,4.0,,,,2.0,5.0,4.0
103,pm,2020-01-13,2.0,5.0,4.0,2.0,3.0,3,4,2.0,4.0,2,3.0,4.0,,,coffee,1.0,,,73.0,281.0,37.0,20.0,,,,18.0,,28.0,,48.0,,4.0,5.0,4.0
103,pm,2020-01-14,4.0,5.0,4.0,3.0,3.0,4,4,2.0,3.0,3,4.0,4.0,,,coffee,1.0,,,,44.0,,131.0,257.0,,,,27.0,21.0,,,,1.0,1.0,4.0
103,pm,2020-01-15,1.0,1.0,4.0,2.0,4.0,5,4,2.0,3.0,4,3.0,3.0,,,,,,,81.0,8.0,42.0,,15.0,,,129.0,,64.0,,,,5.0,0.0,2.0
103,pm,2020-01-16,5.0,0.0,2.0,2.0,4.0,5,4,2.0,4.0,2,3.0,3.0,,,,,,,,146.0,174.0,,63.0,,,,10.0,35.0,24.0,132.0,,,,
114,pm,2019-12-07,4.0,6.0,4.0,2.0,3.0,5,5,2.0,4.0,3,1.0,4.0,,,coffee,1.0,,,,86.0,86.0,562.0,58.0,,,,,,,,,4.0,2.0,2.0
114,pm,2019-12-08,4.0,2.0,2.0,3.0,3.0,4,4,2.0,3.0,3,4.0,4.0,,,,,,,,177.0,15.0,192.0,291.0,,,,10.0,,,,,4.0,0.0,4.0
114,pm,2019-12-09,4.0,0.0,4.0,4.0,5.0,5,5,2.0,4.0,3,4.0,4.0,,,,,,,,176.0,92.0,269.0,,76.0,84.0,,,,,,,5.0,0.0,4.0
114,pm,2019-12-10,5.0,0.0,4.0,5.0,5.0,5,5,2.0,4.0,3,4.0,4.0,coffee,1.0,,,,,,238.0,97.0,282.0,,92.0,,,,,,,,3.0,0.0,2.0
114,pm,2019-12-11,3.0,0.0,2.0,2.0,3.0,5,5,2.0,4.0,3,3.0,4.0,coffee,1.0,,,,,,33.0,156.0,315.0,59.0,26.0,,,,,,,,4.0,1.0,2.0
114,pm,2019-12-12,4.0,1.0,2.0,3.0,3.0,4,5,2.0,4.0,3,3.0,4.0,,,coffee,1.0,,,,153.0,203.0,283.0,2.0,,,,,,,,,4.0,0.0,2.0
114,pm,2019-12-13,4.0,0.0,2.0,4.0,4.0,5,5,2.0,3.0,3,3.0,4.0,,,coffee,2.0,,,,383.0,97.0,93.0,17.0,,,,34.0,,,,,3.0,1.0,2.0
114,pm,2019-12-14,3.0,1.0,2.0,3.0,2.0,5,4,2.0,4.0,3,3.0,3.0,,,coffee,1.0,,,,86.0,21.0,453.0,92.0,,,,14.0,,,,,3.0,6.0,4.0
114,pm,2019-12-15,3.0,6.0,4.0,3.0,2.0,5,4,2.0,4.0,3,3.0,3.0,,,coffee,1.0,beer,1.0,,133.0,37.0,395.0,93.0,,,,14.0,,,,,3.0,9.0,2.0
114,pm,2019-12-16,3.0,9.0,2.0,4.0,3.0,3,2,2.0,4.0,3,4.0,3.0,,,,,,,,195.0,19.0,243.0,129.0,,,,,,,,,3.0,0.0,2.0
114,pm,2019-12-17,3.0,0.0,2.0,3.0,3.0,2,2,2.0,4.0,3,3.0,4.0,coffee,1.0,,,,,,133.0,56.0,329.0,79.0,,,,,,,,,4.0,0.0,2.0
114,pm,2019-12-18,4.0,0.0,2.0,3.0,4.0,4,3,2.0,4.0,3,3.0,4.0,,,coffee,1.0,,,,126.0,113.0,453.0,,,,,26.0,,,,,,,
114,pm,2019-12-21,4.0,0.0,2.0,4.0,4.0,5,5,2.0,4.0,3,3.0,4.0,,,,,,,,274.0,,119.0,90.0,,92.0,,82.0,,,,,4.0,0.0,3.0
114,pm,2019-12-22,4.0,0.0,3.0,4.0,4.0,5,5,1.0,3.0,3,4.0,4.0,,,,,,,,203.0,51.0,107.0,,,,,,,,,,,,
101,pm,2020-01-02,5.0,9.0,4.0,4.0,4.0,4,3,2.0,3.0,3,2.0,4.0,,,,,,,351.0,214.0,92.0,46.0,40.0,,,,,,,,,5.0,9.0,4.0
101,pm,2020-01-03,5.0,9.0,4.0,4.0,4.0,4,3,2.0,3.0,3,3.0,3.0,,,,,,,218.0,386.0,61.0,,,,,,,,,,,5.0,9.0,4.0
101,pm,2020-01-04,5.0,9.0,4.0,4.0,4.0,4,4,2.0,4.0,3,3.0,4.0,,,,,,,,,87.0,,626.0,1.0,,,,,,,,2.0,1.0,4.0
101,pm,2020-01-05,2.0,1.0,4.0,2.0,2.0,4,2,1.0,4.0,3,3.0,4.0,,,,,,,,131.0,53.0,131.0,379.0,,23.0,3.0,,,,,,5.0,9.0,4.0
101,pm,2020-01-06,5.0,9.0,4.0,2.0,4.0,4,2,2.0,4.0,3,3.0,4.0,,,,,,,,,,,,,,,,,,,,5.0,1.0,4.0
101,pm,2020-01-08,5.0,1.0,4.0,3.0,3.0,4,1,2.0,3.0,3,4.0,4.0,,,,,,,148.0,285.0,129.0,94.0,,,,,,,,,,3.0,1.0,4.0
101,pm,2020-01-09,3.0,1.0,4.0,2.0,3.0,4,3,2.0,3.0,3,3.0,3.0,,,,,,,301.0,168.0,244.0,,,,,,,,,,,4.0,0.0,4.0
101,pm,2020-01-10,4.0,0.0,4.0,2.0,3.0,4,3,2.0,3.0,3,4.0,4.0,,,,,,,248.0,229.0,126.0,,20.0,,,,,,,,,4.0,9.0,4.0
101,pm,2020-01-11,4.0,9.0,4.0,4.0,4.0,4,3,1.0,4.0,3,3.0,4.0,,,,,,,,,247.0,,465.0,,,,,,,,,4.0,0.0,4.0
101,pm,2020-01-12,4.0,0.0,4.0,4.0,4.0,4,3,1.0,4.0,3,3.0,4.0,,,,,,,141.0,108.0,59.0,209.0,128.0,,,,63.0,,,,,,,
115,pm,2019-12-20,4.0,0.0,4.0,4.0,4.0,3,2,2.0,4.0,2,2.0,4.0,,,,,,,319.0,73.0,22.0,,301.0,,,,,,,,,4.0,0.0,4.0
115,pm,2019-12-21,4.0,0.0,4.0,4.0,3.0,4,4,2.0,4.0,3,3.0,4.0,,,,,,,,221.0,93.0,,123.0,,,176.0,,,,,,3.0,0.0,2.0
115,pm,2019-12-22,3.0,0.0,2.0,3.0,3.0,4,4,1.0,4.0,3,3.0,4.0,,,,,,,,107.0,116.0,367.0,157.0,,,46.0,,,,,,2.0,2.0,2.0
115,pm,2019-12-23,2.0,2.0,2.0,2.0,3.0,4,4,2.0,4.0,3,2.0,4.0,,,,,,,,138.0,120.0,,160.0,29.0,,181.0,,,,,,2.0,9.0,4.0
115,pm,2019-12-24,2.0,9.0,4.0,2.0,3.0,3,3,1.0,2.0,3,2.0,4.0,,,,,,,361.0,116.0,58.0,,509.0,,,,,,,,,4.0,0.0,2.0
115,pm,2019-12-25,4.0,0.0,2.0,4.0,3.0,3,4,2.0,4.0,2,3.0,2.0,,,,,,,10.0,203.0,116.0,66.0,125.0,,,,,,,,,,,
115,pm,2019-12-28,3.0,0.0,1.0,2.0,3.0,4,4,2.0,4.0,2,3.0,2.0,,,,,,,,226.0,78.0,,454.0,,,85.0,84.0,,,,,4.0,0.0,2.0
115,pm,2019-12-30,4.0,0.0,2.0,4.0,4.0,4,4,2.0,2.0,4,2.0,2.0,,,,,,,55.0,80.0,58.0,,564.0,,,37.0,43.0,,,,,2.0,2.0,4.0
115,pm,2019-12-31,2.0,2.0,4.0,2.0,3.0,3,3,2.0,2.0,2,3.0,4.0,,,,,,,,152.0,169.0,204.0,288.0,,,,,,,,,3.0,0.0,2.0
115,pm,2020-01-02,3.0,0.0,2.0,4.0,2.0,3,3,2.0,2.0,2,2.0,4.0,,,,,,,,72.0,149.0,,342.0,,,,32.0,251.0,,,,3.0,0.0,2.0
115,pm,2020-01-04,3.0,0.0,2.0,2.0,3.0,3,3,2.0,2.0,2,2.0,4.0,,,,,,,,418.0,155.0,,99.0,,,132.0,12.0,141.0,,,,3.0,0.0,2.0
115,pm,2020-01-05,3.0,0.0,2.0,2.0,3.0,3,4,2.0,4.0,2,2.0,4.0,,,,,,,,135.0,82.0,159.0,365.0,91.0,,,64.0,,,,,,,
110,pm,2019-12-18,5.0,0.0,2.0,4.0,4.0,4,4,2.0,3.0,3,3.0,4.0,,,,,,,50.0,54.0,178.0,,172.0,,,,215.0,,,,,4.0,3.0,2.0
110,pm,2019-12-22,4.0,3.0,2.0,2.0,3.0,3,2,2.0,4.0,4,2.0,4.0,,,,,,,249.0,211.0,7.0,,,,,,200.0,,18.0,,,5.0,0.0,4.0
110,pm,2019-12-23,5.0,0.0,4.0,2.0,3.0,3,2,2.0,2.0,3,3.0,4.0,,,,,,,286.0,208.0,217.0,,58.0,,,,,,21.0,,,4.0,0.0,4.0
110,pm,2019-12-25,4.0,0.0,4.0,2.0,3.0,4,5,1.0,3.0,3,3.0,3.0,,,,,,,,151.0,149.0,,1.0,,,,,,277.0,1.0,,4.0,3.0,2.0
110,pm,2019-12-26,4.0,3.0,2.0,3.0,3.0,2,3,2.0,3.0,3,3.0,3.0,,,,,,,,289.0,17.0,,91.0,,,,69.0,,,,176.0,4.0,0.0,2.0
110,pm,2020-01-09,4.0,0.0,2.0,3.0,1.0,4,3,2.0,3.0,3,3.0,4.0,,,,,,,,8.0,63.0,,20.0,,,,133.0,,149.0,,,4.0,9.0,4.0
110,pm,2020-01-11,4.0,9.0,4.0,4.0,3.0,3,2,2.0,3.0,3,3.0,3.0,,,,,,,,,,,2.0,,,,184.0,1.0,,1.0,,4.0,9.0,2.0
110,pm,2020-01-12,4.0,9.0,2.0,3.0,3.0,3,3,2.0,3.0,3,3.0,3.0,,,,,,,,,,,141.0,,,,31.0,,54.0,,,,,
110,pm,2020-01-14,4.0,9.0,3.0,3.0,3.0,3,3,2.0,4.0,3,3.0,4.0,,,,,,,,,2.0,,,,52.0,,,3.0,,,1.0,4.0,9.0,2.0
110,pm,2020-01-15,4.0,9.0,2.0,4.0,3.0,3,3,1.0,4.0,3,3.0,3.0,,,,,,,,,,,416.0,,,,,,23.0,,,,,
113,pm,2020-01-02,4.0,0.0,4.0,4.0,4.0,4,4,2.0,2.0,3,3.0,4.0,,,,,,,,47.0,36.0,12.0,674.0,,,7.0,,,,,,3.0,2.0,4.0
113,pm,2020-01-03,3.0,2.0,4.0,3.0,4.0,3,4,2.0,2.0,2,3.0,4.0,,,,,,,,,107.0,,521.0,,,155.0,,57.0,,,,4.0,3.0,4.0
113,pm,2020-01-05,4.0,3.0,4.0,4.0,3.0,4,5,2.0,2.0,3,2.0,4.0,,,,,,,,,52.0,,225.0,,,161.0,,,,,,4.0,0.0,4.0
113,pm,2020-01-07,4.0,0.0,4.0,3.0,4.0,4,5,2.0,2.0,3,2.0,4.0,,,,,,,,25.0,,,235.0,,,,,566.0,,30.0,,4.0,0.0,4.0
113,pm,2020-01-09,4.0,0.0,4.0,3.0,3.0,3,5,2.0,2.0,3,2.0,4.0,,,,,,,,325.0,1.0,,,,,,,4.0,,224.0,,4.0,0.0,4.0
113,pm,2020-01-10,4.0,0.0,4.0,3.0,3.0,4,5,2.0,2.0,2,3.0,4.0,,,,,,,,,9.0,,,,,,,732.0,,,,3.0,0.0,4.0
113,pm,2020-01-11,3.0,0.0,4.0,3.0,4.0,4,5,2.0,2.0,3,3.0,4.0,,,,,,,,12.0,243.0,,,,,481.0,,60.0,,,,3.0,1.0,4.0
113,pm,2020-01-12,3.0,1.0,4.0,3.0,3.0,3,3,2.0,2.0,3,3.0,4.0,,,,,,,,,,,,,,,,583.0,,,,,,
113,pm,2020-01-14,3.0,1.0,4.0,3.0,4.0,4,3,2.0,2.0,3,3.0,2.0,,,,,,,,,,,8.0,,,68.0,,613.0,,,,4.0,0.0,4.0
113,pm,2020-01-15,4.0,0.0,4.0,4.0,4.0,4,3,2.0,2.0,3,3.0,4.0,,,,,,,,,27.0,,,,,,,773.0,,,,4.0,0.0,4.0
113,pm,2020-01-16,4.0,0.0,4.0,4.0,4.0,3,3,2.0,2.0,3,3.0,4.0,,,,,,,,,183.0,,,,,,,659.0,,,,4.0,0.0,4.0
113,pm,2020-01-17,4.0,0.0,4.0,4.0,4.0,4,5,2.0,2.0,3,2.0,4.0,,,,,,,,36.0,27.0,,,,,,,576.0,,,,4.0,0.0,4.0
113,pm,2020-01-18,4.0,0.0,4.0,3.0,3.0,4,4,2.0,2.0,3,3.0,4.0,,,,,,,,,182.0,,,,,,,628.0,,,,4.0,0.0,4.0
113,pm,2020-01-19,4.0,0.0,4.0,3.0,3.0,3,3,2.0,2.0,2,3.0,1.0,,,,,,,,116.0,299.0,,,,,312.0,,,,,,,,
108,pm,2019-12-10,3.0,6.0,2.0,2.0,2.0,2,1,1.0,1.0,2,3.0,4.0,,,coffee,1.0,,,205.0,39.0,24.0,131.0,276.0,,,,,7.0,,,,3.0,6.0,4.0
108,pm,2019-12-11,3.0,6.0,4.0,3.0,3.0,2,4,2.0,3.0,1,2.0,4.0,,,,,,,,67.0,11.0,,185.0,,,,3.0,234.0,,,,4.0,6.0,4.0
108,pm,2019-12-12,4.0,6.0,4.0,4.0,2.0,4,4,2.0,4.0,2,4.0,2.0,,,coffee,1.0,,,77.0,12.0,13.0,,330.0,,,,57.0,159.0,,1.0,,2.0,0.0,4.0
108,pm,2019-12-13,2.0,0.0,4.0,1.0,2.0,3,4,2.0,4.0,3,3.0,4.0,,,coffee,1.0,,,1.0,76.0,53.0,,232.0,7.0,,11.0,,9.0,,,,2.0,6.0,4.0
108,pm,2019-12-14,2.0,6.0,4.0,2.0,4.0,3,2,1.0,4.0,2,2.0,4.0,coffee,1.0,,,,,223.0,150.0,125.0,,52.0,,,,46.0,,,,,3.0,5.0,4.0
108,pm,2019-12-15,3.0,5.0,4.0,3.0,4.0,3,2,1.0,4.0,3,3.0,4.0,,,coffee,1.0,,,364.0,152.0,42.0,,4.0,,,,23.0,1.0,,,,2.0,0.0,2.0
108,pm,2019-12-16,2.0,0.0,2.0,1.0,2.0,4,4,2.0,4.0,3,4.0,2.0,,,coffee,1.0,,,,15.0,22.0,,22.0,,,151.0,46.0,59.0,,15.0,,3.0,0.0,4.0
108,pm,2019-12-17,3.0,0.0,4.0,2.0,2.0,3,4,2.0,4.0,2,2.0,4.0,,,coffee,1.0,,,36.0,124.0,35.0,,102.0,,,177.0,34.0,,,,,4.0,0.0,2.0
108,pm,2019-12-18,4.0,0.0,2.0,4.0,3.0,3,5,2.0,4.0,3,2.0,3.0,,,coffee,2.0,,,,268.0,11.0,,29.0,,,221.0,12.0,,,,,3.0,5.0,4.0
108,pm,2019-12-19,3.0,5.0,4.0,2.0,3.0,1,1,2.0,4.0,3,2.0,1.0,,,coffee,1.0,,,,70.0,19.0,,388.0,,,,47.0,,,,,2.0,1.0,4.0
108,pm,2019-12-20,2.0,1.0,4.0,2.0,2.0,5,5,2.0,4.0,1,3.0,4.0,,,coffee,1.0,,,330.0,150.0,39.0,,279.0,,,1.0,,1.0,,,,3.0,5.0,2.0
108,pm,2019-12-21,3.0,5.0,2.0,2.0,3.0,5,5,2.0,4.0,3,3.0,4.0,,,coffee,1.0,,,285.0,71.0,102.0,,287.0,,,,,,,,,2.0,7.0,1.0
108,pm,2019-12-22,2.0,7.0,1.0,2.0,2.0,4,5,2.0,4.0,3,2.0,2.0,,,coffee,1.0,,,,128.0,84.0,,185.0,,,,12.0,,102.0,,,3.0,6.0,4.0
108,pm,2019-12-23,3.0,6.0,4.0,2.0,3.0,4,2,2.0,4.0,3,3.0,4.0,,,coffee,1.0,,,431.0,152.0,33.0,,179.0,,,,14.0,,,,,,,
119,pm,2020-01-22,5.0,0.0,4.0,4.0,4.0,4,4,2.0,3.0,3,3.0,4.0,,,,,,,102.0,19.0,80.0,,15.0,133.0,,50.0,114.0,,,,,4.0,0.0,4.0
119,pm,2020-01-23,4.0,0.0,4.0,4.0,4.0,5,5,2.0,3.0,3,3.0,3.0,coffee,1.0,,,,,,382.0,,,,125.0,,,28.0,,,,,3.0,3.0,4.0
119,pm,2020-01-24,3.0,3.0,4.0,4.0,4.0,4,4,2.0,3.0,3,3.0,3.0,,,,,,,80.0,161.0,98.0,9.0,312.0,,,59.0,,,,,,4.0,0.0,4.0
119,pm,2020-01-25,4.0,0.0,4.0,4.0,4.0,4,4,2.0,3.0,3,3.0,4.0,,,,,,,60.0,189.0,119.0,,212.0,56.0,,96.0,14.0,,,,,4.0,0.0,4.0
119,pm,2020-01-26,4.0,0.0,4.0,4.0,4.0,5,4,2.0,3.0,3,3.0,4.0,,,,,,,,83.0,50.0,,114.0,14.0,,221.0,153.0,,,,,4.0,0.0,4.0
119,pm,2020-01-27,4.0,0.0,4.0,5.0,5.0,5,4,2.0,3.0,3,3.0,4.0,,,,,,,,318.0,,,,,,212.0,153.0,,,,,4.0,0.0,4.0
119,pm,2020-01-28,4.0,0.0,4.0,4.0,4.0,3,4,2.0,3.0,3,3.0,4.0,,,,,,,,145.0,23.0,,243.0,,,32.0,80.0,,,,,4.0,0.0,4.0
119,pm,2020-01-29,4.0,0.0,4.0,4.0,4.0,4,4,2.0,3.0,3,3.0,4.0,,,,,,,11.0,83.0,35.0,,32.0,,,,14.0,,,,,5.0,0.0,4.0
119,pm,2020-01-31,5.0,0.0,4.0,5.0,4.0,4,5,2.0,3.0,3,3.0,4.0,,,,,,,154.0,65.0,79.0,42.0,123.0,31.0,,,47.0,,,,,4.0,0.0,4.0
119,pm,2020-02-01,4.0,0.0,4.0,5.0,4.0,4,4,2.0,3.0,3,3.0,4.0,,,,,,,154.0,79.0,,,217.0,181.0,,28.0,,,,,,4.0,0.0,4.0
119,pm,2020-02-02,4.0,0.0,4.0,4.0,4.0,4,4,2.0,3.0,3,3.0,4.0,,,,,,,68.0,,34.0,193.0,91.0,53.0,,141.0,37.0,,1.0,,,4.0,0.0,4.0
119,pm,2020-02-03,4.0,0.0,4.0,5.0,4.0,4,4,2.0,3.0,3,3.0,4.0,,,,,,,238.0,104.0,,1.0,,,,142.0,79.0,,,,,2.0,2.0,4.0
119,pm,2020-02-04,2.0,2.0,4.0,4.0,2.0,4,4,2.0,3.0,3,3.0,4.0,,,,,,,194.0,59.0,161.0,,59.0,68.0,,,,,94.0,,,4.0,0.0,4.0
119,pm,2020-02-05,4.0,0.0,4.0,4.0,4.0,5,3,2.0,3.0,3,3.0,4.0,,,,,,,185.0,33.0,,,100.0,,,182.0,,,22.0,,,,,
111,pm,2019-12-05,4.0,0.0,4.0,2.0,3.0,2,3,1.0,2.0,2,2.0,2.0,coffee,1.0,,,soju,2.0,,,,,,,,,,,,,,2.0,5.0,4.0
111,pm,2019-12-06,2.0,5.0,4.0,1.0,1.0,4,2,2.0,4.0,3,3.0,4.0,coffee,1.0,,,,,,354.0,,300.0,,,,,,,,,,4.0,0.0,4.0
111,pm,2019-12-07,4.0,0.0,4.0,4.0,3.0,4,2,2.0,4.0,3,3.0,4.0,coffee,1.0,,,soju&beer,2.0,,327.0,,358.0,51.0,,,,,,,,,2.0,0.0,4.0
111,pm,2019-12-08,2.0,0.0,4.0,2.0,2.0,3,2,2.0,4.0,3,4.0,4.0,coffee,1.0,coffee,1.0,,,,289.0,,411.0,62.0,,,,,,,,,4.0,0.0,2.0
111,pm,2019-12-10,4.0,0.0,2.0,4.0,4.0,3,1,2.0,4.0,3,3.0,4.0,coffee,1.0,,,,,,255.0,,424.0,18.0,,,,,,,,,4.0,0.0,4.0
111,pm,2019-12-11,4.0,0.0,4.0,2.0,2.0,3,2,2.0,4.0,3,3.0,4.0,coffee,1.0,,,,,,127.0,,282.0,16.0,,,,,,,,,4.0,0.0,4.0
111,pm,2019-12-12,4.0,0.0,4.0,2.0,2.0,2,2,2.0,4.0,3,3.0,4.0,coffee,1.0,,,,,,265.0,,480.0,33.0,,,,,,,,,3.0,0.0,4.0
111,pm,2019-12-13,3.0,0.0,4.0,2.0,2.0,2,1,2.0,3.0,3,4.0,4.0,,,,,,,,329.0,,267.0,13.0,,,,,,,,,2.0,0.0,1.0
111,pm,2019-12-14,2.0,0.0,1.0,3.0,3.0,3,2,2.0,4.0,3,3.0,4.0,coffee,1.0,,,,,,213.0,,162.0,162.0,,,,,,,,,4.0,0.0,4.0
111,pm,2019-12-16,4.0,0.0,4.0,1.0,3.0,2,2,2.0,4.0,3,4.0,4.0,coffee,1.0,,,,,,236.0,,426.0,43.0,,,,,,,,,2.0,0.0,2.0
111,pm,2019-12-17,2.0,0.0,2.0,1.0,2.0,2,2,2.0,3.0,4,3.0,4.0,coffee,1.0,,,,,,226.0,,304.0,8.0,,,,,,,,,2.0,0.0,4.0
111,pm,2019-12-18,2.0,0.0,4.0,1.0,2.0,2,1,2.0,4.0,4,3.0,4.0,coffee,1.0,,,,,,170.0,,356.0,120.0,,,,,,,,,,,
106,pm,2020-02-01,5.0,0.0,4.0,4.0,4.0,5,4,2.0,3.0,3,3.0,4.0,,,,,,,,83.0,16.0,2.0,183.0,59.0,,52.0,,,,,,5.0,0.0,4.0
106,pm,2020-02-02,5.0,0.0,4.0,5.0,4.0,5,5,2.0,3.0,3,3.0,4.0,,,,,,,4.0,191.0,118.0,,32.0,,46.0,,,,,,,5.0,0.0,4.0
106,pm,2020-02-03,5.0,0.0,4.0,4.0,5.0,5,5,1.0,3.0,3,3.0,4.0,,,,,soju,3.0,284.0,146.0,28.0,,94.0,80.0,,,,,,,,5.0,0.0,4.0
106,pm,2020-02-07,5.0,0.0,4.0,5.0,5.0,5,5,2.0,3.0,3,3.0,3.0,,,,,,,187.0,185.0,109.0,,9.0,,27.0,,,,,,,5.0,0.0,4.0
106,pm,2020-02-08,5.0,0.0,4.0,5.0,5.0,5,5,2.0,3.0,3,3.0,4.0,,,,,,,,211.0,230.0,,110.0,,14.0,,,,,,,5.0,0.0,4.0
106,pm,2020-02-09,5.0,0.0,4.0,4.0,5.0,5,5,2.0,3.0,3,3.0,4.0,,,,,,,,12.0,57.0,,170.0,,,,,,,,,5.0,0.0,4.0
106,pm,2020-02-10,5.0,0.0,4.0,5.0,5.0,5,5,2.0,3.0,3,3.0,4.0,,,,,,,477.0,179.0,46.0,,117.0,,,,,,,,,4.0,2.0,4.0
106,pm,2020-02-15,4.0,2.0,4.0,4.0,4.0,5,5,1.0,3.0,3,3.0,3.0,,,,,soju,2.0,36.0,209.0,12.0,,232.0,,,,75.0,,26.0,,,,,
102,pm,2019-12-09,3.0,1.0,4.0,3.0,3.0,4,4,2.0,4.0,3,3.0,4.0,,,,,,,,,55.0,297.0,27.0,,,,,170.0,75.0,41.0,,3.0,2.0,4.0
102,pm,2019-12-10,3.0,2.0,4.0,3.0,3.0,4,4,2.0,4.0,3,3.0,4.0,,,,,,,,121.0,72.0,266.0,107.0,,,,,72.0,63.0,,,3.0,1.0,2.0
102,pm,2019-12-11,3.0,1.0,2.0,4.0,3.0,4,4,2.0,4.0,3,3.0,4.0,,,coffee,1.0,,,,107.0,46.0,159.0,9.0,,,,64.0,149.0,73.0,39.0,133.0,2.0,1.0,2.0
102,pm,2019-12-12,2.0,1.0,2.0,3.0,3.0,4,4,2.0,4.0,2,3.0,4.0,,,coffee,1.0,,,,180.0,44.0,419.0,32.0,,,,5.0,13.0,,,,4.0,1.0,4.0
102,pm,2019-12-13,4.0,1.0,4.0,3.0,4.0,4,4,2.0,3.0,3,3.0,4.0,,,,,,,,,65.0,356.0,,,,,23.0,41.0,134.0,78.0,,3.0,2.0,4.0
102,pm,2019-12-14,3.0,2.0,4.0,3.0,4.0,4,4,1.0,4.0,3,3.0,4.0,,,coffee,1.0,,,,285.0,78.0,,76.0,,92.0,,,57.0,,174.0,,4.0,2.0,4.0
102,pm,2019-12-15,4.0,2.0,4.0,2.0,2.0,4,5,1.0,3.0,3,3.0,3.0,,,,,,,,232.0,114.0,,21.0,,77.0,,83.0,,,,201.0,2.0,2.0,2.0
102,pm,2019-12-16,2.0,2.0,2.0,2.0,3.0,4,4,2.0,4.0,3,3.0,4.0,,,coffee,1.0,,,,253.0,53.0,376.0,29.0,,,,,25.0,,,,4.0,0.0,2.0
102,pm,2019-12-17,4.0,0.0,2.0,4.0,4.0,4,4,2.0,4.0,3,3.0,4.0,,,,,,,,,47.0,156.0,56.0,,,,,348.0,119.0,,,4.0,7.0,1.0
102,pm,2019-12-18,4.0,7.0,1.0,3.0,3.0,4,4,2.0,4.0,3,3.0,4.0,,,coffee,1.0,,,,44.0,94.0,346.0,52.0,,,,62.0,77.0,15.0,,,4.0,0.0,2.0
102,pm,2019-12-20,4.0,0.0,2.0,3.0,4.0,4,4,2.0,4.0,3,3.0,3.0,,,,,,,,176.0,62.0,,64.0,,34.0,,132.0,192.0,18.0,,,4.0,1.0,4.0
102,pm,2019-12-21,4.0,1.0,4.0,4.0,4.0,4,4,2.0,4.0,3,3.0,3.0,,,coffee,1.0,,,,67.0,55.0,,,,,,42.0,134.0,30.0,107.0,267.0,4.0,1.0,4.0
102,pm,2019-12-22,4.0,1.0,4.0,3.0,3.0,4,4,2.0,4.0,3,3.0,4.0,,,coffee,1.0,,,,39.0,61.0,25.0,18.0,,,,4.0,31.0,66.0,254.0,245.0,4.0,1.0,2.0
102,pm,2019-12-23,4.0,1.0,2.0,4.0,3.0,4,4,2.0,4.0,3,3.0,4.0,,,,,,,,202.0,59.0,,48.0,,151.0,63.0,37.0,69.0,,109.0,,,,
109,pm,2019-12-06,2.0,0.0,4.0,4.0,5.0,4,4,1.0,4.0,3,3.0,4.0,,,coffee,1.0,,,,313.0,27.0,47.0,253.0,,,,,,,,,4.0,5.0,4.0
109,pm,2019-12-07,4.0,5.0,4.0,4.0,4.0,3,2,1.0,4.0,2,3.0,4.0,tea,1.0,coffee,1.0,,,215.0,7.0,53.0,,313.0,,,,,,9.0,,,3.0,0.0,4.0
109,pm,2019-12-08,3.0,0.0,4.0,2.0,3.0,3,2,2.0,4.0,3,2.0,4.0,,,,,,,268.0,28.0,,10.0,23.0,,,,,74.0,,,,4.0,0.0,4.0
109,pm,2019-12-14,4.0,0.0,4.0,3.0,4.0,4,3,1.0,4.0,3,4.0,3.0,tea,1.0,coffee,1.0,,,,67.0,32.0,417.0,148.0,,,,,,45.0,,,2.0,5.0,4.0
109,pm,2019-12-15,2.0,5.0,4.0,2.0,2.0,2,1,2.0,4.0,2,2.0,4.0,,,coffee,1.0,,,,190.0,84.0,207.0,,,,,,,39.0,,163.0,2.0,5.0,4.0
109,pm,2019-12-16,2.0,5.0,4.0,2.0,2.0,2,2,2.0,4.0,2,3.0,4.0,,,,,,,,149.0,57.0,355.0,116.0,,,,,,36.0,,,4.0,0.0,4.0
109,pm,2019-12-17,4.0,0.0,4.0,4.0,4.0,2,1,2.0,4.0,4,3.0,4.0,,,,,,,,68.0,51.0,391.0,197.0,,,,,,6.0,,,4.0,0.0,4.0
109,pm,2019-12-18,4.0,0.0,4.0,2.0,2.0,2,1,1.0,4.0,4,3.0,4.0,,,,,,,,22.0,64.0,225.0,416.0,,,,,,7.0,,,,,
109,pm,2019-12-20,5.0,9.0,4.0,5.0,5.0,4,4,2.0,4.0,3,2.0,4.0,,,,,,,,157.0,47.0,127.0,165.0,,,,,,53.0,,152.0,4.0,0.0,4.0
109,pm,2019-12-21,4.0,0.0,4.0,4.0,4.0,4,4,2.0,4.0,3,4.0,4.0,,,,,,,302.0,66.0,22.0,,408.0,,,,,,,,,3.0,0.0,4.0
109,pm,2019-12-22,3.0,0.0,4.0,4.0,4.0,4,4,2.0,3.0,1,1.0,4.0,,,,,,,150.0,293.0,2.0,,22.0,,,,,,49.0,,187.0,,,
107,pm,2019-12-31,4.0,4.0,4.0,2.0,3.0,4,4,2.0,4.0,3,3.0,4.0,,,tea,1.0,,,355.0,42.0,17.0,,71.0,,,,57.0,,,,,4.0,4.0,4.0
107,pm,2020-01-02,4.0,4.0,4.0,2.0,4.0,5,4,2.0,3.0,2,3.0,4.0,coffee,2.0,,,,,205.0,111.0,76.0,,49.0,,,,67.0,,,,,4.0,0.0,2.0
107,pm,2020-01-03,4.0,0.0,2.0,4.0,4.0,3,2,2.0,3.0,3,3.0,4.0,,,,,,,99.0,81.0,26.0,,,,19.0,,38.0,,,,,4.0,4.0,4.0
107,pm,2020-01-04,4.0,4.0,4.0,4.0,4.0,5,4,2.0,4.0,3,3.0,3.0,,,coffee,1.0,beer,1.0,,82.0,133.0,41.0,146.0,,,45.0,58.0,,53.0,,,4.0,4.0,3.0
107,pm,2020-01-05,4.0,4.0,3.0,3.0,4.0,4,4,2.0,3.0,3,3.0,3.0,,,coffee,2.0,,,,53.0,137.0,,,,104.0,,81.0,,,,,4.0,0.0,3.0
107,pm,2020-01-06,4.0,0.0,3.0,4.0,4.0,5,5,2.0,3.0,3,3.0,3.0,,,,,,,131.0,434.0,47.0,,,,,,101.0,,,,,5.0,0.0,4.0
107,pm,2020-01-07,5.0,0.0,4.0,5.0,5.0,4,4,2.0,3.0,3,3.0,4.0,coffee,1.0,coffee,1.0,,,139.0,43.0,115.0,,246.0,,,,10.0,,,,,3.0,5.0,4.0
107,pm,2020-01-08,3.0,5.0,4.0,3.0,3.0,2,4,2.0,3.0,3,3.0,4.0,,,,,,,147.0,245.0,60.0,,23.0,,,,,21.0,,,,2.0,4.0,2.0
107,pm,2020-01-11,2.0,4.0,2.0,2.0,5.0,4,4,2.0,2.0,2,2.0,2.0,,,,,,,,2.0,66.0,,17.0,,25.0,,29.0,24.0,,,,4.0,0.0,2.0
107,pm,2020-01-13,4.0,0.0,2.0,4.0,4.0,4,4,2.0,2.0,2,2.0,4.0,,,,,,,278.0,135.0,75.0,87.0,72.0,,,,65.0,,,,,5.0,0.0,4.0
107,pm,2020-01-14,5.0,0.0,4.0,4.0,2.0,4,4,2.0,3.0,3,3.0,3.0,coffee,2.0,coffee,1.0,,,,,,,,,,,,,,,,4.0,0.0,2.0
107,pm,2020-01-15,4.0,0.0,2.0,4.0,4.0,4,4,2.0,3.0,2,3.0,4.0,,,coffee,1.0,,,282.0,169.0,87.0,,19.0,,,,92.0,,,,,4.0,5.0,4.0
107,pm,2020-01-16,4.0,5.0,4.0,2.0,2.0,4,4,2.0,3.0,3,3.0,3.0,,,coffee,1.0,,,309.0,15.0,125.0,70.0,,,,,44.0,,,,,,,
118,pm,2020-01-25,4.0,0.0,2.0,4.0,4.0,4,3,2.0,3.0,3,3.0,3.0,,,,,soju,1.0,,72.0,44.0,,201.0,,,,18.0,,,,,4.0,0.0,2.0
118,pm,2020-01-27,4.0,0.0,2.0,4.0,4.0,4,3,2.0,3.0,3,3.0,4.0,,,coffee,2.0,,,73.0,293.0,6.0,,74.0,,,,33.0,,3.0,,,3.0,2.0,4.0
118,pm,2020-01-28,3.0,2.0,4.0,3.0,2.0,4,2,2.0,3.0,3,3.0,4.0,,,coffee,1.0,beer,1.0,57.0,92.0,20.0,484.0,,,,,41.0,,,,,4.0,0.0,4.0
118,pm,2020-01-30,4.0,0.0,4.0,4.0,4.0,4,1,1.0,3.0,3,3.0,3.0,coffee,3.0,,,,,,40.0,,502.0,1.0,,,,,,26.0,,,3.0,0.0,2.0
118,pm,2020-01-31,3.0,0.0,2.0,1.0,2.0,3,3,2.0,3.0,3,3.0,3.0,coffee,3.0,,,soju,1.0,,433.0,,,,,,,,,,,,4.0,0.0,4.0
118,pm,2020-02-01,4.0,0.0,4.0,3.0,3.0,4,4,2.0,3.0,3,3.0,4.0,,,coffee,1.0,,,,202.0,39.0,,168.0,,,,,,30.0,57.0,,3.0,0.0,4.0
118,pm,2020-02-02,3.0,0.0,4.0,3.0,3.0,4,4,2.0,3.0,3,3.0,3.0,coffee,1.0,coffee,1.0,,,,69.0,12.0,,331.0,,,,37.0,,14.0,90.0,,4.0,0.0,4.0
118,pm,2020-02-03,4.0,0.0,4.0,4.0,3.0,3,3,2.0,3.0,3,3.0,4.0,,,,,,,,287.0,74.0,207.0,,,,,,,,,,4.0,0.0,2.0
118,pm,2020-02-04,4.0,0.0,2.0,3.0,3.0,3,1,1.0,3.0,3,3.0,4.0,,,coffee,1.0,,,,111.0,21.0,,310.0,,,,1.0,,50.0,,,4.0,0.0,2.0
118,pm,2020-02-06,4.0,0.0,2.0,3.0,3.0,3,2,2.0,3.0,3,3.0,3.0,coffee,3.0,coffee,2.0,,,517.0,52.0,,,,,,,,,,,,4.0,0.0,2.0
118,pm,2020-02-09,4.0,0.0,2.0,3.0,3.0,3,1,2.0,3.0,3,3.0,4.0,,,coffee,1.0,beer,1.0,,60.0,41.0,181.0,270.0,,,,121.0,,,,,3.0,9.0,2.0
118,pm,2020-02-10,3.0,9.0,2.0,3.0,2.0,2,1,2.0,3.0,3,3.0,4.0,,,coffee,1.0,beer,1.0,534.0,43.0,16.0,,,,,,,,38.0,,,2.0,9.0,4.0
118,pm,2020-02-11,2.0,9.0,4.0,2.0,1.0,4,3,2.0,3.0,3,3.0,4.0,,,,,,,438.0,161.0,71.0,,,,,,19.0,,,,,2.0,9.0,4.0
118,pm,2020-02-12,2.0,9.0,4.0,3.0,3.0,3,2,2.0,3.0,3,3.0,4.0,coffee,1.0,coffee,1.0,,,544.0,87.0,63.0,,,,,,17.0,,,,,4.0,0.0,4.0
118,pm,2020-02-13,4.0,0.0,4.0,4.0,3.0,3,3,2.0,3.0,3,3.0,4.0,,,coffee,1.0,,,469.0,63.0,37.0,,,,,,35.0,,,,,4.0,0.0,2.0
118,pm,2020-02-14,4.0,0.0,2.0,4.0,3.0,4,3,2.0,3.0,3,3.0,4.0,,,,,beer,2.0,291.0,144.0,101.0,,19.0,,,,,,,,,2.0,0.0,4.0
118,pm,2020-02-15,2.0,0.0,4.0,2.0,3.0,3,3,2.0,3.0,3,3.0,4.0,,,,,beer,1.0,,41.0,45.0,,53.0,,,348.0,83.0,,,,,4.0,0.0,4.0
118,pm,2020-02-16,4.0,0.0,4.0,4.0,3.0,3,3,2.0,3.0,3,3.0,4.0,,,coffee,1.0,,,,18.0,11.0,,176.0,,45.0,359.0,50.0,,64.0,,,,,
112,pm,2019-12-12,4.0,2.0,4.0,4.0,4.0,3,2,2.0,4.0,3,3.0,2.0,,,,,,,287.0,,,,,,,,,,,,,3.0,0.0,4.0
112,pm,2019-12-14,3.0,0.0,4.0,4.0,4.0,4,3,2.0,4.0,2,3.0,4.0,,,,,,,,,2.0,84.0,1.0,,,,,,256.0,,,3.0,0.0,4.0
112,pm,2019-12-15,3.0,0.0,4.0,3.0,4.0,4,4,2.0,4.0,3,3.0,4.0,,,,,,,,137.0,57.0,90.0,70.0,,,,,,,,,3.0,0.0,4.0
112,pm,2019-12-16,3.0,0.0,4.0,2.0,2.0,3,3,2.0,4.0,2,3.0,4.0,,,,,,,412.0,238.0,9.0,,,,,,,,,,,1.0,2.0,2.0
112,pm,2019-12-17,1.0,2.0,2.0,2.0,2.0,4,4,2.0,4.0,2,3.0,2.0,,,,,,,376.0,21.0,27.0,,,,,,,128.0,,,,2.0,2.0,4.0
112,pm,2019-12-19,2.0,2.0,4.0,2.0,2.0,2,2,2.0,4.0,2,2.0,4.0,,,,,,,485.0,58.0,11.0,,69.0,,,,,,,,,4.0,2.0,4.0
112,pm,2019-12-20,4.0,2.0,4.0,4.0,4.0,3,3,2.0,4.0,2,2.0,4.0,,,,,,,279.0,97.0,84.0,,141.0,,,,,,,,,4.0,0.0,2.0
112,pm,2019-12-22,4.0,0.0,2.0,4.0,4.0,2,4,2.0,4.0,1,2.0,4.0,,,,,,,,220.0,31.0,,276.0,,,,,,,,,3.0,0.0,4.0
112,pm,2019-12-23,3.0,0.0,4.0,4.0,4.0,4,4,2.0,4.0,2,3.0,4.0,,,,,,,,145.0,251.0,,,,,108.0,,,,,,4.0,0.0,4.0
112,pm,2019-12-24,4.0,0.0,4.0,4.0,4.0,4,4,2.0,4.0,1,3.0,2.0,,,,,,,,62.0,90.0,,254.0,,,,43.0,53.0,,,48.0,4.0,0.0,4.0
112,pm,2019-12-25,4.0,0.0,4.0,4.0,4.0,4,4,2.0,4.0,2,3.0,1.0,,,,,,,,104.0,,,204.0,,133.0,,,,,,,,,
116,pm,2020-01-22,4.0,0.0,4.0,4.0,4.0,4,5,2.0,3.0,4,3.0,3.0,,,,,,,33.0,135.0,37.0,,173.0,39.0,157.0,,25.0,,,,,4.0,0.0,4.0
116,pm,2020-01-23,4.0,0.0,4.0,4.0,4.0,5,5,2.0,3.0,3,3.0,3.0,,,,,,,,356.0,33.0,,181.0,,137.0,,,,,,,4.0,0.0,4.0
116,pm,2020-01-24,4.0,0.0,4.0,4.0,5.0,5,5,2.0,3.0,3,3.0,3.0,,,,,,,,,,,,,,,,,,,,5.0,0.0,4.0
116,pm,2020-01-25,5.0,0.0,4.0,4.0,5.0,5,5,1.0,3.0,3,3.0,3.0,,,,,,,,123.0,48.0,133.0,300.0,,,,,,,,146.0,4.0,0.0,2.0
116,pm,2020-01-26,4.0,0.0,2.0,4.0,5.0,5,5,2.0,3.0,3,3.0,3.0,,,,,,,,206.0,149.0,,84.0,,42.0,,279.0,,,,,5.0,0.0,4.0
116,pm,2020-01-27,5.0,0.0,4.0,5.0,5.0,5,5,2.0,3.0,3,3.0,3.0,,,,,,,,161.0,14.0,43.0,481.0,90.0,,,,,,,,5.0,0.0,4.0
116,pm,2020-01-28,5.0,0.0,4.0,4.0,4.0,5,4,2.0,3.0,3,3.0,3.0,,,,,,,,51.0,63.0,358.0,253.0,37.0,,,85.0,,,,,4.0,0.0,4.0
116,pm,2020-01-29,4.0,0.0,4.0,4.0,4.0,4,4,2.0,3.0,3,3.0,3.0,,,,,,,,146.0,90.0,225.0,94.0,,,100.0,38.0,,,,,3.0,2.0,2.0
116,pm,2020-01-30,3.0,2.0,2.0,4.0,4.0,5,5,2.0,3.0,3,3.0,3.0,,,,,,,26.0,21.0,99.0,262.0,222.0,,,,,,,,,4.0,0.0,2.0
116,pm,2020-01-31,4.0,0.0,2.0,4.0,4.0,5,5,2.0,3.0,3,3.0,4.0,,,,,,,,69.0,61.0,163.0,396.0,,,,55.0,,,,,4.0,0.0,2.0
116,pm,2020-02-01,4.0,0.0,2.0,4.0,4.0,5,5,2.0,4.0,3,3.0,2.0,,,,,,,,108.0,74.0,259.0,88.0,,,53.0,,,,,,2.0,3.0,1.0
116,pm,2020-02-02,2.0,3.0,1.0,3.0,3.0,5,4,2.0,3.0,3,3.0,4.0,,,,,,,272.0,20.0,65.0,38.0,130.0,,,,,,,,,4.0,3.0,2.0
116,pm,2020-02-03,4.0,3.0,2.0,4.0,4.0,4,4,2.0,3.0,3,3.0,4.0,,,,,,,74.0,84.0,109.0,236.0,276.0,,,,,,,,,4.0,0.0,4.0
116,pm,2020-02-04,4.0,0.0,4.0,4.0,4.0,4,4,2.0,4.0,3,2.0,4.0,,,,,,,,154.0,147.0,203.0,29.0,,,,,,,,53.0,,,
17,pm,2018-10-31,4.0,0.0,4.0,4.0,4.0,3,3,2.0,4.0,2,3.0,4.0,,,,,,,138.0,19.0,,272.0,,,,,,,,,,3.0,3.0,1.0
17,pm,2018-11-01,3.0,3.0,1.0,2.0,2.0,3,4,2.0,4.0,3,3.0,4.0,,,,,,,536.0,18.0,89.0,,,,,,,,,,,4.0,0.0,4.0
17,pm,2018-11-03,4.0,0.0,4.0,4.0,4.0,4,3,2.0,4.0,3,3.0,4.0,,,,,,,,8.0,,,166.0,,,,,,,,,4.0,0.0,4.0
17,pm,2018-11-05,4.0,0.0,4.0,3.0,3.0,4,4,2.0,4.0,3,3.0,4.0,,,,,,,261.0,127.0,88.0,,63.0,,,,,,,,,4.0,5.0,4.0
17,pm,2018-11-06,4.0,5.0,4.0,3.0,3.0,3,3,2.0,4.0,3,3.0,4.0,,,,,wine,1.0,663.0,22.0,,,,,,,,,,,,3.0,5.0,4.0
17,pm,2018-11-07,3.0,5.0,4.0,3.0,3.0,4,3,2.0,4.0,3,3.0,4.0,,,,,,,648.0,,,,,,,,,,,,,5.0,5.0,2.0
17,pm,2018-11-13,5.0,5.0,2.0,5.0,5.0,4,4,2.0,4.0,3,4.0,,,,,,,,468.0,76.0,12.0,,,,,,,,,,,,,
24,pm,2018-11-17,4.0,0.0,2.0,4.0,4.0,4,5,2.0,4.0,4,2.0,4.0,,,,,,,100.0,,8.0,,227.0,,,,27.0,131.0,5.0,,,5.0,0.0,2.0
24,pm,2018-11-18,5.0,0.0,2.0,5.0,5.0,4,3,2.0,4.0,2,3.0,4.0,,,,,,,249.0,,99.0,,91.0,,,,22.0,46.0,62.0,,,1.0,1.0,2.0
24,pm,2018-11-19,1.0,1.0,2.0,2.0,2.0,4,4,2.0,4.0,1,2.0,2.0,tea,3.0,,,,,119.0,54.0,43.0,403.0,97.0,,,,,,,,,3.0,0.0,4.0
24,pm,2018-11-20,3.0,0.0,4.0,3.0,3.0,3,3,,4.0,3,2.0,4.0,tea,3.0,tea,2.0,,,,91.0,50.0,327.0,344.0,,,,,,11.0,,13.0,3.0,5.0,4.0
24,pm,2018-11-21,3.0,5.0,4.0,4.0,3.0,3,1,2.0,4.0,3,2.0,4.0,,,coffee,1.0,,,,92.0,52.0,350.0,114.0,,,179.0,,,,,,3.0,5.0,4.0
24,pm,2018-11-22,3.0,5.0,4.0,3.0,4.0,4,4,,4.0,3,3.0,4.0,tea,2.0,tea,2.0,,,,98.0,62.0,401.0,133.0,,,155.0,,,,,,4.0,5.0,3.0
24,pm,2018-11-23,4.0,5.0,3.0,4.0,4.0,5,4,2.0,4.0,2,1.0,4.0,tea,3.0,tea,3.0,,,,78.0,21.0,411.0,122.0,,,,,154.0,16.0,,,4.0,0.0,4.0
24,pm,2018-11-24,4.0,0.0,4.0,4.0,4.0,3,3,,4.0,4,4.0,3.0,,,,,,,,,,,202.0,,,,,468.0,,,,4.0,1.0,4.0
24,pm,2018-11-25,4.0,1.0,4.0,4.0,3.0,4,4,2.0,4.0,2,3.0,4.0,,,,,,,,19.0,,,74.0,,,220.0,15.0,231.0,,,,4.0,0.0,4.0
24,pm,2018-11-26,4.0,0.0,4.0,3.0,3.0,4,4,2.0,4.0,3,2.0,4.0,tea,3.0,coffee,1.0,,,98.0,219.0,30.0,356.0,44.0,,,,53.0,,35.0,,,3.0,0.0,4.0
24,pm,2018-11-27,3.0,0.0,4.0,2.0,1.0,4,5,2.0,4.0,1,2.0,3.0,coffee,1.0,,,soju,2.0,181.0,93.0,31.0,,436.0,,,,11.0,,,,,3.0,1.0,4.0
24,pm,2018-11-28,3.0,1.0,4.0,3.0,3.0,4,4,,4.0,3,1.0,4.0,tea,2.0,tea,1.0,,,,146.0,11.0,395.0,117.0,,,,,94.0,,,,,,
4,pm,2018-10-30,1.0,3.0,2.0,4.0,1.0,1,2,2.0,3.0,3,3.0,3.0,,,,,,,,,,,,,,1.0,,,,,,1.0,7.0,1.0
4,pm,2018-10-31,1.0,7.0,1.0,1.0,1.0,1,1,2.0,4.0,4,1.0,4.0,coffee,1.0,,,,,421.0,179.0,,,75.0,,,,,,,,,1.0,7.0,1.0
4,pm,2018-11-01,1.0,7.0,1.0,1.0,1.0,1,1,2.0,4.0,4,3.0,4.0,coffee,2.0,,,,,474.0,,28.0,,75.0,,,,6.0,,,,67.0,1.0,7.0,1.0
4,pm,2018-11-02,1.0,7.0,1.0,1.0,1.0,3,1,2.0,4.0,2,3.0,4.0,coffee,1.0,caffeinated drink,1.0,,,462.0,,5.0,,69.0,,,,,,,,54.0,2.0,2.0,1.0
4,pm,2018-11-03,2.0,2.0,1.0,1.0,1.0,3,1,1.0,2.0,3,2.0,3.0,coffee,2.0,coffee,1.0,soju,1.0,156.0,40.0,145.0,,137.0,,,,25.0,94.0,19.0,,,,,
4,pm,2018-11-05,2.0,2.0,1.0,1.0,1.0,1,1,2.0,4.0,2,2.0,4.0,coffee,1.0,coffee,1.0,,,417.0,28.0,23.0,,186.0,,,,,,,,,2.0,4.0,1.0
4,pm,2018-11-06,2.0,4.0,1.0,1.0,2.0,2,1,2.0,3.0,1,1.0,4.0,coffee,1.0,coffee,1.0,,,424.0,36.0,10.0,,24.0,,,,40.0,,,,,2.0,4.0,1.0
4,pm,2018-11-07,2.0,4.0,1.0,1.0,1.0,3,1,2.0,3.0,2,3.0,4.0,,,,,,,439.0,59.0,,,202.0,,,,,,,,,2.0,4.0,4.0
4,pm,2018-11-08,2.0,4.0,4.0,2.0,2.0,3,2,2.0,4.0,2,1.0,4.0,,,coffee,1.0,,,451.0,,77.0,,22.0,,,,35.0,,,,,2.0,4.0,4.0
4,pm,2018-11-09,2.0,4.0,4.0,1.0,2.0,3,2,2.0,2.0,1,3.0,3.0,coffee,1.0,coffee,1.0,soju,1.0,235.0,82.0,,,145.0,,,,,,,,117.0,3.0,4.0,4.0
4,pm,2018-11-10,3.0,4.0,4.0,2.0,2.0,3,2,1.0,2.0,2,1.0,1.0,coffee,1.0,,,,,234.0,33.0,20.0,,271.0,,,,12.0,,,,,2.0,4.0,4.0
4,pm,2018-11-11,2.0,4.0,4.0,2.0,3.0,2,1,1.0,3.0,4,3.0,1.0,coffee,1.0,,,,,170.0,27.0,,,282.0,,,,,,,,8.0,2.0,4.0,4.0
4,pm,2018-11-12,2.0,4.0,4.0,2.0,3.0,2,1,2.0,3.0,4,1.0,4.0,coffee,1.0,coffee,1.0,,,560.0,56.0,15.0,,113.0,,,,,,,,,2.0,4.0,4.0
4,pm,2018-11-13,2.0,4.0,4.0,1.0,2.0,2,2,2.0,3.0,2,2.0,4.0,,,coffee,1.0,,,406.0,82.0,33.0,,116.0,,,,,,,,,,,
25,pm,2018-11-15,3.0,2.0,4.0,3.0,2.0,4,4,2.0,3.0,3,3.0,3.0,coffee,1.0,coffee,1.0,,,,5.0,52.0,71.0,7.0,,,18.0,,,,3.0,,3.0,0.0,4.0
25,pm,2018-11-17,3.0,0.0,4.0,1.0,1.0,4,4,2.0,3.0,3,3.0,,,,coffee,1.0,,,180.0,39.0,,,70.0,,,,,,,,,3.0,0.0,4.0
25,pm,2018-11-18,3.0,0.0,4.0,2.0,2.0,2,2,2.0,3.0,2,3.0,,,,,,,,,57.0,35.0,,118.0,,,,,,21.0,,,3.0,0.0,4.0
25,pm,2018-11-20,3.0,0.0,4.0,2.0,2.0,3,2,2.0,3.0,3,3.0,,,,,,soju,1.0,,7.0,60.0,94.0,85.0,,,153.0,,,,,,3.0,0.0,4.0
25,pm,2018-11-22,3.0,0.0,4.0,3.0,3.0,4,4,2.0,2.0,2,2.0,2.0,,,,,,,,35.0,24.0,437.0,7.0,,,,,,,,,3.0,0.0,4.0
25,pm,2018-11-23,3.0,0.0,4.0,2.0,4.0,3,3,2.0,2.0,2,2.0,2.0,,,,,,,,,36.0,194.0,,,,,,,,,,,,
25,pm,2018-11-25,3.0,0.0,4.0,3.0,3.0,3,3,2.0,2.0,2,2.0,2.0,,,,,,,,121.0,31.0,,66.0,,,108.0,,110.0,64.0,,,3.0,0.0,4.0
25,pm,2018-11-26,3.0,0.0,4.0,3.0,3.0,3,3,2.0,2.0,2,2.0,2.0,,,,,,,,44.0,28.0,170.0,,,,,,,,,,3.0,0.0,4.0
25,pm,2018-11-27,3.0,0.0,4.0,3.0,3.0,3,3,2.0,2.0,2,2.0,2.0,,,,,,,,13.0,31.0,181.0,6.0,,,,,,,,,3.0,0.0,4.0
25,pm,2018-11-28,3.0,0.0,4.0,3.0,3.0,3,3,2.0,2.0,2,2.0,2.0,,,,,,,,,31.0,52.0,43.0,,,111.0,,,103.0,,,,,
3,pm,2018-10-31,2.0,0.0,4.0,2.0,2.0,3,1,2.0,4.0,2,2.0,4.0,,,coffee,1.0,,,500.0,45.0,82.0,,,,,,,,,,,2.0,2.0,4.0
3,pm,2018-11-01,2.0,2.0,4.0,2.0,3.0,3,2,2.0,4.0,2,2.0,4.0,,,,,,,504.0,100.0,35.0,,37.0,,,,,,,,,3.0,0.0,4.0
3,pm,2018-11-02,3.0,0.0,4.0,2.0,3.0,3,1,2.0,4.0,1,4.0,3.0,,,,,,,501.0,266.0,,,14.0,,,,,,,,,3.0,0.0,4.0
3,pm,2018-11-06,3.0,0.0,4.0,3.0,3.0,3,2,2.0,2.0,2,2.0,2.0,,,,,,,288.0,166.0,7.0,,95.0,,,,,,92.0,,,2.0,7.0,1.0
3,pm,2018-11-07,2.0,7.0,1.0,1.0,2.0,2,1,2.0,4.0,1,2.0,,,,,,,,156.0,76.0,91.0,70.0,265.0,,,,,,,,,3.0,2.0,2.0
3,pm,2018-11-08,3.0,2.0,2.0,2.0,3.0,3,3,2.0,4.0,2,3.0,4.0,,,,,,,207.0,227.0,46.0,,170.0,,,,,,,,,2.0,2.0,4.0
3,pm,2018-11-09,2.0,2.0,4.0,2.0,3.0,3,2,1.0,4.0,2,3.0,4.0,,,,,,,344.0,63.0,38.0,,89.0,,,118.0,,,,,,3.0,2.0,2.0
3,pm,2018-11-10,3.0,2.0,2.0,3.0,3.0,3,2,2.0,4.0,2,2.0,4.0,,,,,,,406.0,27.0,230.0,,,,,,,,,,,4.0,0.0,4.0
3,pm,2018-11-11,4.0,0.0,4.0,3.0,3.0,3,2,2.0,4.0,1,3.0,4.0,,,,,,,165.0,136.0,55.0,,210.0,,,,,,47.0,,,,,
18,pm,2018-11-16,3.0,0.0,4.0,4.0,3.0,3,3,2.0,3.0,3,4.0,4.0,,,,,,,,73.0,,,,,,,,,,,,4.0,9.0,4.0
18,pm,2018-11-20,4.0,9.0,4.0,4.0,4.0,4,2,2.0,4.0,2,3.0,4.0,,,,,,,109.0,171.0,103.0,,,,,,80.0,,,,,2.0,0.0,4.0
18,pm,2018-11-23,2.0,0.0,4.0,2.0,3.0,4,2,2.0,4.0,2,4.0,3.0,,,,,,,,247.0,,,,63.0,,,,,,,,3.0,0.0,4.0
18,pm,2018-11-24,3.0,0.0,4.0,2.0,2.0,4,2,2.0,4.0,2,3.0,3.0,,,,,,,,117.0,190.0,,,,,,126.0,,,,,3.0,5.0,4.0
18,pm,2018-11-25,3.0,5.0,4.0,2.0,2.0,4,2,2.0,4.0,3,3.0,3.0,,,,,,,,165.0,,47.0,,,155.0,,52.0,,,,96.0,4.0,0.0,4.0
18,pm,2018-11-27,4.0,0.0,4.0,3.0,3.0,4,4,2.0,4.0,3,3.0,4.0,,,,,,,143.0,209.0,,164.0,,,,,,,,,,4.0,0.0,4.0
18,pm,2018-11-28,4.0,0.0,4.0,4.0,3.0,4,3,2.0,4.0,3,3.0,4.0,,,,,,,,208.0,51.0,149.0,,,,,,,,,,,,
15,pm,2018-11-01,2.0,2.0,4.0,2.0,2.0,3,1,2.0,4.0,1,2.0,4.0,coffee,2.0,coffee,2.0,,,197.0,137.0,46.0,,52.0,,,,,67.0,63.0,,,3.0,8.0,4.0
15,pm,2018-11-02,3.0,8.0,4.0,2.0,2.0,3,1,2.0,2.0,1,2.0,4.0,coffee,2.0,coffee,3.0,,,249.0,163.0,99.0,,,,,,,50.0,44.0,,,2.0,0.0,4.0
15,pm,2018-11-03,2.0,0.0,4.0,1.0,1.0,3,1,2.0,4.0,2,3.0,4.0,coffee,2.0,coffee,3.0,beer,1.0,,171.0,116.0,,111.0,,,,,,83.0,,,1.0,7.0,1.0
15,pm,2018-11-04,1.0,7.0,1.0,2.0,1.0,2,2,2.0,1.0,2,2.0,,coffee,2.0,coffee,2.0,,,,76.0,182.0,,,,,,,,,,,2.0,9.0,4.0
15,pm,2018-11-06,2.0,9.0,4.0,2.0,2.0,3,3,2.0,1.0,2,2.0,,coffee,2.0,coffee,2.0,,,121.0,203.0,86.0,,162.0,,,,,43.0,102.0,,,2.0,2.0,4.0
15,pm,2018-11-07,2.0,2.0,4.0,2.0,3.0,3,2,2.0,2.0,1,2.0,,coffee,2.0,coffee,1.0,,,305.0,361.0,59.0,,,,,,,,,,,2.0,2.0,4.0
15,pm,2018-11-09,2.0,2.0,4.0,2.0,2.0,3,3,2.0,1.0,2,2.0,,coffee,2.0,coffee,1.0,,,336.0,156.0,21.0,,63.0,,,,,,135.0,,,3.0,9.0,4.0
15,pm,2018-11-11,3.0,9.0,4.0,2.0,3.0,3,3,2.0,2.0,1,2.0,,coffee,2.0,coffee,1.0,,,,154.0,,,229.0,,,,,,192.0,,,2.0,7.0,1.0
15,pm,2018-11-12,2.0,7.0,1.0,2.0,2.0,3,3,2.0,1.0,2,3.0,,coffee,2.0,coffee,1.0,,,507.0,55.0,,,35.0,,,,,,,,,,,
20,pm,2018-11-15,4.0,0.0,4.0,3.0,3.0,3,3,2.0,4.0,2,2.0,2.0,coffee,3.0,,,,,229.0,36.0,39.0,110.0,,40.0,,44.0,,,,,,2.0,2.0,2.0
20,pm,2018-11-17,2.0,2.0,2.0,2.0,1.0,5,4,1.0,2.0,4,3.0,2.0,coffee,1.0,,,beer,3.0,190.0,,66.0,,,,60.0,,,,,,,3.0,0.0,2.0
20,pm,2018-11-20,3.0,0.0,2.0,3.0,3.0,2,3,2.0,3.0,2,2.0,4.0,coffee,1.0,,,,,470.0,,,,49.0,,,,,,,,,2.0,2.0,2.0
20,pm,2018-11-22,2.0,2.0,2.0,2.0,2.0,4,4,2.0,3.0,2,2.0,4.0,coffee,1.0,coffee,1.0,,,604.0,,5.0,,,,,,,,38.0,,,4.0,3.0,2.0
20,pm,2018-11-24,4.0,3.0,2.0,4.0,4.0,3,3,2.0,2.0,3,4.0,2.0,,,coffee,2.0,wine,1.0,250.0,91.0,41.0,,66.0,,,,,,,,,,,
20,pm,2018-11-27,2.0,1.0,2.0,2.0,3.0,4,4,2.0,2.0,2,2.0,2.0,coffee,1.0,coffee,1.0,,,240.0,,72.0,,8.0,57.0,,,51.0,,,,,4.0,1.0,2.0
20,pm,2018-11-28,4.0,1.0,2.0,3.0,4.0,4,4,2.0,2.0,2,2.0,4.0,coffee,1.0,coffee,1.0,,,460.0,6.0,40.0,,24.0,,,,,,,,,,,
10,pm,2018-11-02,1.0,5.0,4.0,3.0,3.0,3,3,2.0,2.0,2,2.0,,coffee,2.0,,,,,93.0,373.0,,,21.0,,,,29.0,,228.0,,,,,
10,pm,2018-11-05,2.0,9.0,2.0,3.0,3.0,3,2,2.0,2.0,2,2.0,2.0,coffee,2.0,,,,,163.0,59.0,178.0,82.0,,,,,,,183.0,,,1.0,0.0,2.0
10,pm,2018-11-06,1.0,0.0,2.0,3.0,3.0,3,3,2.0,2.0,2,2.0,,coffee,1.0,,,,,237.0,379.0,,,78.0,,,,,,59.0,,,2.0,1.0,2.0
10,pm,2018-11-13,2.0,1.0,2.0,2.0,2.0,3,1,2.0,2.0,2,2.0,,coffee,1.0,,,,,118.0,303.0,69.0,,100.0,,,,22.0,,137.0,,,,,
21,pm,2018-11-16,4.0,0.0,4.0,4.0,4.0,4,3,1.0,1.0,2,4.0,4.0,coffee,1.0,,,,,236.0,152.0,214.0,,5.0,,,,,,,,,4.0,0.0,4.0
21,pm,2018-11-18,4.0,0.0,4.0,2.0,3.0,3,1,2.0,1.0,3,1.0,1.0,,,,,,,412.0,178.0,20.0,,29.0,,,,,,,,,4.0,0.0,4.0
21,pm,2018-11-19,4.0,0.0,4.0,4.0,4.0,5,2,2.0,4.0,3,3.0,4.0,,,,,,,87.0,66.0,78.0,135.0,94.0,,,,,,,,,5.0,0.0,4.0
21,pm,2018-11-20,5.0,0.0,4.0,2.0,4.0,4,2,2.0,4.0,3,3.0,4.0,coffee,1.0,,,,,124.0,128.0,95.0,135.0,109.0,,,,,,,16.0,,,,
21,pm,2018-11-24,5.0,0.0,4.0,2.0,4.0,4,2,2.0,4.0,3,3.0,4.0,,,,,,,594.0,159.0,74.0,,,,,,,,,,,2.0,0.0,4.0
21,pm,2018-11-25,2.0,0.0,4.0,1.0,3.0,3,5,2.0,3.0,1,3.0,,,,,,soju,1.0,517.0,139.0,108.0,,17.0,,,,,,,,,4.0,0.0,4.0
21,pm,2018-11-26,4.0,0.0,4.0,3.0,4.0,3,4,2.0,4.0,3,3.0,4.0,,,,,,,,205.0,131.0,196.0,,,,,,,,,,2.0,2.0,4.0
21,pm,2018-11-28,2.0,2.0,4.0,3.0,4.0,4,4,2.0,4.0,2,4.0,4.0,,,coffee,1.0,,,,249.0,21.0,107.0,288.0,,,,,19.0,,,,,,
11,pm,2018-11-01,4.0,0.0,4.0,2.0,4.0,4,2,2.0,4.0,4,3.0,4.0,coffee,1.0,,,,,145.0,57.0,11.0,64.0,64.0,,,,,,,,,4.0,1.0,4.0
11,pm,2018-11-02,4.0,1.0,4.0,2.0,2.0,3,2,2.0,4.0,3,3.0,3.0,,,,,,,173.0,342.0,38.0,,48.0,,,,,24.0,,,,4.0,1.0,2.0
11,pm,2018-11-03,4.0,1.0,2.0,3.0,3.0,3,1,2.0,4.0,3,3.0,4.0,,,coffee,1.0,,,414.0,45.0,102.0,,68.0,,,,,,,,,2.0,1.0,2.0
11,pm,2018-11-04,2.0,1.0,2.0,1.0,2.0,2,2,2.0,4.0,3,3.0,4.0,,,,,,,,,82.0,,213.0,,,,,,,,,1.0,0.0,4.0
11,pm,2018-11-05,1.0,0.0,4.0,1.0,1.0,4,2,2.0,3.0,3,4.0,3.0,,,coffee,1.0,,,537.0,199.0,,,61.0,,,,,,,,,4.0,0.0,4.0
11,pm,2018-11-06,4.0,0.0,4.0,3.0,2.0,3,2,2.0,4.0,4,3.0,4.0,,,coffee,1.0,,,196.0,55.0,43.0,56.0,93.0,,,,,,,,,2.0,0.0,4.0
11,pm,2018-11-07,2.0,0.0,4.0,2.0,3.0,2,1,2.0,4.0,3,3.0,4.0,,,coffee,1.0,,,372.0,73.0,28.0,,122.0,,,,,,,,,4.0,0.0,4.0
11,pm,2018-11-08,4.0,0.0,4.0,3.0,2.0,3,1,2.0,4.0,4,3.0,4.0,,,coffee,1.0,,,229.0,16.0,49.0,66.0,85.0,,,,,,,,,1.0,0.0,4.0
11,pm,2018-11-09,1.0,0.0,4.0,2.0,2.0,3,2,1.0,4.0,3,3.0,4.0,,,,,,,286.0,127.0,173.0,,130.0,,,,,,,,,4.0,0.0,2.0
11,pm,2018-11-10,4.0,0.0,2.0,2.0,4.0,3,3,1.0,4.0,4,3.0,4.0,,,,,,,,,68.0,,222.0,,,,,,,,,4.0,0.0,4.0
11,pm,2018-11-11,4.0,0.0,4.0,3.0,3.0,3,3,2.0,4.0,4,3.0,4.0,,,,,,,304.0,32.0,23.0,,110.0,,,,,,,,,4.0,0.0,4.0
11,pm,2018-11-12,4.0,0.0,4.0,3.0,3.0,3,4,2.0,4.0,4,2.0,4.0,,,,,,,313.0,44.0,13.0,,86.0,,,,,,,,,4.0,5.0,4.0
11,pm,2018-11-13,4.0,5.0,4.0,3.0,3.0,3,3,2.0,4.0,4,3.0,4.0,,,coffee,1.0,,,232.0,75.0,41.0,70.0,93.0,,,,,,,,,,,
23,pm,2018-11-15,3.0,0.0,2.0,4.0,3.0,4,2,2.0,2.0,3,3.0,,,,,,soju,1.0,,8.0,106.0,158.0,16.0,,,,,,19.0,,,3.0,0.0,4.0
23,pm,2018-11-16,3.0,0.0,4.0,3.0,3.0,2,2,2.0,4.0,3,3.0,4.0,,,,,,,,177.0,37.0,478.0,14.0,,,,40.0,,,,,4.0,0.0,4.0
23,pm,2018-11-17,4.0,0.0,4.0,2.0,4.0,3,5,2.0,4.0,2,3.0,3.0,,,,,,,,39.0,172.0,194.0,139.0,,,172.0,26.0,,,,,2.0,0.0,4.0
23,pm,2018-11-18,2.0,0.0,4.0,2.0,2.0,3,3,2.0,2.0,2,3.0,,,,,,,,,10.0,106.0,,277.0,,,292.0,26.0,,,,,3.0,7.0,2.0
23,pm,2018-11-19,3.0,7.0,2.0,2.0,3.0,3,3,2.0,4.0,1,3.0,,,,,,,,,195.0,58.0,289.0,37.0,,,,,,,,,2.0,0.0,4.0
23,pm,2018-11-20,2.0,0.0,4.0,1.0,2.0,3,2,2.0,4.0,2,3.0,,,,,,,,,52.0,,153.0,199.0,,,,,,,,,2.0,0.0,4.0
23,pm,2018-11-23,2.0,0.0,4.0,2.0,2.0,3,4,2.0,4.0,2,3.0,,,,,,,,,127.0,38.0,454.0,93.0,,,,,,,,,5.0,0.0,4.0
23,pm,2018-11-24,5.0,0.0,4.0,4.0,5.0,4,4,2.0,4.0,3,3.0,,,,,,,,,9.0,45.0,,185.0,,,439.0,44.0,,,,,4.0,0.0,4.0
23,pm,2018-11-25,4.0,0.0,4.0,4.0,4.0,4,4,2.0,4.0,3,3.0,,,,,,soju,2.0,,50.0,113.0,71.0,55.0,,,260.0,,,,,,3.0,0.0,4.0
23,pm,2018-11-26,3.0,0.0,4.0,2.0,3.0,4,4,2.0,4.0,3,3.0,,,,,,,,,224.0,38.0,464.0,7.0,,,,,,,,,2.0,0.0,4.0
23,pm,2018-11-27,2.0,0.0,4.0,2.0,3.0,4,4,2.0,,3,3.0,,,,,,,,,52.0,343.0,366.0,,,,,,,,,,2.0,0.0,4.0
23,pm,2018-11-28,2.0,0.0,4.0,2.0,2.0,3,3,2.0,4.0,4,3.0,,,,,,,,,92.0,,201.0,146.0,,,,,,,,,,,
13,pm,2018-10-31,3.0,2.0,4.0,2.0,3.0,5,2,2.0,4.0,3,3.0,4.0,,,,,,,388.0,93.0,29.0,,,,,,,,,,,3.0,0.0,4.0
13,pm,2018-11-01,3.0,0.0,4.0,2.0,3.0,5,4,2.0,4.0,3,3.0,4.0,,,,,,,261.0,79.0,,,,,,,,,,,,3.0,1.0,4.0
13,pm,2018-11-02,3.0,1.0,4.0,2.0,3.0,3,2,2.0,4.0,3,3.0,,,,,,,,337.0,173.0,,,,,,,,,,,,2.0,3.0,2.0
13,pm,2018-11-03,2.0,3.0,2.0,1.0,3.0,5,4,2.0,4.0,3,3.0,,,,,,,,293.0,25.0,93.0,,157.0,60.0,,,,,,,,2.0,4.0,2.0
13,pm,2018-11-05,2.0,4.0,2.0,1.0,3.0,4,3,2.0,4.0,3,3.0,,,,,,,,460.0,,,,,,,,,,,,,2.0,1.0,2.0
13,pm,2018-11-06,2.0,1.0,2.0,2.0,2.0,3,3,2.0,4.0,3,3.0,,,,,,,,193.0,,155.0,,,,,,,,,,,3.0,5.0,4.0
13,pm,2018-11-07,3.0,5.0,4.0,2.0,3.0,3,2,2.0,4.0,3,3.0,,,,,,,,159.0,,,,,,,,,,,,,5.0,3.0,4.0
13,pm,2018-11-10,5.0,3.0,4.0,1.0,3.0,5,2,2.0,4.0,3,3.0,,,,,,,,374.0,12.0,185.0,,,,,,,,,,,2.0,1.0,4.0
13,pm,2018-11-11,2.0,1.0,4.0,1.0,2.0,4,4,2.0,4.0,3,3.0,,,,,,,,113.0,,297.0,,,,,,,,,,,2.0,4.0,2.0
13,pm,2018-11-12,2.0,4.0,2.0,1.0,2.0,3,1,1.0,4.0,3,3.0,3.0,,,,,,,290.0,,,,,,,,,,,,,,,
1,pm,2018-11-16,4.0,0.0,4.0,2.0,2.0,3,1,2.0,1.0,3,3.0,4.0,,,,,,,,82.0,66.0,529.0,91.0,,,,,,,,,3.0,3.0,2.0
1,pm,2018-11-17,3.0,3.0,2.0,4.0,5.0,5,4,2.0,1.0,3,3.0,,coffee,2.0,,,,,,16.0,55.0,118.0,362.0,,,,19.0,,22.0,,,3.0,0.0,4.0
1,pm,2018-11-18,3.0,0.0,4.0,3.0,4.0,3,2,2.0,2.0,3,3.0,4.0,,,coffee,1.0,,,,33.0,29.0,279.0,175.0,,,,58.0,,21.0,,,4.0,6.0,4.0
1,pm,2018-11-19,4.0,6.0,4.0,2.0,2.0,4,2,2.0,2.0,3,3.0,4.0,coffee,1.0,coffee,1.0,,,121.0,108.0,91.0,353.0,30.0,,,,,,,,,4.0,5.0,4.0
1,pm,2018-11-21,4.0,5.0,4.0,3.0,2.0,3,2,2.0,1.0,3,3.0,2.0,,,,,,,,116.0,38.0,308.0,69.0,,21.0,115.0,68.0,,2.0,,,4.0,0.0,4.0
1,pm,2018-11-22,4.0,0.0,4.0,1.0,2.0,4,2,2.0,3.0,3,3.0,4.0,coffee,3.0,coffee,1.0,,,,57.0,71.0,407.0,86.0,,,193.0,9.0,,25.0,,,5.0,0.0,4.0
1,pm,2018-11-23,5.0,0.0,4.0,1.0,2.0,3,1,1.0,3.0,3,3.0,4.0,,,,,,,,337.0,32.0,303.0,167.0,,,,,,,,,5.0,0.0,4.0
1,pm,2018-11-24,5.0,0.0,4.0,1.0,2.0,4,3,1.0,1.0,3,3.0,3.0,,,coffee,1.0,soju,1.0,567.0,188.0,1.0,,,,,,,,,,,4.0,0.0,4.0
1,pm,2018-11-27,4.0,0.0,4.0,3.0,3.0,4,3,2.0,3.0,3,3.0,3.0,,,,,,,,60.0,82.0,310.0,206.0,,,,,,,,,1.0,0.0,4.0
1,pm,2018-11-28,1.0,0.0,4.0,1.0,1.0,4,3,2.0,3.0,3,3.0,4.0,,,,,,,,97.0,276.0,358.0,40.0,,,,,,,,,,,
12,pm,2018-10-31,4.0,0.0,4.0,3.0,3.0,5,5,,4.0,3,4.0,4.0,coffee,1.0,coffee,1.0,,,332.0,92.0,66.0,,,,,,94.0,,,,,5.0,0.0,4.0
12,pm,2018-11-01,5.0,0.0,4.0,4.0,4.0,4,5,,4.0,2,4.0,4.0,,,coffee,1.0,,,417.0,164.0,69.0,,,,,,71.0,,,,,4.0,0.0,2.0
12,pm,2018-11-03,4.0,0.0,2.0,2.0,4.0,3,5,,4.0,3,2.0,2.0,,,coffee,1.0,,,,91.0,109.0,,,,,,65.0,,,,,,,
12,pm,2018-11-06,4.0,8.0,4.0,4.0,4.0,5,5,,4.0,3,4.0,3.0,,,coffee,1.0,,,486.0,86.0,77.0,,,,,,197.0,,,,,4.0,0.0,4.0
12,pm,2018-11-07,4.0,0.0,4.0,3.0,4.0,4,5,,4.0,2,2.0,4.0,,,coffee,1.0,,,475.0,185.0,51.0,,11.0,,,,85.0,,,,,4.0,0.0,4.0
12,pm,2018-11-08,4.0,0.0,4.0,2.0,4.0,4,5,,4.0,3,4.0,4.0,coffee,1.0,coffee,1.0,,,254.0,142.0,64.0,,,,,,177.0,,,,,4.0,0.0,4.0
12,pm,2018-11-09,4.0,0.0,4.0,2.0,3.0,5,5,,4.0,2,4.0,2.0,coffee,1.0,coffee,1.0,beer,3.0,452.0,127.0,48.0,,6.0,,,,,,,,,,,
30,pm,2018-11-15,2.0,1.0,4.0,2.0,2.0,3,2,2.0,4.0,1,3.0,4.0,,,coffee,1.0,,,94.0,58.0,26.0,167.0,81.0,3.0,,,,26.0,,,,3.0,0.0,4.0
30,pm,2018-11-16,3.0,0.0,4.0,3.0,2.0,3,2,1.0,3.0,3,1.0,1.0,,,,,,,69.0,114.0,21.0,,30.0,,,130.0,,31.0,,,,3.0,2.0,4.0
30,pm,2018-11-17,3.0,2.0,4.0,2.0,2.0,4,3,1.0,3.0,3,2.0,4.0,,,,,,,14.0,247.0,92.0,47.0,37.0,,,,,42.0,2.0,,,3.0,0.0,4.0
30,pm,2018-11-18,3.0,0.0,4.0,3.0,3.0,4,4,1.0,3.0,3,3.0,4.0,,,,,,,18.0,12.0,97.0,,152.0,,,9.0,14.0,18.0,,,,4.0,0.0,4.0
30,pm,2018-11-19,4.0,0.0,4.0,4.0,4.0,3,3,1.0,3.0,3,1.0,4.0,,,,,,,30.0,143.0,45.0,,41.0,,,,,21.0,13.0,41.0,,,,
30,pm,2018-11-22,4.0,0.0,4.0,4.0,4.0,3,3,2.0,3.0,3,3.0,4.0,,,,,,,135.0,68.0,82.0,229.0,16.0,,,32.0,1.0,,,,11.0,3.0,0.0,4.0
30,pm,2018-11-23,3.0,0.0,4.0,2.0,3.0,3,2,1.0,2.0,2,3.0,4.0,,,,,,,31.0,144.0,65.0,138.0,6.0,,,32.0,19.0,,,,6.0,3.0,0.0,4.0
30,pm,2018-11-24,3.0,0.0,4.0,3.0,3.0,3,2,1.0,4.0,1,3.0,,,,,,,,,286.0,40.0,86.0,70.0,,,,,,,,,2.0,1.0,4.0
30,pm,2018-11-25,2.0,1.0,4.0,2.0,2.0,3,3,1.0,3.0,3,2.0,4.0,coffee,1.0,,,,,121.0,129.0,51.0,91.0,13.0,,,,,,,,25.0,3.0,1.0,4.0
30,pm,2018-11-26,3.0,1.0,4.0,2.0,3.0,3,3,2.0,3.0,3,3.0,4.0,,,coffee,1.0,,,165.0,95.0,,91.0,31.0,,,10.0,,22.0,8.0,,17.0,,,
30,pm,2018-11-28,2.0,0.0,4.0,2.0,2.0,4,4,1.0,4.0,3,3.0,4.0,,,,,,,26.0,177.0,3.0,,46.0,,,,72.0,,27.0,,82.0,,,
7,pm,2018-10-31,4.0,0.0,2.0,3.0,3.0,4,3,2.0,4.0,2,2.0,4.0,coffee,1.0,coffee,1.0,,,424.0,66.0,50.0,,48.0,,,,5.0,,47.0,,,3.0,1.0,2.0
7,pm,2018-11-01,3.0,1.0,2.0,4.0,4.0,3,2,2.0,4.0,3,3.0,4.0,coffee,1.0,coffee,1.0,,,368.0,104.0,,,42.0,,,,34.0,,48.0,,,4.0,2.0,2.0
7,pm,2018-11-02,4.0,2.0,2.0,3.0,4.0,3,1,2.0,4.0,3,3.0,4.0,coffee,1.0,coffee,2.0,,,419.0,88.0,75.0,,,17.0,,,41.0,16.0,37.0,7.0,,4.0,0.0,2.0
7,pm,2018-11-03,4.0,0.0,2.0,4.0,3.0,4,4,2.0,3.0,3,3.0,4.0,,,coffee,1.0,beer,1.0,,168.0,78.0,,7.0,,,,110.0,143.0,156.0,,,3.0,2.0,2.0
7,pm,2018-11-04,3.0,2.0,2.0,3.0,2.0,4,4,2.0,4.0,3,3.0,4.0,coffee,1.0,coffee,1.0,,,,184.0,58.0,,91.0,48.0,76.0,,46.0,116.0,63.0,,,2.0,1.0,2.0
7,pm,2018-11-05,2.0,1.0,2.0,2.0,3.0,2,2,2.0,4.0,2,3.0,4.0,,,coffee,1.0,,,412.0,107.0,27.0,,33.0,,,,27.0,,58.0,,,4.0,1.0,2.0
7,pm,2018-11-06,4.0,1.0,2.0,3.0,3.0,3,2,2.0,4.0,2,3.0,4.0,,,coffee,1.0,,,438.0,91.0,82.0,,,40.0,,,14.0,,30.0,,,4.0,0.0,2.0
7,pm,2018-11-07,4.0,0.0,2.0,3.0,3.0,3,2,2.0,4.0,2,2.0,4.0,coffee,1.0,coffee,1.0,,,409.0,119.0,13.0,,32.0,,,,31.0,44.0,36.0,,,4.0,0.0,2.0
7,pm,2018-11-08,4.0,0.0,2.0,3.0,4.0,3,2,2.0,4.0,3,2.0,4.0,coffee,1.0,coffee,2.0,,,387.0,125.0,20.0,,,,,,46.0,,66.0,,,4.0,0.0,3.0
7,pm,2018-11-09,4.0,0.0,3.0,3.0,3.0,3,3,2.0,4.0,3,4.0,4.0,coffee,1.0,coffee,1.0,,,392.0,86.0,42.0,,,,,,42.0,9.0,60.0,,,3.0,0.0,2.0
7,pm,2018-11-10,3.0,0.0,2.0,2.0,3.0,3,4,2.0,4.0,3,3.0,4.0,,,,,,,,112.0,56.0,,34.0,,,,,68.0,315.0,,20.0,4.0,2.0,2.0
7,pm,2018-11-11,4.0,2.0,2.0,3.0,4.0,4,4,2.0,4.0,3,3.0,3.0,,,coffee,1.0,,,,44.0,98.0,,73.0,,,,52.0,182.0,164.0,,,,,
7,pm,2018-11-13,3.0,1.0,2.0,3.0,3.0,3,4,2.0,4.0,3,3.0,,,,coffee,1.0,,,387.0,100.0,56.0,,,,,,46.0,,34.0,,,,,
29,pm,2018-11-16,5.0,0.0,4.0,2.0,3.0,3,1,2.0,4.0,3,4.0,4.0,,,coffee,1.0,,,,65.0,,177.0,367.0,,,,,,,,,4.0,9.0,3.0
29,pm,2018-11-17,4.0,9.0,3.0,1.0,2.0,3,1,2.0,4.0,4,3.0,4.0,,,coffee,1.0,,,,143.0,,,316.0,,,,,,,,,3.0,9.0,4.0
29,pm,2018-11-18,3.0,9.0,4.0,2.0,2.0,3,1,2.0,3.0,3,3.0,4.0,coffee,1.0,coffee,2.0,,,222.0,57.0,,309.0,138.0,,,,,,,,,,,
29,pm,2018-11-21,2.0,5.0,4.0,1.0,1.0,2,1,2.0,4.0,2,3.0,4.0,,,,,,,71.0,,,8.0,,,,,,,296.0,,,,,
29,pm,2018-11-25,2.0,9.0,4.0,2.0,4.0,3,3,2.0,4.0,3,2.0,4.0,coffee,1.0,,,,,285.0,,28.0,,288.0,,,,,,,,,2.0,9.0,4.0
29,pm,2018-11-26,2.0,9.0,4.0,2.0,4.0,4,3,2.0,3.0,2,2.0,4.0,coffee,1.0,coffee,1.0,,,,292.0,,14.0,108.0,,,26.0,,,,,,,,
5,pm,2018-10-30,1.0,1.0,1.0,1.0,1.0,4,2,2.0,2.0,2,2.0,2.0,,,coffee,1.0,,,32.0,26.0,,,1.0,,,,,,,,,4.0,3.0,4.0
5,pm,2018-10-31,4.0,3.0,4.0,4.0,3.0,2,1,1.0,3.0,4,4.0,4.0,coffee,1.0,,,,,506.0,90.0,32.0,,,,,,,12.0,,1.0,,4.0,0.0,4.0
5,pm,2018-11-01,4.0,0.0,4.0,2.0,3.0,4,4,2.0,3.0,2,3.0,4.0,,,coffee,1.0,,,254.0,165.0,41.0,,89.0,,,,,54.0,,,,3.0,0.0,4.0
5,pm,2018-11-02,3.0,0.0,4.0,2.0,3.0,4,3,2.0,3.0,2,3.0,4.0,coffee,1.0,,,,,217.0,107.0,29.0,,33.0,,,54.0,,70.0,,8.0,,4.0,0.0,4.0
5,pm,2018-11-03,4.0,0.0,4.0,4.0,3.0,3,1,2.0,2.0,3,4.0,4.0,coffee,1.0,coffee,1.0,,,233.0,113.0,65.0,,26.0,53.0,,,16.0,83.0,,41.0,,3.0,0.0,4.0
5,pm,2018-11-04,3.0,0.0,4.0,2.0,2.0,4,2,2.0,3.0,1,4.0,3.0,coffee,1.0,coffee,2.0,,,391.0,66.0,15.0,,17.0,,,,,,42.0,15.0,,4.0,0.0,4.0
5,pm,2018-11-05,4.0,0.0,4.0,4.0,2.0,3,1,2.0,2.0,3,4.0,4.0,coffee,1.0,coffee,2.0,,,452.0,53.0,61.0,,27.0,,,,,,,3.0,,,,
5,pm,2018-11-07,3.0,3.0,4.0,2.0,2.0,4,3,2.0,3.0,3,1.0,4.0,coffee,1.0,coffee,1.0,,,290.0,103.0,60.0,,47.0,,,,,82.0,,7.0,,2.0,2.0,1.0
5,pm,2018-11-08,2.0,2.0,1.0,2.0,1.0,3,4,2.0,3.0,3,2.0,3.0,,,coffee,1.0,,,288.0,82.0,55.0,,2.0,,,,,85.0,,7.0,,4.0,0.0,4.0
5,pm,2018-11-09,4.0,0.0,4.0,4.0,4.0,4,3,2.0,3.0,1,3.0,4.0,,,coffee,1.0,,,405.0,93.0,64.0,,12.0,,,,,17.0,,2.0,,4.0,3.0,4.0
5,pm,2018-11-10,4.0,3.0,4.0,4.0,3.0,4,4,2.0,3.0,1,4.0,3.0,,,coffee,1.0,beer,1.0,5.0,66.0,141.0,,50.0,,,,24.0,149.0,158.0,,,3.0,3.0,1.0
5,pm,2018-11-11,3.0,3.0,1.0,3.0,3.0,4,3,2.0,3.0,3,4.0,2.0,,,coffee,1.0,,,9.0,84.0,82.0,,23.0,6.0,,,16.0,299.0,84.0,,,2.0,3.0,4.0
5,pm,2018-11-12,2.0,3.0,4.0,2.0,2.0,2,1,2.0,3.0,1,4.0,4.0,coffee,1.0,coffee,1.0,,,289.0,168.0,128.0,,7.0,,,,,,6.0,,,4.0,3.0,4.0
5,pm,2018-11-13,4.0,3.0,4.0,2.0,3.0,4,4,2.0,3.0,1,3.0,4.0,coffee,1.0,,,,,378.0,84.0,45.0,,20.0,,,,,32.0,,7.0,,,,
22,pm,2018-11-15,4.0,3.0,4.0,4.0,3.0,3,2,2.0,2.0,2,2.0,4.0,,,,,,,18.0,22.0,49.0,83.0,103.0,53.0,,,,106.0,106.0,,134.0,3.0,5.0,4.0
22,pm,2018-11-16,3.0,5.0,4.0,3.0,4.0,3,2,2.0,2.0,2,2.0,4.0,,,,,,,,20.0,33.0,,17.0,,,,,,389.0,,259.0,3.0,2.0,4.0
22,pm,2018-11-17,3.0,2.0,4.0,3.0,3.0,3,1,1.0,2.0,2,2.0,4.0,,,,,,,,,66.0,12.0,26.0,,,,,,639.0,,96.0,3.0,3.0,4.0
22,pm,2018-11-18,3.0,3.0,4.0,2.0,3.0,3,3,2.0,2.0,2,2.0,,,,,,,,32.0,257.0,81.0,,,,101.0,,9.0,100.0,133.0,,,,,
22,pm,2018-11-20,2.0,9.0,4.0,2.0,3.0,3,3,2.0,2.0,2,2.0,,,,,,,,,,42.0,,119.0,53.0,,,,86.0,193.0,18.0,232.0,3.0,2.0,4.0
22,pm,2018-11-21,3.0,2.0,4.0,3.0,3.0,3,3,2.0,2.0,2,2.0,,,,coffee,1.0,,,,,29.0,62.0,27.0,,,,,97.0,147.0,269.0,117.0,3.0,2.0,4.0
22,pm,2018-11-22,3.0,2.0,4.0,3.0,3.0,2,1,2.0,2.0,2,1.0,,,,,,,,,31.0,99.0,21.0,22.0,72.0,,,59.0,147.0,182.0,37.0,,2.0,5.0,4.0
22,pm,2018-11-23,2.0,5.0,4.0,1.0,1.0,3,2,2.0,2.0,4,2.0,,,,,,,,,,,,,,,,7.0,124.0,131.0,,313.0,4.0,0.0,4.0
22,pm,2018-11-24,4.0,0.0,4.0,4.0,4.0,3,2,2.0,2.0,2,2.0,,,,,,,,,,54.0,49.0,8.0,,,,23.0,195.0,128.0,49.0,107.0,3.0,0.0,4.0
22,pm,2018-11-25,3.0,0.0,4.0,3.0,3.0,3,3,2.0,2.0,2,2.0,,,,,,,,,150.0,67.0,,175.0,,,,31.0,58.0,23.0,22.0,173.0,3.0,0.0,4.0
22,pm,2018-11-26,3.0,0.0,4.0,3.0,3.0,3,3,2.0,2.0,2,2.0,,,,,,,,,90.0,31.0,,229.0,48.0,,,25.0,,119.0,2.0,185.0,3.0,1.0,4.0
22,pm,2018-11-27,3.0,1.0,4.0,3.0,3.0,3,3,2.0,2.0,2,2.0,,,,,,,,,39.0,115.0,,187.0,,,,34.0,158.0,24.0,40.0,239.0,3.0,1.0,4.0
22,pm,2018-11-28,3.0,1.0,4.0,3.0,3.0,3,3,2.0,2.0,2,2.0,,,,,,,,,77.0,34.0,,135.0,136.0,,98.0,,102.0,57.0,,130.0,,,
6,pm,2018-10-31,3.0,9.0,2.0,3.0,3.0,3,3,2.0,2.0,2,2.0,2.0,,,,,,,397.0,112.0,28.0,,147.0,,,,,,,,,3.0,9.0,2.0
6,pm,2018-11-04,3.0,9.0,2.0,3.0,3.0,3,3,2.0,2.0,2,2.0,4.0,,,,,,,,,,,387.0,,,204.0,,,,,,3.0,0.0,2.0
6,pm,2018-11-05,3.0,0.0,2.0,3.0,3.0,3,4,2.0,2.0,2,4.0,4.0,,,,,,,,169.0,73.0,24.0,382.0,,,93.0,,,,,,3.0,9.0,2.0
6,pm,2018-11-06,3.0,9.0,2.0,3.0,3.0,3,3,2.0,2.0,2,2.0,,,,,,,,,1.0,170.0,,499.0,,,,,,,,,2.0,9.0,2.0
6,pm,2018-11-09,2.0,9.0,2.0,2.0,2.0,3,3,2.0,2.0,2,2.0,,,,,,,,,,,,,,,,,572.0,,,,3.0,9.0,2.0
6,pm,2018-11-11,3.0,9.0,2.0,3.0,3.0,3,3,2.0,2.0,2,2.0,,,,,,,,,,14.0,,,,,191.0,,356.0,,,168.0,,,
27,pm,2018-11-15,2.0,0.0,4.0,2.0,2.0,1,1,2.0,4.0,1,2.0,4.0,,,,,,,34.0,175.0,87.0,165.0,155.0,,,33.0,49.0,,,37.0,,3.0,4.0,2.0
27,pm,2018-11-16,3.0,4.0,2.0,2.0,2.0,1,1,2.0,4.0,2,1.0,4.0,,,,,,,41.0,257.0,82.0,,252.0,,48.0,,30.0,,,8.0,,2.0,2.0,4.0
27,pm,2018-11-17,2.0,2.0,4.0,1.0,1.0,2,1,2.0,4.0,4,2.0,4.0,,,coffee,1.0,,,71.0,72.0,111.0,,255.0,,,,3.0,,,,208.0,4.0,0.0,2.0
27,pm,2018-11-18,4.0,0.0,2.0,3.0,3.0,1,1,2.0,4.0,4,3.0,4.0,,,coffee,1.0,,,,115.0,40.0,,342.0,,,,28.0,,,73.0,127.0,3.0,6.0,2.0
27,pm,2018-11-19,3.0,6.0,2.0,1.0,2.0,1,1,,4.0,2,3.0,4.0,,,coffee,2.0,,,,122.0,42.0,290.0,140.0,,,,133.0,,,,,2.0,4.0,2.0
27,pm,2018-11-20,2.0,4.0,2.0,1.0,1.0,2,1,2.0,4.0,3,3.0,4.0,,,,,,,20.0,199.0,142.0,297.0,172.0,,,,13.0,,16.0,,,3.0,4.0,2.0
27,pm,2018-11-21,3.0,4.0,2.0,1.0,1.0,1,1,,4.0,2,1.0,4.0,,,,,,,,130.0,66.0,221.0,231.0,,,,41.0,,,,,2.0,4.0,2.0
27,pm,2018-11-22,2.0,4.0,2.0,1.0,2.0,2,1,,4.0,2,2.0,4.0,,,,,,,,248.0,150.0,194.0,133.0,,,,12.0,,,,,2.0,6.0,4.0
27,pm,2018-11-23,2.0,6.0,4.0,1.0,1.0,1,1,1.0,4.0,2,2.0,4.0,,,,,,,8.0,117.0,101.0,,265.0,,,,136.0,,112.0,,,2.0,6.0,2.0
27,pm,2018-11-24,2.0,6.0,2.0,1.0,1.0,4,1,1.0,4.0,4,3.0,4.0,,,coffee,1.0,soju&beer,2.0,,102.0,66.0,,58.0,,,68.0,59.0,,,,306.0,1.0,5.0,2.0
27,pm,2018-11-25,1.0,5.0,2.0,1.0,1.0,2,1,2.0,4.0,4,3.0,4.0,,,coffee,1.0,,,,76.0,103.0,,164.0,,31.0,,125.0,,,,237.0,2.0,6.0,2.0
27,pm,2018-11-26,2.0,6.0,2.0,1.0,1.0,1,1,2.0,4.0,3,3.0,4.0,,,,,,,,119.0,82.0,327.0,164.0,,,,33.0,,,,,2.0,4.0,2.0
27,pm,2018-11-27,2.0,4.0,2.0,1.0,1.0,3,1,2.0,4.0,3,2.0,4.0,,,coffee,1.0,,,14.0,299.0,135.0,186.0,238.0,,,,32.0,,,,,2.0,0.0,2.0
27,pm,2018-11-28,2.0,0.0,2.0,2.0,2.0,2,1,1.0,4.0,3,3.0,4.0,,,coffee,1.0,,,,45.0,75.0,,445.0,,,64.0,59.0,,39.0,,,,,
14,pm,2018-10-31,2.0,8.0,4.0,3.0,3.0,2,1,2.0,4.0,2,2.0,3.0,coffee,2.0,,,,,421.0,21.0,15.0,,132.0,,,,,,,,,3.0,0.0,4.0
14,pm,2018-11-01,3.0,0.0,4.0,4.0,3.0,3,2,1.0,2.0,2,2.0,,coffee,1.0,,,,,425.0,37.0,,,70.0,,,,79.0,,,,,2.0,2.0,4.0
14,pm,2018-11-02,2.0,2.0,4.0,1.0,1.0,2,1,1.0,4.0,2,2.0,3.0,coffee,1.0,,,,,526.0,95.0,31.0,,38.0,,,,34.0,,,,,1.0,6.0,4.0
14,pm,2018-11-04,1.0,6.0,4.0,1.0,2.0,2,1,1.0,4.0,2,3.0,4.0,coffee,1.0,,,,,,174.0,50.0,,135.0,,,,,,,,,1.0,9.0,4.0
14,pm,2018-11-06,1.0,9.0,4.0,1.0,1.0,1,1,1.0,1.0,4,4.0,3.0,coffee,1.0,coffee,1.0,,,526.0,27.0,,96.0,52.0,,,,,,,,,,,
14,pm,2018-11-09,2.0,2.0,4.0,1.0,1.0,1,1,1.0,1.0,2,2.0,4.0,coffee,1.0,,,,,665.0,31.0,,,36.0,,,,,,,,,5.0,0.0,4.0
14,pm,2018-11-10,5.0,0.0,4.0,3.0,3.0,5,2,1.0,3.0,4,3.0,3.0,,,,,,,176.0,200.0,68.0,,107.0,,,,5.0,,,,,4.0,6.0,4.0
14,pm,2018-11-11,4.0,6.0,4.0,5.0,3.0,3,2,1.0,4.0,3,3.0,3.0,,,coffee,1.0,,,,236.0,73.0,,155.0,,,,83.0,,,,,4.0,4.0,4.0
14,pm,2018-11-12,4.0,4.0,4.0,3.0,3.0,3,2,1.0,4.0,2,2.0,4.0,coffee,1.0,coffee,1.0,,,428.0,6.0,36.0,,297.0,,,,,,,,,3.0,9.0,4.0
14,pm,2018-11-13,3.0,9.0,4.0,3.0,3.0,4,2,2.0,4.0,2,3.0,3.0,coffee,1.0,,,,,468.0,14.0,,,92.0,,,,,,,,,,,
2,pm,2018-11-15,3.0,0.0,4.0,2.0,2.0,3,3,1.0,3.0,1,2.0,4.0,,,coke,1.0,,,38.0,348.0,90.0,,108.0,,,71.0,,,,,,,,
2,pm,2018-11-25,2.0,2.0,4.0,2.0,2.0,3,3,2.0,2.0,2,2.0,,,,,,,,,,,,446.0,,90.0,106.0,,,,,,,,
2,pm,2018-11-27,1.0,0.0,4.0,2.0,4.0,4,4,,2.0,2,2.0,,,,,,,,136.0,,99.0,232.0,,,122.0,,103.0,,,,,2.0,1.0,4.0
2,pm,2018-11-28,2.0,1.0,4.0,2.0,3.0,2,1,2.0,2.0,2,2.0,,,,,,,,214.0,,,259.0,,,,,71.0,,,144.0,57.0,,,
16,pm,2018-11-01,4.0,2.0,2.0,3.0,4.0,3,1,2.0,4.0,3,2.0,4.0,coffee,1.0,coffee,2.0,,,74.0,32.0,98.0,351.0,,,,,,,,,,4.0,1.0,4.0
16,pm,2018-11-02,4.0,1.0,4.0,2.0,1.0,3,2,2.0,2.0,2,3.0,4.0,coffee,1.0,coffee,1.0,,,,19.0,22.0,326.0,,,,,,,,,,3.0,0.0,2.0
16,pm,2018-11-07,3.0,0.0,2.0,2.0,2.0,2,2,2.0,2.0,2,2.0,4.0,,,,,,,55.0,382.0,79.0,98.0,,,,,,,,,,3.0,0.0,4.0
16,pm,2018-11-08,3.0,0.0,4.0,2.0,2.0,3,1,1.0,1.0,2,3.0,4.0,,,,,,,112.0,,,622.0,,,,,,,,,,,,
16,pm,2018-11-12,2.0,1.0,4.0,1.0,2.0,2,1,,2.0,2,2.0,2.0,,,,,,,311.0,129.0,,82.0,5.0,,,,,,,,,,,
28,pm,2018-11-15,3.0,0.0,2.0,2.0,3.0,4,2,2.0,4.0,3,3.0,3.0,,,,,,,130.0,291.0,46.0,114.0,112.0,,,,22.0,,39.0,,,1.0,1.0,4.0
28,pm,2018-11-17,1.0,1.0,4.0,2.0,2.0,4,2,1.0,2.0,1,2.0,,caffeinated drink,1.0,,,,,,176.0,238.0,,236.0,66.0,,,,,,,,4.0,0.0,4.0
28,pm,2018-11-18,4.0,0.0,4.0,3.0,3.0,4,4,1.0,2.0,3,3.0,,coffee,1.0,,,,,177.0,18.0,90.0,,,,,,,,319.0,,209.0,4.0,0.0,4.0
28,pm,2018-11-19,4.0,0.0,4.0,4.0,4.0,4,4,2.0,2.0,3,3.0,1.0,,,,,,,389.0,147.0,64.0,,41.0,,,,34.0,,125.0,,,4.0,0.0,4.0
28,pm,2018-11-20,4.0,0.0,4.0,3.0,3.0,3,2,2.0,4.0,2,4.0,3.0,,,,,,,274.0,145.0,37.0,270.0,,,,,8.0,,32.0,,,4.0,5.0,4.0
28,pm,2018-11-21,4.0,5.0,4.0,5.0,3.0,5,5,2.0,2.0,3,3.0,,,,,,,,222.0,131.0,48.0,150.0,51.0,,,,69.0,,23.0,,62.0,2.0,5.0,4.0
28,pm,2018-11-22,2.0,5.0,4.0,3.0,3.0,3,2,2.0,4.0,3,2.0,4.0,,,,,,,444.0,98.0,25.0,86.0,47.0,,,,,,13.0,,,1.0,5.0,4.0
28,pm,2018-11-23,1.0,5.0,4.0,2.0,3.0,5,5,2.0,4.0,1,2.0,2.0,,,,,,,337.0,122.0,,153.0,34.0,,,,20.0,,,,,4.0,5.0,4.0
28,pm,2018-11-24,4.0,5.0,4.0,4.0,4.0,4,3,2.0,4.0,2,2.0,,,,,,,,120.0,178.0,171.0,,63.0,,10.0,,16.0,,78.0,,,4.0,0.0,4.0
28,pm,2018-11-26,4.0,0.0,4.0,4.0,4.0,3,3,2.0,1.0,2,2.0,4.0,,,,,,,,325.0,42.0,,102.0,,,,,,80.0,,,4.0,0.0,2.0
28,pm,2018-11-27,4.0,0.0,2.0,4.0,4.0,4,2,2.0,2.0,2,2.0,2.0,,,,,,,209.0,118.0,78.0,200.0,61.0,,,,,,55.0,,,4.0,2.0,4.0
28,pm,2018-11-28,4.0,2.0,4.0,3.0,3.0,4,1,2.0,4.0,2,2.0,,,,coffee,1.0,,,112.0,139.0,103.0,99.0,,,,,19.0,,83.0,,74.0,,,
8,pm,2018-11-01,2.0,2.0,4.0,2.0,2.0,3,3,2.0,4.0,3,3.0,4.0,,,,,,,157.0,158.0,50.0,4.0,80.0,,,,,27.0,201.0,,,1.0,1.0,4.0
8,pm,2018-11-02,1.0,1.0,4.0,2.0,3.0,5,3,2.0,3.0,2,3.0,3.0,coffee,1.0,,,wine,1.0,96.0,136.0,219.0,57.0,40.0,,,,,,105.0,,,1.0,0.0,4.0
8,pm,2018-11-04,1.0,0.0,4.0,3.0,3.0,4,4,1.0,3.0,3,3.0,3.0,,,coffee,2.0,,,,12.0,163.0,,70.0,,,180.0,,,104.0,,,2.0,6.0,4.0
8,pm,2018-11-05,2.0,6.0,4.0,2.0,3.0,4,2,2.0,3.0,3,3.0,4.0,coffee,2.0,,,beer,1.0,320.0,183.0,113.0,,,,,,,,113.0,,,3.0,6.0,4.0
8,pm,2018-11-06,3.0,6.0,4.0,2.0,3.0,3,2,2.0,2.0,3,2.0,4.0,,,coffee,1.0,,,128.0,199.0,28.0,,202.0,,,25.0,,,130.0,,,2.0,0.0,4.0
8,pm,2018-11-07,2.0,0.0,4.0,2.0,3.0,3,3,2.0,2.0,3,3.0,4.0,coffee,1.0,,,,,322.0,131.0,109.0,,26.0,,,81.0,,,5.0,14.0,,2.0,0.0,3.0
8,pm,2018-11-08,2.0,0.0,3.0,2.0,3.0,1,1,1.0,4.0,2,2.0,4.0,,,,,,,194.0,48.0,213.0,189.0,16.0,,,,,,,,,1.0,2.0,4.0
8,pm,2018-11-09,1.0,2.0,4.0,2.0,3.0,4,3,2.0,4.0,2,2.0,4.0,coffee,1.0,coffee,1.0,,,363.0,250.0,94.0,37.0,,,,16.0,,,37.0,,,1.0,2.0,4.0
8,pm,2018-11-10,1.0,2.0,4.0,2.0,3.0,4,4,2.0,2.0,2,3.0,4.0,coffee,1.0,,,,,,8.0,145.0,22.0,149.0,,,109.0,,,267.0,,,1.0,1.0,4.0
8,pm,2018-11-11,1.0,1.0,4.0,2.0,3.0,4,3,2.0,2.0,3,3.0,4.0,,,coffee,2.0,,,26.0,29.0,111.0,,93.0,,,215.0,,,214.0,,,3.0,2.0,3.0
8,pm,2018-11-12,3.0,2.0,3.0,3.0,3.0,3,1,2.0,4.0,1,2.0,4.0,coffee,1.0,,,,,274.0,250.0,118.0,78.0,,,,,,,39.0,,,,,
19,pm,2018-11-17,3.0,2.0,2.0,4.0,4.0,4,2,2.0,4.0,3,3.0,4.0,,,,,,,,47.0,,,104.0,30.0,,,138.0,,92.0,,,3.0,5.0,2.0
19,pm,2018-11-19,3.0,5.0,2.0,2.0,2.0,4,4,2.0,4.0,2,2.0,,,,,,,,205.0,88.0,83.0,120.0,,,,,7.0,,,,,3.0,0.0,2.0
19,pm,2018-11-20,3.0,0.0,2.0,2.0,3.0,3,2,2.0,4.0,3,3.0,,,,,,,,291.0,154.0,77.0,,39.0,,,,52.0,,,,,3.0,0.0,2.0
19,pm,2018-11-22,3.0,0.0,2.0,2.0,3.0,3,2,2.0,3.0,3,,,,,,,,,64.0,118.0,68.0,,22.0,,,,,,,,,2.0,0.0,2.0
19,pm,2018-11-23,2.0,0.0,2.0,2.0,2.0,3,2,2.0,3.0,3,3.0,,,,,,,,123.0,85.0,9.0,,13.0,6.0,,,,,,,,,,
19,pm,2018-11-27,3.0,5.0,2.0,2.0,3.0,3,2,2.0,2.0,2,2.0,,,,,,,,324.0,74.0,38.0,,77.0,,,,,,,,,,,
9,pm,2018-11-01,2.0,3.0,4.0,2.0,2.0,3,4,1.0,2.0,3,3.0,4.0,coffee,2.0,tea,1.0,beer,2.0,361.0,91.0,206.0,,,,,,41.0,,22.0,,,2.0,9.0,4.0
9,pm,2018-11-02,2.0,9.0,4.0,2.0,2.0,3,4,2.0,2.0,3,3.0,4.0,coffee,2.0,coffee,1.0,,,245.0,138.0,70.0,,26.0,1.0,,,62.0,,70.0,,86.0,3.0,4.0,4.0
9,pm,2018-11-03,3.0,4.0,4.0,2.0,3.0,4,4,2.0,1.0,2,3.0,3.0,coffee,1.0,,,beer,3.0,,155.0,148.0,,288.0,,,,14.0,,87.0,,,2.0,4.0,4.0
9,pm,2018-11-04,2.0,4.0,4.0,2.0,3.0,2,4,2.0,3.0,3,3.0,,coffee,1.0,,,,,,147.0,93.0,,34.0,,,,285.0,30.0,84.0,128.0,,4.0,3.0,4.0
9,pm,2018-11-05,4.0,3.0,4.0,3.0,3.0,3,1,1.0,2.0,3,4.0,2.0,coffee,1.0,coffee,2.0,,,425.0,220.0,71.0,,,,,,39.0,,30.0,,,3.0,0.0,4.0
9,pm,2018-11-06,3.0,0.0,4.0,3.0,3.0,3,2,2.0,2.0,2,2.0,,coffee,2.0,coffee,2.0,,,452.0,137.0,133.0,,,,,,48.0,,5.0,,,3.0,0.0,4.0
9,pm,2018-11-07,3.0,0.0,4.0,2.0,3.0,4,4,2.0,3.0,3,3.0,,coffee,1.0,coffee,2.0,,,288.0,213.0,87.0,,34.0,,,,60.0,,85.0,,,3.0,3.0,4.0
9,pm,2018-11-08,3.0,3.0,4.0,3.0,3.0,4,4,2.0,3.0,3,3.0,,coffee,2.0,coffee,2.0,,,53.0,169.0,131.0,,106.0,,,,,,150.0,61.0,,3.0,0.0,4.0
9,pm,2018-11-09,3.0,0.0,4.0,3.0,3.0,4,4,2.0,3.0,3,3.0,,coffee,1.0,coffee,2.0,beer,2.0,243.0,156.0,102.0,,21.0,5.0,,,32.0,,24.0,27.0,,3.0,0.0,4.0
9,pm,2018-11-10,3.0,0.0,4.0,2.0,3.0,4,4,2.0,3.0,3,3.0,,,,coffee,2.0,beer,3.0,,12.0,100.0,,200.0,,,,71.0,,368.0,,,4.0,4.0,4.0
9,pm,2018-11-11,4.0,4.0,4.0,3.0,3.0,4,4,2.0,3.0,3,3.0,,coffee,2.0,,,,,,65.0,51.0,40.0,152.0,117.0,,,104.0,,123.0,46.0,32.0,3.0,0.0,2.0
9,pm,2018-11-12,3.0,0.0,2.0,3.0,3.0,3,3,2.0,3.0,3,3.0,3.0,coffee,1.0,coffee,2.0,beer,1.0,325.0,118.0,58.0,,,,,,64.0,,62.0,,,2.0,0.0,4.0
9,pm,2018-11-13,2.0,0.0,4.0,2.0,3.0,3,2,2.0,3.0,3,3.0,,coffee,1.0,coffee,2.0,,,260.0,190.0,70.0,,,,,,59.0,,88.0,,,,,
26,pm,2018-11-15,2.0,5.0,4.0,1.0,1.0,2,3,2.0,1.0,2,3.0,3.0,,,,,soju,3.0,245.0,25.0,25.0,,223.0,,,,,,,,,1.0,9.0,4.0
26,pm,2018-11-16,1.0,9.0,4.0,3.0,3.0,3,2,1.0,4.0,3,3.0,2.0,,,,,soju,2.0,105.0,114.0,20.0,,175.0,,,,,408.0,34.0,,,2.0,3.0,4.0
26,pm,2018-11-17,2.0,3.0,4.0,2.0,2.0,3,2,2.0,2.0,2,3.0,4.0,,,,,,,77.0,27.0,41.0,338.0,145.0,,,,,24.0,,,,1.0,0.0,4.0
26,pm,2018-11-18,1.0,0.0,4.0,3.0,2.0,4,4,2.0,4.0,2,3.0,,,,,,,,231.0,23.0,44.0,,40.0,,,,,,,,,4.0,0.0,2.0
26,pm,2018-11-19,4.0,0.0,2.0,4.0,4.0,4,3,2.0,4.0,3,3.0,2.0,,,,,,,,126.0,133.0,274.0,38.0,,,,,,,,,5.0,0.0,4.0
26,pm,2018-11-20,5.0,0.0,4.0,5.0,4.0,4,3,2.0,2.0,3,2.0,4.0,,,,,,,,136.0,70.0,363.0,125.0,,,,,,,,,4.0,9.0,4.0
26,pm,2018-11-21,4.0,9.0,4.0,4.0,4.0,2,2,2.0,2.0,3,2.0,,,,,,,,202.0,135.0,25.0,152.0,149.0,,,,,,,,,5.0,0.0,1.0
26,pm,2018-11-22,5.0,0.0,1.0,3.0,4.0,4,4,2.0,4.0,4,3.0,3.0,,,,,,,244.0,125.0,17.0,91.0,148.0,,,,10.0,,,,,4.0,0.0,4.0
26,pm,2018-11-24,4.0,0.0,4.0,1.0,3.0,3,3,2.0,3.0,2,2.0,3.0,,,,,,,326.0,43.0,88.0,,151.0,,,,,,,,,2.0,6.0,4.0
26,pm,2018-11-25,2.0,6.0,4.0,2.0,2.0,4,4,2.0,4.0,2,3.0,4.0,,,,,soju,2.0,,33.0,114.0,,57.0,179.0,,,,24.0,44.0,,,2.0,2.0,4.0
26,pm,2018-11-26,2.0,2.0,4.0,2.0,2.0,4,2,2.0,4.0,2,2.0,2.0,,,,,,,256.0,29.0,45.0,160.0,68.0,,,,20.0,172.0,,,,4.0,0.0,4.0
26,pm,2018-11-28,4.0,0.0,4.0,4.0,4.0,4,3,2.0,3.0,3,2.0,3.0,,,,,,,146.0,51.0,75.0,178.0,235.0,,,,,32.0,,,,,,
