userId,inputDt,yest_sleep,yest_sleepProblem,yest_dream,amCondition,amEmotion,pmEmotion,pmStress,caffeine,cAmount(ml),alcohol,aAmount(ml),work,meal,personal_care,travel,recreation_etc,recreation_media,socialising,study,household,shop,entertainment,outdoor_act,hobby,care_housemem,community_interaction,today_sleep,today_sleepProblem,today_dream
user24,2020-08-31 0:00,3,2,2,3,3,4,2,coffee,200,,,517,89,25,,33,,,,26,,,,128,,,4,0,4
user24,2020-09-01 0:00,4,0,4,4,3,5,4,coffee,150,,,389,120,35,145,,108,,,,3,,,45,,,4,0,4
user24,2020-09-02 0:00,4,0,4,2,4,4,4,,,,,413,98,25,,118,,24,,20,,,,,,77,4,0,2
user24,2020-09-03 0:00,4,0,2,2,3,3,2,coffee,200,,,374,95,20,,58,92,66,,25,,,20,120,,,3,0,2
user24,2020-09-04 0:00,3,0,2,2,3,5,4,coffee,100,,,452,106,40,150,35,57,55,,,,,,,,,4,0,3
user24,2020-09-05 0:00,4,0,3,3,5,5,5,,,,,,121,,,24,314,60,,90,,,,,,,4,0,2
user24,2020-09-06 0:00,4,0,2,2,3,2,1,coffee,250,,,,187,32,108,65,54,216,,,30,,,,,69,4,1,2
user24,2020-09-07 0:00,4,1,2,4,3,4,2,coffee,200,,,436,75,38,146,30,67,117,,,,,,,,,4,0,4
user24,2020-09-08 0:00,4,0,4,1,4,4,2,,,,,450,110,38,162,,140,,,,,,,,,,3,0,2
user24,2020-09-09 0:00,3,0,2,2,4,3,3,,,,,345,109,,,,298,,,15,,,31,,,,4,0,4
user24,2020-09-10 0:00,4,0,4,3,4,4,4,,,,,375,85,20,,35,297,,,10,,,,,,50,4,0,4
user24,2020-09-11 0:00,4,0,4,2,3,5,2,coffee,150,,,420,160,35,180,10,,,,10,,,,128,,,3,5,2
user24,2020-09-12 0:00,3,5,2,2,4,4,5,coffee,100,,,,68,20,55,,469,88,,10,,,50,,,,4,0,2
user24,2020-09-13 0:00,4,0,2,2,4,5,2,,,,,,125,,61,60,209,,,20,,,,,,155,4,0,2
user24,2020-09-14 0:00,4,0,2,2,3,5,2,coffee,250,,,,,,,,,,,,,,,,,,3,2,2
user24,2020-09-15 0:00,3,2,2,2,2,3,2,,,,,430,35,30,260,15,65,,,20,,,,,,,4,0,2
user24,2020-09-16 0:00,4,0,2,3,4,4,2,,,,,510,120,,,,192,105,,,,,,,,,4,0,2
user24,2020-09-17 0:00,4,0,2,4,3,3,2,coffee,150,,,335,50,15,127,75,95,137,,,,,,,,,3,0,2
user24,2020-09-18 0:00,3,0,2,1,3,3,1,,,,,388,128,35,238,30,,40,,,,,,,,,3,0,2
user24,2020-09-19 0:00,3,0,2,2,3,3,4,,,,,,68,45,105,90,205,115,,,,,,,,90,4,0,2
user24,2020-09-20 0:00,4,0,2,3,4,4,4,,,,,,112,23,50,,15,222,,126,,,,75,,124,3,0,2
user24,2020-09-21 0:00,3,0,2,2,2,4,1,coffee,100,,,504,72,49,146,20,113,65,,,,,,,,,4,2,2
user24,2020-09-22 0:00,4,2,2,2,3,3,2,,,,,436,120,30,186,13,99,,,10,,,,,,,4,0,2
user24,2020-09-23 0:00,4,0,2,2,4,2,1,coffee,200,,,432,149,15,56,10,48,78,,,,,,,,69,3,0,2
user24,2020-09-24 0:00,3,0,2,2,3,1,1,,,,,582,65,,,20,84,,,,,,,,,,3,0,2
user24,2020-09-25 0:00,3,0,2,2,2,4,2,coffee,100,,,423,80,26,205,,41,106,,,,,40,,49,,4,0,2
user24,2020-09-26 0:00,4,0,2,4,3,4,4,,,,,,85,,25,72,339,,90,20,,,,96,,,4,0,2
user24,2020-09-27 0:00,4,0,2,3,4,3,4,coffee,100,,,,140,29,35,5,168,,,35,,,,,,127,,,
user23,2020-08-31 0:00,4,1,2,3,4,5,2,coffee,300,,,540,60,30,120,120,,,,20,,,30,,40,,4,1,2
user23,2020-09-01 0:00,4,1,2,2,4,5,3,coffee,250,,,256,60,63,330,58,,,,30,,,,,60,,2,1,4
user23,2020-09-02 0:00,2,1,4,3,4,5,4,,,,,,91,18,180,90,,,,30,,,60,,208,,3,3,4
user23,2020-09-03 0:00,3,3,4,4,4,5,5,,,,,,80,,60,30,60,,,,,,90,,353,,4,1,2
user23,2020-09-04 0:00,4,1,2,4,4,5,5,,,,,,121,,300,,60,,,60,,,,,189,,4,0,4
user23,2020-09-05 0:00,4,0,4,5,5,5,2,,,,,,125,37,60,,60,,,90,,,36,,266,,4,0,2
user23,2020-09-06 0:00,4,0,2,4,5,5,4,,,,,,60,84,140,90,,,,70,,,,60,270,,3,5,2
user23,2020-09-07 0:00,3,5,2,1,2,5,4,,,,,450,90,24,210,,,,,,,,,,24,,3,8,2
user23,2020-09-08 0:00,3,8,2,2,4,4,2,,,,,360,29,115,240,30,,,,,,,,,60,,3,8,2
user23,2020-09-09 0:00,3,8,2,3,3,4,2,,,,,471,100,44,120,,,,,,,,,,60,,2,7,2
user23,2020-09-10 0:00,2,7,2,1,1,5,4,,,,,299,60,60,323,,,,,,,,60,,35,,3,3,2
user23,2020-09-11 0:00,3,3,2,3,4,5,4,,,,,510,50,70,120,,,,,,,,,,38,,4,0,2
user23,2020-09-12 0:00,4,0,2,4,4,5,5,,,,,,120,20,76,,200,,,20,,,,,200,,2,9,2
user23,2020-09-13 0:00,2,9,2,2,4,5,5,,,,,,120,30,60,,270,,,120,,,,,119,,4,9,2
user23,2020-09-14 0:00,4,9,2,4,4,5,4,,,,,510,60,55,120,,,,,,,,35,,60,,4,9,2
user23,2020-09-15 0:00,4,9,2,2,4,5,2,,,,,390,100,49,210,,,,,,,,,,36,,4,9,2
user23,2020-09-16 0:00,4,9,2,2,3,5,4,,,,,510,150,61,89,,,,,,,,,,,,3,3,1
user23,2020-09-17 0:00,3,3,1,3,2,5,4,,,,,370,90,55,230,,36,,,,,,,,65,,3,9,2
user23,2020-09-18 0:00,3,9,2,4,3,5,5,,,,,420,61,59,210,,,,,,,,,,,,2,9,2
user23,2020-09-19 0:00,2,9,2,2,4,5,5,,,,,,120,19,135,,179,,,,,30,20,,235,,4,9,2
user23,2020-09-20 0:00,4,9,2,4,5,3,2,,,,,,120,44,80,10,134,,,,,,120,,190,,4,0,2
user23,2020-09-21 0:00,4,0,2,1,3,5,3,,,,,420,60,54,240,,,,,,,,,,55,,3,0,2
user23,2020-09-22 0:00,3,0,2,2,3,5,4,coffee,250,not specified,300,509,61,54,120,,,,,,,,,,43,,4,0,2
user23,2020-09-23 0:00,4,0,2,2,3,5,4,,,,,390,90,61,240,,,,,,,,,,73,,3,1,2
user23,2020-09-24 0:00,3,1,2,3,3,5,5,,,,,360,61,59,240,,58,,,,,,,,41,,4,0,2
user23,2020-09-25 0:00,4,0,2,4,3,1,1,,,,,300,60,60,150,,81,,,,,,30,,180,,1,0,2
user23,2020-09-26 0:00,1,0,2,3,4,1,2,,,,,,42,30,80,,228,,,30,,,,,310,,1,0,4
user23,2020-09-27 0:00,1,0,4,1,3,5,5,,,,,,90,,20,,63,50,,60,,,,,236,,,,
user05,2020-08-31 0:00,4,0,4,4,4,4,3,coffee,1000,,,555,114,17,44,,22,,,3,,,,,,,2,2,4
user05,2020-09-01 0:00,2,2,4,2,3,3,2,coffee,1000,,,121,15,3,13,,27,,,17,,,,,,,2,9,4
user05,2020-09-02 0:00,2,9,4,2,3,3,2,coffee,1000,,,56,6,,10,,11,,,,,,,,,,4,0,4
user05,2020-09-03 0:00,4,0,4,4,4,4,3,coffee,500,,,45,41,2,2,,6,,,,,,,,,,4,5,4
user05,2020-09-04 0:00,4,5,4,3,3,4,4,coffee,1000,not specified,300,45,18,,17,15,56,,,,,,,,,,4,0,4
user05,2020-09-05 0:00,4,0,4,3,4,4,4,coffee,1000,,,,96,14,28,14,51,,,32,,,,,97,,4,0,4
user05,2020-09-06 0:00,4,0,4,4,4,4,2,coffee,500,,,,20,4,20,83,61,,,1,6,,,,,,3,0,2
user05,2020-09-07 0:00,3,0,2,4,4,3,3,coffee,1000,,,26,51,39,12,2,13,,,,,,,,,,3,2,2
user05,2020-09-08 0:00,3,2,2,3,3,4,4,coffee,1000,,,33,5,19,7,,21,,,1,,,,,5,,3,1,4
user05,2020-09-09 0:00,3,1,4,3,3,3,3,coffee,1000,,,66,12,60,17,,41,,,,,,,,1,,3,0,2
user05,2020-09-10 0:00,3,0,2,4,3,3,2,coffee,1000,,,30,21,43,16,29,32,,,22,,,,,1,,2,1,2
user05,2020-09-11 0:00,2,1,2,2,3,4,4,coffee,1000,not specified,500,32,16,26,1,30,18,,,,,,,,,,1,2,4
user05,2020-09-12 0:00,1,2,4,1,2,3,4,coffee,1000,,,,5,,25,11,31,73,,,,,,,,,4,0,4
user05,2020-09-13 0:00,4,0,4,4,4,4,4,coffee,300,,,,10,50,44,,93,,,6,,,,,,,4,0,4
user05,2020-09-14 0:00,4,0,4,4,4,3,3,coffee,1000,,,28,8,49,25,10,22,,,10,,,,,,,4,0,4
user05,2020-09-15 0:00,4,0,4,4,4,4,4,coffee,1000,,,45,5,45,16,3,10,10,,,,,,,3,,4,0,4
user05,2020-09-16 0:00,4,0,4,3,3,4,2,coffee,1500,,,27,21,59,17,,14,,,,,,,,,,2,9,2
user05,2020-09-17 0:00,2,9,2,2,3,4,4,coffee,1000,,,34,25,29,8,,8,1,,15,,,,,,,3,0,4
user05,2020-09-18 0:00,3,0,4,2,3,3,3,coffee,1000,,,122,19,49,25,,109,,,5,,,,,,,2,1,4
user05,2020-09-19 0:00,2,1,4,2,4,3,4,coffee,500,not specified,300,,4,10,39,8,121,,,57,,,,,,,3,0,1
user05,2020-09-20 0:00,3,0,1,3,3,3,4,coffee,1000,,,,22,37,11,,148,,,19,,,,,2,,3,0,4
user05,2020-09-21 0:00,3,0,4,3,3,3,3,coffee,1000,not specified,1000,41,38,51,15,,10,,,9,,,,,,,2,3,4
user05,2020-09-22 0:00,2,3,4,2,3,3,3,coffee,1000,,,19,7,,15,,55,,,,,,,,,,3,0,4
user05,2020-09-23 0:00,3,0,4,4,3,4,4,coffee,1000,not specified,500,132,22,45,14,,33,,,14,,,,,8,,3,0,4
user05,2020-09-24 0:00,3,0,4,4,4,2,2,coffee,1000,,,34,11,30,23,,15,,,,,,,,,,3,0,4
user05,2020-09-25 0:00,3,0,4,3,3,4,3,coffee,750,,,39,31,26,7,,21,,,,,,,,,,3,2,4
user05,2020-09-26 0:00,3,2,4,3,3,4,5,,,,,,2,,,21,143,,,24,,,,,,,3,1,4
user05,2020-09-27 0:00,3,1,4,3,3,3,2,coffee,1000,,,5,19,,97,14,72,,,22,,,,,76,,,,
user04,2020-08-31 0:00,2,2,2,3,3,4,2,,,,,344,53,16,199,,,,,14,40,,77,,,,2,2,2
user04,2020-09-01 0:00,2,2,2,2,3,4,2,,,,,518,58,23,33,11,,,,29,,,52,,,,3,2,4
user04,2020-09-02 0:00,3,2,4,4,3,4,3,,,,,339,93,58,204,99,,,,49,,,,,,,2,7,1
user04,2020-09-03 0:00,2,7,1,3,3,4,2,,,,,541,85,20,86,,,,,54,,,43,,,,3,2,4
user04,2020-09-04 0:00,3,2,4,4,4,4,4,,,,,374,96,30,95,108,,,,71,,,,,,,4,3,2
user04,2020-09-05 0:00,4,3,2,4,4,4,5,,,,,,167,10,562,103,14,,,,,,10,,,,4,0,2
user04,2020-09-06 0:00,4,0,2,4,5,4,5,,,,,83,56,14,23,118,,135,,277,,,,48,,,4,0,4
user04,2020-09-07 0:00,4,0,4,4,4,4,3,,,,,516,40,27,88,,,25,,58,,,24,,,,1,9,4
user04,2020-09-08 0:00,1,9,4,2,3,4,2,,,,,360,65,,98,,,33,,,,,67,,,,4,0,4
user04,2020-09-09 0:00,4,0,4,2,3,4,2,,,,,609,61,25,30,,,160,,,,,,,,,4,0,4
user04,2020-09-10 0:00,4,0,4,4,4,4,2,,,,,420,110,18,104,,,65,,71,,,46,,,,4,2,2
user04,2020-09-11 0:00,4,2,2,2,4,3,1,,,,,194,130,30,74,,,128,,,,,58,,,,3,2,2
user04,2020-09-12 0:00,3,2,2,2,3,4,5,,,,,84,16,50,104,127,210,341,,11,,,17,,,,4,0,2
user04,2020-09-13 0:00,4,0,2,4,4,5,5,coffee,200,,,,81,50,80,,218,100,,191,,,82,,,,2,1,2
user04,2020-09-14 0:00,2,1,2,2,3,4,4,,,,,492,66,36,91,,,50,,,,,141,,,,4,2,2
user04,2020-09-15 0:00,4,2,2,2,3,4,1,,,,,310,67,15,206,,,20,,73,,,57,,,,2,0,2
user04,2020-09-16 0:00,2,0,2,2,3,4,2,,,,,515,55,55,89,,,45,,,,,150,,,,4,0,2
user04,2020-09-17 0:00,4,0,2,2,3,3,1,,,,,298,55,44,137,,,12,,16,,,,,,,4,0,2
user04,2020-09-18 0:00,4,0,2,4,4,4,2,,,,,483,71,24,136,,,,,21,,,114,,,,4,0,2
user04,2020-09-19 0:00,4,0,2,2,3,4,5,,,,,335,65,10,,31,124,75,,91,,,61,,,,2,7,1
user04,2020-09-20 0:00,2,7,1,2,2,4,5,,,,,119,82,18,,65,267,198,,34,,,73,,,,3,0,2
user04,2020-09-21 0:00,3,0,2,4,4,4,2,,,,,485,68,25,97,,,,,,,,160,,,,4,0,2
user04,2020-09-22 0:00,4,0,2,4,4,4,1,,,,,615,95,25,66,,,15,,,,,7,,,,4,2,2
user04,2020-09-23 0:00,4,2,2,3,3,4,2,,,,,296,9,14,115,,,68,,,,,116,,,,3,0,2
user04,2020-09-24 0:00,3,0,2,2,3,3,2,,,,,540,63,15,93,,,28,,75,,,,,,,4,0,2
user04,2020-09-25 0:00,4,0,2,4,4,4,2,,,,,524,52,28,106,,,64,,,,,112,,,,4,0,2
user04,2020-09-26 0:00,4,0,2,4,4,4,4,,,,,,61,8,,,246,315,,125,,,,,,,4,0,2
user04,2020-09-27 0:00,4,0,2,4,4,4,4,,,,,238,85,15,108,,127,95,,52,,,49,,,,,,
user12,2020-08-30 0:00,5,7,1,4,5,4,4,coffee,200,soju,200,,,,,,,,,,,,,,,,3,2,2
user12,2020-08-31 0:00,3,2,2,3,3,3,4,coffee,300,soju,200,203,4,39,86,,10,,,,,,,,,,4,5,2
user12,2020-09-01 0:00,4,5,2,4,3,3,3,coffee,200,beer,1000,329,36,17,92,6,14,15,,15,,,,,,,2,2,2
user12,2020-09-02 0:00,2,2,2,2,3,1,1,coffee,150,soju,200,,,,,,,,,,,,,,,,3,2,2
user12,2020-09-03 0:00,3,2,2,2,2,4,3,tea,300,beer,500,480,145,85,176,,44,,,,,,,,,,4,0,2
user12,2020-09-04 0:00,4,0,2,4,3,4,2,coffee,250,soju,350,520,90,24,236,,,,,,,,2,,,,4,2,1
user12,2020-09-05 0:00,4,2,1,4,4,5,5,,,soju,400,,309,60,200,24,96,17,,,40,,,,,,5,5,2
user12,2020-09-06 0:00,5,5,2,5,5,5,5,,,,,,135,50,310,38,,40,,,,300,,,,,5,5,2
user12,2020-09-07 0:00,5,5,2,2,4,4,4,,,,,,117,100,,30,417,20,,35,,,,,,,5,0,2
user12,2020-09-08 0:00,5,0,2,5,5,3,5,,,soju,300,,130,43,120,70,215,97,,43,30,,,,,,5,7,1
user12,2020-09-09 0:00,5,7,1,4,2,3,5,,,beer,400,,100,160,50,,179,60,,105,75,,,,,,5,0,2
user12,2020-09-10 0:00,5,0,2,5,4,4,4,,,wine,300,,170,51,210,20,177,30,,30,81,,,,,,4,2,2
user12,2020-09-11 0:00,4,2,2,2,3,4,4,,,soju,300,504,148,32,150,,63,,,,,,,,,,4,0,2
user12,2020-09-12 0:00,4,0,2,3,4,3,4,,,,,,118,60,34,,120,76,,2,44,30,72,,,,4,2,2
user12,2020-09-13 0:00,4,2,2,4,3,4,5,,,soju,300,,239,116,196,,82,60,,,30,,,,,,2,7,1
user12,2020-09-14 0:00,2,7,1,2,2,2,3,coffee,200,beer,700,,,,,,,,,,,,,,,,4,2,2
user12,2020-09-15 0:00,4,2,2,3,3,3,3,coffee,400,,,471,108,47,144,,61,57,,,,,,,,,4,2,2
user12,2020-09-16 0:00,4,2,2,3,3,3,2,coffee,300,soju,200,255,96,55,141,11,60,,,,,,,,,,4,2,2
user12,2020-09-17 0:00,4,2,2,3,3,4,2,coffee,300,,,490,95,55,142,10,60,40,,,,,,,,,4,3,2
user12,2020-09-18 0:00,4,3,2,4,4,5,3,,,soju,200,510,96,55,126,30,60,,,,,,,,,,4,0,2
user12,2020-09-19 0:00,4,0,2,4,4,5,4,,,beer,500,,131,160,60,,393,17,,30,,,,30,,,5,2,2
user12,2020-09-20 0:00,5,2,2,4,5,4,5,,,soju,200,,71,60,91,,148,,,60,29,90,,,,,3,2,1
user12,2020-09-21 0:00,3,2,1,2,2,2,1,,,soju,300,510,49,37,108,,53,20,,,,,,,,,3,7,2
user12,2020-09-22 0:00,3,7,2,2,3,3,1,,,wine,250,474,99,32,148,,60,40,,,,,,,,,3,7,1
user12,2020-09-23 0:00,3,7,1,3,3,3,1,,,soju,200,484,105,44,141,10,42,40,,,,,,,,,4,0,2
user12,2020-09-24 0:00,4,0,2,4,3,3,3,,,soju,300,448,78,31,140,60,37,40,,,,,,,,,4,0,2
user12,2020-09-25 0:00,4,0,2,2,3,3,2,,,wine,300,530,110,35,149,15,60,,,,,,,,,,5,0,1
user12,2020-09-26 0:00,5,0,1,4,4,4,4,,,,,,90,84,76,40,105,,,,241,,,,,,5,0,2
user12,2020-09-27 0:00,5,0,2,5,4,4,4,,,soju,300,,146,93,40,,309,20,,,,82,,,,,,,
user08,2020-08-31 0:00,2,1,3,2,3,4,3,,,beer,800,83,48,,240,,,,,,,,,,,,5,0,3
user08,2020-09-01 0:00,5,0,3,4,4,4,3,,,beer,800,444,173,29,236,,,,,,,,,,,,4,0,2
user08,2020-09-02 0:00,4,0,2,4,4,3,3,,,,,422,120,119,162,120,,,,,,,,,,,4,0,3
user08,2020-09-03 0:00,4,0,3,2,3,4,1,,,,,512,60,28,121,28,,,,,,,,,,,4,0,3
user08,2020-09-04 0:00,4,0,3,4,4,4,2,,,beer,1000,480,120,30,120,90,,,,,,,,,,,4,0,3
user08,2020-09-05 0:00,4,0,3,3,4,4,5,,,soju,800,,120,60,79,120,60,60,,,99,,43,,60,,5,0,4
user08,2020-09-06 0:00,5,0,4,5,5,5,4,,,,,,120,13,161,,,77,,,,387,,,,,5,0,3
user08,2020-09-07 0:00,5,0,3,5,5,5,2,,,,,,,,,,,,,,,,,,,,5,0,2
user08,2020-09-08 0:00,5,0,2,3,4,5,1,,,,,560,120,30,120,,,,,30,,,,,,,3,0,2
user08,2020-09-09 0:00,3,0,2,3,4,1,1,,,,,473,120,86,120,58,,,,30,,,,,,,2,2,2
user08,2020-09-10 0:00,2,2,2,3,3,3,3,,,,,463,120,150,120,,,,,30,,,,,,,3,1,3
user08,2020-09-11 0:00,3,1,3,3,4,4,2,,,,,480,120,90,120,,,,,13,,,,,,,3,1,2
user08,2020-09-12 0:00,3,1,2,3,3,3,2,,,,,,120,,120,60,120,120,60,60,52,44,,60,60,60,2,4,2
user08,2020-09-13 0:00,2,4,2,3,3,4,3,,,,,,58,60,240,60,,,60,,60,60,,60,60,,4,0,3
user08,2020-09-14 0:00,4,0,3,2,3,4,3,,,,,447,100,90,180,,,,,30,,,,,,,4,0,3
user08,2020-09-15 0:00,4,0,3,4,4,4,1,,,,,471,161,90,120,,60,,,30,,,,,,,4,0,3
user08,2020-09-16 0:00,4,0,3,3,4,4,2,,,,,457,120,27,120,120,,,,30,,,,,,,3,5,3
user08,2020-09-17 0:00,3,5,3,4,4,5,4,,,,,470,169,30,120,38,,,,30,,,,,,,5,0,3
user08,2020-09-18 0:00,5,0,3,4,4,4,4,,,,,466,169,30,119,,,,,30,,,,,,,5,0,2
user08,2020-09-19 0:00,5,0,2,5,5,4,4,,,,,,233,60,,52,,,,106,180,60,,,,,4,0,3
user08,2020-09-21 0:00,4,0,3,5,5,5,4,,,,,470,120,30,,57,,,,30,,,,,,,4,7,3
user08,2020-09-22 0:00,4,7,3,4,4,4,4,,,,,469,120,30,120,,,,,30,,,,,,,3,3,3
user08,2020-09-23 0:00,3,3,3,4,4,4,3,,,,,360,120,133,120,120,,,,30,,,,,,,4,0,3
user08,2020-09-24 0:00,4,0,3,5,4,5,2,,,,,457,120,132,120,,,,,30,,,,,,,4,6,3
user08,2020-09-25 0:00,4,6,3,3,4,4,5,,,,,480,113,131,120,,,,,30,,,,,,,,,
user02,2020-08-31 0:00,4,1,2,2,3,3,2,coffee,1000,soju&beer,500,455,163,57,30,13,,,,,,,,,,,3,0,4
user02,2020-09-01 0:00,3,0,4,1,2,3,2,coffee,1000,,,602,90,50,50,60,,,,,,,,,,,3,5,2
user02,2020-09-02 0:00,3,5,2,1,2,3,1,coffee,500,,,409,90,60,60,,49,30,,,,,,,,,4,5,4
user02,2020-09-03 0:00,4,5,4,1,3,3,1,coffee,500,,,618,120,30,54,20,,90,,,,,,,,,3,1,2
user02,2020-09-04 0:00,3,1,2,1,2,4,2,coffee,1000,,,462,90,69,60,,32,180,,,,,,,,,4,0,2
user02,2020-09-12 0:00,4,0,2,3,3,4,4,,,,,,34,,60,,55,,80,15,,,,,,,3,0,2
user02,2020-09-13 0:00,3,0,2,3,3,3,2,,,,,180,45,86,90,,334,,75,,,,,,,,4,0,2
user02,2020-09-20 0:00,4,0,2,3,3,3,4,,,,,21,60,,30,,89,,60,40,,,,,,,4,0,2
user02,2020-09-21 0:00,4,0,2,2,3,3,2,coffee,500,,,453,60,45,45,,4,,,,,,,,,,4,0,2
user02,2020-09-22 0:00,4,0,2,3,3,3,2,coffee,500,beer,1000,575,181,38,81,,,,30,,,,,,,,3,0,2
user02,2020-09-23 0:00,3,0,2,2,3,4,2,coffee,500,soju,1500,354,200,85,52,,94,91,,,,,,,,,3,0,2
user02,2020-09-25 0:00,3,0,2,2,3,4,2,coffee,1500,,,433,94,57,59,,86,101,,,,,,,,,4,0,2
user02,2020-09-26 0:00,4,0,2,2,3,4,4,,,soju,300,,30,270,90,,152,57,60,60,,,,,,,4,0,2
user02,2020-09-27 0:00,4,0,2,4,3,4,4,,,,,,,,,,,,,,,,,,,,,,
user10,2020-09-05 0:00,2,4,3,2,2,1,1,,,,,,5,110,160,111,55,,,30,,,,,,,1,0,4
user10,2020-09-06 0:00,1,0,4,1,1,4,5,,,,,,42,52,,409,454,,,9,,,,,,,4,1,3
user10,2020-09-07 0:00,4,1,3,4,4,3,2,caffeinated drink,280,,,692,31,30,104,24,,,,,,,,,,,5,1,3
user10,2020-09-08 0:00,5,1,3,4,5,3,2,caffeinated drink,280,,,646,27,18,65,27,111,,,,,,,,,,3,1,4
user10,2020-09-09 0:00,3,1,4,2,3,3,3,caffeinated drink,280,,,523,27,31,90,314,,,,,,,,,,,3,1,4
user10,2020-09-10 0:00,3,1,4,2,2,5,5,caffeinated drink,560,,,430,44,20,86,325,,,,,,,,,,,2,4,4
user10,2020-09-11 0:00,2,4,4,1,1,3,3,caffeinated drink,560,,,493,32,11,90,285,,,,,,,,,,,2,3,4
user10,2020-09-12 0:00,2,3,4,3,4,5,4,,,soju,900,,31,68,21,334,356,,,,,,,,,,5,0,4
user10,2020-09-13 0:00,5,0,4,4,4,5,5,,,,,,130,30,271,305,38,,,,,,,,,,3,1,4
user10,2020-09-14 0:00,3,1,4,3,3,1,5,,,,,717,59,25,93,169,,,,,,,,,,,1,9,4
user10,2020-09-15 0:00,1,9,4,1,2,5,4,,,soju,720,440,25,215,71,477,,,,,,,,,,,2,0,2
user10,2020-09-16 0:00,2,0,2,2,2,3,2,caffeinated drink,260,,,732,21,59,63,165,,,,,,,,,,,3,9,2
user10,2020-09-17 0:00,3,9,2,3,2,5,5,caffeinated drink,260,,,480,25,21,86,17,356,,,,,,,,,,4,1,4
user10,2020-09-18 0:00,4,1,4,3,2,5,5,,,soju,800,,,,,,,,,,,,,,,,5,9,3
user10,2020-09-19 0:00,5,9,3,1,3,4,4,,,,,,103,81,,146,214,72,,,,,,,,,2,1,3
user10,2020-09-20 0:00,2,1,3,2,2,4,5,,,soju,,,74,76,23,365,205,,,,,,,,,,5,0,3
user10,2020-09-21 0:00,5,0,3,2,5,5,5,,,,,,54,58,75,345,,,,,108,154,,,,,2,9,3
user10,2020-09-22 0:00,2,9,3,2,2,4,4,caffeinated drink,560,,,407,66,40,89,104,212,,,,,,80,,,,2,1,3
user10,2020-09-23 0:00,2,1,3,1,3,2,3,caffeinated drink,260,,,476,64,25,90,223,,,,,,,71,,,,3,1,4
user10,2020-09-24 0:00,3,1,4,3,3,2,2,caffeinated drink,560,,,737,38,33,49,21,,,,,,,,,,,2,5,3
user10,2020-09-25 0:00,2,5,3,1,2,5,4,coffee,680,soju,900,410,38,35,55,432,,,,,,,,,,,5,0,3
user10,2020-09-26 0:00,5,0,3,1,1,5,4,coffee,400,soju,680,,57,74,28,481,,,,,,,,,,,2,0,4
user10,2020-09-27 0:00,2,0,4,1,2,2,1,,,soju,600,,70,160,37,161,,,,,,,98,,,,,,
user03,2020-08-29 0:00,1,0,2,2,3,4,4,,,beer,1000,,,,,,,,,,,,,,,,4,0,2
user03,2020-08-30 0:00,4,0,2,2,3,3,5,coffee,300,,,,,,,,,,,,,,,,,,1,1,4
user03,2020-08-31 0:00,1,1,4,1,2,3,2,,,,,83,59,,,,192,9,,45,,,,,,,1,0,2
user03,2020-09-01 0:00,1,0,2,2,3,3,4,,,,,230,18,15,,58,125,10,,35,,,,,,,4,0,3
user03,2020-09-02 0:00,4,0,3,3,3,4,5,,,beer,355,145,85,17,,7,257,20,,36,,,,,,,2,7,1
user03,2020-09-03 0:00,2,7,1,2,2,4,3,,,beer,1000,234,53,,3,45,,15,,80,,,,,,,1,2,2
user03,2020-09-04 0:00,1,2,2,1,2,3,2,,,,,,39,,,134,181,35,,31,,,,,,,2,0,2
user03,2020-09-05 0:00,2,0,2,2,3,3,5,,,,,,41,,,,658,,,74,40,,,,,,2,2,2
user03,2020-09-06 0:00,2,2,2,2,2,3,4,coffee,300,,,,48,,,,525,,,71,,,,,,,2,2,2
user03,2020-09-07 0:00,2,2,2,1,2,3,4,,,,,118,39,1,14,30,135,,,150,,,,,,,2,1,2
user03,2020-09-08 0:00,2,1,2,2,3,4,3,,,beer,1000,181,30,6,,198,60,,,64,,,,,,,2,2,2
user03,2020-09-09 0:00,2,2,2,3,2,4,4,,,,,228,,1,,,151,,,6,,3,,,,,2,2,2
user03,2020-09-12 0:00,2,2,2,2,3,3,5,,,beer,1000,,,,,,,,,,,,,,,,1,2,2
user03,2020-09-13 0:00,1,2,2,1,2,4,5,,,,,,20,40,140,60,91,203,,80,,,30,,,,4,0,4
user03,2020-09-14 0:00,4,0,4,2,3,4,3,coffee,600,,,260,20,30,35,,160,45,,65,,,125,59,,,4,5,2
user03,2020-09-15 0:00,4,5,2,2,3,3,2,,,beer,3000,270,85,29,61,264,,21,,5,,,,,,,1,2,1
user03,2020-09-16 0:00,1,2,1,1,2,2,4,,,,,170,45,70,90,30,60,95,,30,,,,,,,3,0,2
user03,2020-09-17 0:00,3,0,2,2,3,3,3,,,,,,55,50,25,,241,30,,30,,,120,,,,3,0,2
user03,2020-09-18 0:00,3,0,2,2,3,3,4,coffee,300,beer,20000,160,40,50,,329,90,60,,50,,,,,,,3,0,2
user03,2020-09-19 0:00,3,0,2,2,3,4,4,coffee,500,beer,800,,120,75,226,180,60,,,89,,,,,,,4,2,2
user03,2020-09-20 0:00,4,2,2,2,3,4,4,coffee,400,,,,41,30,150,,187,110,,76,,,,,,,1,2,4
user03,2020-09-21 0:00,1,2,4,1,2,4,5,coffee,300,,,90,95,20,,110,212,,,130,,,115,,,,3,0,2
user03,2020-09-22 0:00,3,0,2,1,3,4,2,coffee,400,,,426,110,65,135,,,,,5,,,120,,,,4,0,2
user03,2020-09-23 0:00,4,0,2,1,3,2,2,coffee,500,,,485,116,58,42,,,,,,,,,,,,4,0,4
user03,2020-09-24 0:00,4,0,4,2,3,4,2,coffee,400,,,475,40,65,119,50,,,,25,,,140,,,,4,0,4
user03,2020-09-25 0:00,4,0,4,2,4,3,2,,,soju,450,308,10,50,80,209,,,,,,,,,,,4,0,2
user03,2020-09-26 0:00,4,0,2,1,3,3,4,,,,,,21,,,84,291,,,105,,,,,,,4,0,2
user03,2020-09-27 0:00,4,0,2,2,3,4,4,,,beer,1000,,140,40,,,518,,,30,,,30,,,,,,
user11,2020-08-30 0:00,4,0,4,3,3,4,4,,,,,,,,,,,,,,,,,,,,4,0,4
user11,2020-08-31 0:00,4,0,4,3,3,4,3,coffee,355,,,,40,60,60,195,320,,,195,,,70,,,,2,5,4
user11,2020-09-01 0:00,2,5,4,2,3,3,2,,,,,360,100,71,214,106,121,,,,,,,,,,3,2,4
user11,2020-09-02 0:00,3,2,4,3,3,3,2,coffee,400,,,366,90,30,225,90,142,,,,,,,,,,2,2,2
user11,2020-09-03 0:00,2,2,2,3,3,2,2,,,,,354,80,31,215,185,65,,,,,,,,,,2,2,4
user11,2020-09-04 0:00,2,2,4,2,3,3,2,,,,,383,55,38,207,40,,,,,,,,,,,3,2,2
user11,2020-09-05 0:00,3,2,2,3,3,4,4,,,,,,65,20,,197,440,,,,30,,,,,,2,2,2
user11,2020-09-06 0:00,2,2,2,3,3,3,3,,,,,,75,70,,140,454,,,75,,,,,,,3,2,4
user11,2020-09-07 0:00,3,2,4,2,3,3,2,,,,,365,90,35,215,209,58,,,,,,,,,,3,0,4
user11,2020-09-08 0:00,3,0,4,2,3,3,3,,,,,365,95,35,135,84,180,,,,,,,,,,2,0,4
user11,2020-09-09 0:00,2,0,4,3,3,3,3,,,,,365,85,50,170,,168,,,,,160,,,,,3,0,4
user11,2020-09-10 0:00,3,0,4,3,4,3,2,,,,,365,85,60,170,40,145,,,,,,,,,,3,2,4
user11,2020-09-11 0:00,3,2,4,3,3,4,4,,,,,365,95,45,200,45,156,,,,,,,,,,3,0,4
user11,2020-09-12 0:00,3,0,4,3,3,4,4,,,beer,500,,110,80,130,130,360,,,,,,,,,,3,3,4
user11,2020-09-13 0:00,3,3,4,3,3,3,2,,,,,,30,60,175,209,349,,,,,,,,,,3,0,4
user11,2020-09-14 0:00,3,0,4,3,3,3,3,,,,,365,85,50,199,110,205,,,,,,,,,,2,0,2
user11,2020-09-15 0:00,2,0,2,2,3,3,3,coffee,400,,,365,85,55,180,,332,,,,,,,,,,3,0,4
user11,2020-09-16 0:00,3,0,4,3,3,3,3,,,,,365,100,40,210,90,168,,,,,,,,,,3,0,4
user11,2020-09-17 0:00,3,0,4,3,3,4,2,,,,,390,90,50,185,188,144,,,,,,,,,,3,0,4
user11,2020-09-18 0:00,3,0,4,3,3,3,4,,,beer,1000,,85,40,155,197,181,,,150,135,,,,,,3,0,4
user11,2020-09-19 0:00,3,0,4,3,3,4,4,,,beer,800,,130,90,212,208,227,,,79,,,,,,,4,0,4
user11,2020-09-20 0:00,4,0,4,3,3,4,3,coffee,300,,,,150,15,209,66,292,,,30,,,,,,,2,2,4
user11,2020-09-21 0:00,2,2,4,3,3,2,1,,,,,364,100,70,231,55,171,,,,,,,,,,3,0,4
user11,2020-09-22 0:00,3,0,4,2,2,3,2,coffee,300,,,470,85,54,185,98,167,,,,,,,,,,2,2,4
user11,2020-09-23 0:00,2,2,4,3,3,2,1,,,,,365,85,45,220,45,159,,,,,,,,,,3,0,4
user11,2020-09-24 0:00,3,0,4,2,3,3,3,,,beer,350,365,280,30,209,120,,,,,,,,,,,3,2,2
user11,2020-09-25 0:00,3,2,2,2,3,4,3,,,soju,350,365,120,47,150,112,111,,,,30,,,,,,3,0,4
user11,2020-09-26 0:00,3,0,4,3,3,3,4,,,,,,100,80,60,90,440,,,,,,,,,,3,0,4
user11,2020-09-27 0:00,3,0,4,3,3,4,4,,,beer,500,,160,50,160,110,501,,,,,,60,,,,,,
user28,2020-08-31 0:00,2,6,4,2,3,3,2,,,,,490,90,70,125,,200,,,,,,,,,,2,2,4
user28,2020-09-01 0:00,2,2,4,2,3,4,3,coffee,500,,,490,40,50,155,,75,,,,,148,,,,,3,0,4
user28,2020-09-02 0:00,3,0,4,2,3,3,3,coffee,500,,,390,40,41,125,,226,,,,30,,,,,,3,2,4
user28,2020-09-03 0:00,3,2,4,4,3,3,2,,,,,470,35,40,135,,220,,,,40,,,,,,4,2,2
user28,2020-09-05 0:00,4,2,2,4,3,4,5,,,,,,160,30,75,,449,,,,,,25,,,,5,0,2
user28,2020-09-06 0:00,5,0,2,4,4,4,2,,,,,,71,50,85,,325,45,,,,,40,,,,3,0,4
user28,2020-09-07 0:00,3,0,4,3,3,3,3,coffee,300,,,450,50,35,130,,210,,,,,,40,,,,3,9,2
user28,2020-09-08 0:00,3,9,2,2,3,2,3,,,,,435,75,30,115,40,190,,,,,,,,,,3,2,4
user28,2020-09-09 0:00,3,2,4,3,3,4,3,,,,,448,50,50,130,,170,,,,,,50,,,,3,2,4
user28,2020-09-10 0:00,3,2,4,2,3,5,4,,,not specified,750,,90,,415,60,350,,,45,,,,,,,2,2,4
user28,2020-09-11 0:00,2,2,4,4,3,5,4,coffee,300,not specified,300,,145,10,235,19,183,40,,,,,170,,,,4,2,4
user28,2020-09-12 0:00,4,2,4,4,4,4,4,coffee,300,,,,70,40,400,80,180,30,,,,,60,,,,3,2,4
user28,2020-09-13 0:00,3,2,4,3,3,3,4,,,,,,35,10,,130,599,,,,,,90,,,,2,2,4
user28,2020-09-14 0:00,2,2,4,2,3,4,3,coffee,400,,,391,70,30,120,20,285,,,,,,15,,,,3,0,2
user28,2020-09-15 0:00,3,0,2,2,3,4,3,,,not specified,600,,,,,,,,,,,,,,,,4,0,4
user28,2020-09-16 0:00,4,0,4,4,3,3,3,,,,,460,45,20,135,,300,,,,,,20,,,,4,0,4
user28,2020-09-17 0:00,4,0,4,2,3,3,4,,,,,430,50,24,170,21,220,,,,,,40,,,,3,0,4
user28,2020-09-18 0:00,3,0,4,2,3,3,3,coffee,500,,,433,60,20,156,,260,,,,,,,,,,3,0,4
user28,2020-09-19 0:00,3,0,4,3,3,3,2,,,,,,50,150,135,45,235,,,,,130,,,,,3,1,4
user28,2020-09-20 0:00,3,1,4,3,3,3,4,,,,,,165,15,60,50,535,,,,,,30,,,,2,0,2
user28,2020-09-21 0:00,2,0,2,2,3,3,3,coffee,600,,,400,25,20,165,40,248,,,,,,,,,,2,0,2
user28,2020-09-22 0:00,2,0,2,3,3,3,3,coffee,400,,,445,65,20,150,,309,,,,,,,,,,2,0,4
user28,2020-09-23 0:00,2,0,4,3,3,3,2,coffee,500,,,435,50,20,165,,170,,,,,,,,,,4,0,4
user28,2020-09-24 0:00,4,0,4,3,3,2,1,coffee,500,,,419,50,20,165,,245,,,,,,,,,,3,0,4
user28,2020-09-25 0:00,3,0,4,3,3,3,2,coffee,500,,,445,40,20,145,,230,,,,,,20,,,,3,0,2
user28,2020-09-26 0:00,3,0,2,2,3,3,4,,,,,,,,,,736,,,,,60,,,,,,,
user21,2020-08-29 0:00,3,9,4,3,3,4,3,coffee,500,,,,,,,,,,,,,,,,,,3,5,4
user21,2020-08-30 0:00,3,5,4,3,4,3,3,,,,,,,,,,,,,,,,,,,,3,6,2
user21,2020-08-31 0:00,3,6,2,3,3,4,4,coffee,200,,,480,80,11,,,83,,,,,,3,,,,4,0,4
user21,2020-09-01 0:00,4,0,4,3,3,3,2,coffee,200,,,630,30,40,67,,,,,,,,30,,,,4,0,4
user21,2020-09-02 0:00,4,0,4,4,4,5,3,coffee,500,,,480,120,28,55,,,,,95,,,44,,,,2,1,4
user21,2020-09-03 0:00,2,1,4,2,3,5,3,coffee,200,,,462,61,40,55,,35,,,75,,,51,,,,4,0,4
user21,2020-09-04 0:00,4,0,4,3,4,3,2,coffee,300,,,,,,,,,,,,,,,,,,3,0,4
user21,2020-09-05 0:00,3,0,4,3,4,5,5,,,,,,119,136,140,,,120,,60,120,,,,60,,4,0,4
user21,2020-09-06 0:00,4,0,4,4,5,3,5,,,,,,220,92,135,,200,,,70,,,,,50,,3,0,4
user21,2020-09-07 0:00,3,0,4,4,3,5,4,coffee,200,,,,,,,,,,,,,,,,,,4,0,4
user21,2020-09-08 0:00,4,0,4,4,3,3,2,coffee,200,,,560,80,9,60,,,45,,,,,39,,,,4,0,4
user21,2020-09-09 0:00,4,0,4,4,4,4,5,tea,100,,,310,105,60,,,118,,,120,,,30,,,,3,0,2
user21,2020-09-10 0:00,3,0,2,3,3,5,5,coffee,200,,,,,,,,,,,,,,,,,,4,5,2
user21,2020-09-11 0:00,4,5,2,4,4,5,4,coffee,300,,,440,92,54,120,,27,30,,,,80,,,,,5,0,4
user21,2020-09-12 0:00,5,0,4,5,5,5,5,,,,,3,99,30,,,245,,,97,,,,,,,3,0,2
user21,2020-09-13 0:00,3,0,2,3,3,4,4,coffee,200,,,,91,59,246,,165,25,,110,,,,,115,,3,0,2
user21,2020-09-14 0:00,3,0,2,3,3,5,5,coffee,200,,,266,77,51,,,60,10,,102,,,4,,,,4,0,4
user21,2020-09-15 0:00,4,0,4,3,4,5,2,coffee,300,,,441,115,14,50,,,,,75,,,50,,,,3,2,2
user21,2020-09-16 0:00,3,2,2,2,2,5,5,coffee,300,,,,,,,,,,,,,,,,,,4,0,4
user21,2020-09-17 0:00,4,0,4,5,5,5,5,tea,200,,,180,98,100,,,249,,,90,,,,,,,2,0,4
user21,2020-09-18 0:00,2,0,4,2,3,5,4,,,,,444,177,30,258,,,,,,,,,,,,3,0,2
user21,2020-09-19 0:00,3,0,2,3,4,4,5,,,,,,,,,,,,,,,,,,,,3,0,4
user21,2020-09-20 0:00,3,0,4,4,5,5,5,coffee,200,,,,,,,,,,,,,,,,,,4,0,3
user21,2020-09-21 0:00,4,0,3,4,4,4,4,coffee,200,,,437,104,75,75,,40,,,111,,,45,,,,4,0,4
user21,2020-09-22 0:00,4,0,4,3,2,4,5,coffee,100,,,297,24,,,,84,,,8,,,30,,,,4,0,2
user21,2020-09-23 0:00,4,0,2,4,5,5,5,coffee,100,,,427,120,1,,,,,,80,,,38,,,,4,0,1
user21,2020-09-24 0:00,4,0,1,3,3,3,3,coffee,200,,,635,81,29,31,,,39,,,,,,,,,4,0,4
user21,2020-09-25 0:00,4,0,4,3,4,5,5,coffee,300,,,479,151,20,249,,,44,,,,,,,,,3,0,2
user21,2020-09-26 0:00,3,0,2,4,5,3,4,coffee,50,,,,61,297,210,,96,205,,,,,,,,,4,0,4
user21,2020-09-27 0:00,4,0,4,4,5,5,5,,,,,17,104,76,30,,30,90,,40,,,249,,,,,,
user26,2020-08-31 0:00,4,3,4,4,4,3,2,coffee,400,,,,130,,406,,,,,20,40,58,,,58,,3,3,4
user26,2020-09-01 0:00,3,3,4,2,3,4,4,,,beer,1500,,90,,,120,170,30,,210,,,,,,,3,2,2
user26,2020-09-02 0:00,3,2,2,3,3,5,4,coffee,500,,,460,80,60,130,,,,,30,,,,,,,3,2,2
user26,2020-09-03 0:00,3,2,2,2,3,4,4,coffee,400,beer,500,225,150,90,165,60,60,,,30,,,,,,,2,0,2
user26,2020-09-04 0:00,2,0,2,4,3,4,3,coffee,500,,,330,80,75,185,,30,,,50,,,,,,,4,5,4
user26,2020-09-05 0:00,4,5,4,4,3,5,1,coffee,300,,,420,60,24,95,89,,,,,,60,,,,,4,0,2
user26,2020-09-06 0:00,4,0,2,2,4,5,5,coffee,300,,,60,140,30,290,40,79,30,,20,60,30,,,,,4,0,4
user26,2020-09-07 0:00,4,0,4,4,4,4,3,coffee,200,wine,200,,95,150,245,100,103,65,,30,20,60,,,,,4,0,2
user26,2020-09-08 0:00,4,0,2,2,3,5,4,coffee,500,,,100,100,60,245,30,,5,,76,30,,,,,,4,0,4
user26,2020-09-09 0:00,4,0,4,3,3,4,4,coffee,300,,,60,90,30,314,,110,,,127,,120,,,,,4,0,4
user26,2020-09-10 0:00,4,0,4,3,3,4,4,coffee,400,,,236,95,90,278,30,20,50,,,75,,,,,,4,0,2
user26,2020-09-11 0:00,4,0,2,2,3,5,4,coffee,300,wine&beer,2000,284,90,,173,,30,79,,,35,,,,,,2,9,4
user26,2020-09-12 0:00,2,9,4,4,4,4,4,coffee,900,,,294,200,30,160,15,72,225,,,10,,,,,,4,9,4
user26,2020-09-13 0:00,4,9,4,4,4,4,4,coffee,300,,,120,75,60,95,25,100,170,,70,,,,89,,,3,0,2
user26,2020-09-14 0:00,3,0,2,2,3,4,3,coffee,600,,,390,159,50,120,,,,,,,,,100,,,2,5,2
user26,2020-09-15 0:00,2,5,2,2,2,3,2,coffee,500,,,180,99,80,240,,,,,55,10,,50,,,,3,5,2
user26,2020-09-16 0:00,3,5,2,2,3,4,1,coffee,300,beer,500,275,95,30,210,20,30,50,,40,49,,,,,,4,0,4
user26,2020-09-17 0:00,4,0,4,3,2,4,2,coffee,500,,,330,95,123,268,15,110,,,10,45,,42,,,,4,0,4
user26,2020-09-18 0:00,4,0,4,4,2,5,1,coffee,300,,,227,90,,140,30,30,,,199,,,90,,,,4,7,1
user26,2020-09-19 0:00,4,7,1,2,2,4,4,coffee,300,beer,200,,110,99,265,,90,,,90,45,104,,,,,4,5,1
user26,2020-09-20 0:00,4,5,1,2,3,4,2,coffee,600,,,235,92,,35,45,,,,,,,,,,,3,5,2
user26,2020-09-21 0:00,3,5,2,2,3,5,1,coffee,500,,,216,120,30,169,30,145,,,,,33,,,,,4,1,4
user26,2020-09-22 0:00,4,1,4,4,5,4,4,,,wine,300,,30,141,132,,99,30,,49,20,,50,,,,3,5,4
user26,2020-09-23 0:00,3,5,4,2,3,4,4,coffee,200,,,,130,84,135,2,31,55,,65,15,109,,,,,4,5,4
user26,2020-09-24 0:00,4,5,4,3,4,3,2,coffee,300,,,140,65,85,222,20,30,,,45,,60,50,,,,4,0,2
user26,2020-09-25 0:00,4,0,2,3,3,4,4,coffee,300,,,100,96,90,354,30,89,35,,94,30,,,,,,4,0,4
user26,2020-09-26 0:00,4,0,4,4,4,2,2,coffee,400,,,,,,60,,120,,,,,,,,,,,,
user22,2020-09-01 0:00,3,3,4,1,1,3,3,coffee,600,,,,,,,,,,,,,,,,,,4,7,1
user22,2020-09-07 0:00,4,7,1,1,1,4,4,coffee,200,,,111,117,20,,60,60,,,103,,,,,339,,4,5,4
user22,2020-09-08 0:00,4,5,4,1,1,4,3,coffee,200,,,142,72,15,130,73,,101,,20,,,60,,203,,2,7,1
user22,2020-09-09 0:00,2,7,1,1,1,4,3,coffee,250,,,189,40,99,117,39,,,,125,,,,,340,,3,1,4
user22,2020-09-10 0:00,3,1,4,1,1,1,1,coffee,500,,,113,121,65,77,129,30,,,,,,,,225,,4,0,4
user22,2020-09-11 0:00,4,0,4,1,1,3,2,coffee,500,,,97,2,41,61,,,,,36,,,,,48,,3,1,4
user22,2020-09-12 0:00,3,1,4,1,3,3,3,coffee,300,,,23,9,1,3,53,76,,,11,8,,,,86,,4,0,4
user22,2020-09-13 0:00,4,0,4,1,1,3,1,coffee,600,,,,22,3,76,,44,,,3,,,29,,182,,3,5,2
user22,2020-09-14 0:00,3,5,2,1,1,3,4,coffee,300,,,6,31,11,46,,80,75,,16,,,,,86,,4,0,4
user22,2020-09-15 0:00,4,0,4,1,1,4,4,coffee,500,,,119,25,22,96,74,,,,16,9,,5,,2,,2,1,4
user22,2020-09-16 0:00,2,1,4,1,1,3,2,coffee,400,,,32,31,3,24,2,24,,,17,8,,,,57,,2,1,4
user22,2020-09-17 0:00,2,1,4,1,1,4,2,coffee,300,,,95,2,7,10,,,,,,,,,,11,,3,1,4
user22,2020-09-18 0:00,3,1,4,1,1,4,2,coffee,500,,,23,10,1,23,47,,,,5,6,,2,,19,,4,5,4
user22,2020-09-19 0:00,4,5,4,1,1,3,2,coffee,200,,,127,7,,,,52,,,10,,,,,148,,4,5,4
user22,2020-09-20 0:00,4,5,4,1,2,4,2,coffee,300,,,7,32,5,5,,2,,,31,,,5,,56,,4,0,4
user22,2020-09-21 0:00,4,0,4,1,1,3,2,coffee,400,,,21,67,,,,3,,,18,30,,,,149,,4,6,1
user22,2020-09-22 0:00,4,6,1,1,1,4,2,coffee,300,,,126,4,2,37,,2,26,,15,5,,,,11,,4,6,4
user22,2020-09-23 0:00,4,6,4,1,1,3,3,coffee,350,,,15,10,10,21,24,,,,37,,,,,25,,4,0,4
user22,2020-09-24 0:00,4,0,4,1,1,3,1,coffee,400,,,22,4,6,16,,,,,6,1,,1,,42,,4,1,4
user22,2020-09-25 0:00,4,1,4,1,2,3,2,coffee,500,,,62,7,8,64,,,1,,8,19,,,,98,,4,5,4
user22,2020-09-26 0:00,4,5,4,1,1,3,2,coffee,400,,,,30,7,21,34,,,,86,,,23,,107,,4,0,1
user22,2020-09-27 0:00,4,0,1,1,1,2,1,coffee,400,,,,121,26,,,264,,,90,,,,,350,,,,
user29,2020-08-30 0:00,4,0,4,4,4,2,2,coffee,300,,,,,,,,,,,,,,,,,,3,0,4
user29,2020-08-31 0:00,3,0,4,2,3,3,2,,,,,604,29,45,59,,54,,,,,,,,,,2,2,4
user29,2020-09-05 0:00,2,2,4,2,3,4,3,coffee,300,,,,372,43,53,,188,,,71,,,,,,,4,0,4
user29,2020-09-06 0:00,4,0,4,4,4,3,4,coffee,300,,,,32,35,25,,361,,130,103,,20,,,,,3,5,4
user29,2020-09-07 0:00,3,5,4,2,3,3,3,,,,,648,33,41,62,,,,,5,,,,,,,3,0,4
user29,2020-09-08 0:00,3,0,4,4,3,3,3,,,,,595,41,35,47,,60,,,,,,,,,,3,0,4
user29,2020-09-09 0:00,3,0,4,3,3,3,3,,,,,625,30,30,57,,,,,,,,,,,,3,0,4
user29,2020-09-10 0:00,3,0,4,2,3,3,3,,,,,661,35,35,34,,,,,,,,,,,,3,0,2
user29,2020-09-11 0:00,3,0,2,2,3,4,3,,,soju,300,433,140,30,46,,50,,60,,,,,,,,3,0,4
user29,2020-09-12 0:00,3,0,4,2,3,3,4,,,,,,30,50,,,470,,80,95,,,,,,,4,0,4
user29,2020-09-13 0:00,4,0,4,2,3,3,4,,,,,177,40,33,34,,196,62,,70,,,60,,,,4,0,4
user29,2020-09-14 0:00,4,0,4,3,4,4,2,,,kaoliang,150,518,78,37,85,,,,,,,,,,,,3,6,4
user29,2020-09-15 0:00,3,6,4,3,3,3,2,,,,,536,42,45,52,61,59,,,,,,,,,,4,0,4
user29,2020-09-16 0:00,4,0,4,2,3,3,3,,,,,651,34,50,64,,,,,,,,,,,,3,0,4
user29,2020-09-17 0:00,3,0,4,3,3,3,3,,,,,569,45,46,37,,,,80,,,,,,,,3,0,2
user29,2020-09-18 0:00,3,0,2,4,3,3,3,,,,,327,88,50,207,,80,,,,,,5,,,,,,
user25,2020-08-31 0:00,1,0,2,2,3,3,2,coffee,500,,,,,,,,,,,,,,,,,,2,9,2
user25,2020-09-01 0:00,2,9,2,2,3,2,2,coffee,500,,,309,89,18,17,,50,,,15,,,,,15,,4,0,2
user25,2020-09-02 0:00,4,0,2,4,4,3,2,,,,,263,82,17,59,,32,,,26,,,,,,,1,0,4
user25,2020-09-03 0:00,1,0,4,2,2,4,2,,,,,193,86,74,122,,47,71,,,,,,,,,3,6,2
user25,2020-09-04 0:00,3,6,2,1,2,3,2,coffee,500,soju,500,346,131,50,170,,,113,,,31,,,,,,4,0,4
user25,2020-09-05 0:00,4,0,4,3,3,3,2,,,,,308,80,82,31,,110,26,,,6,,,,15,,2,7,2
user25,2020-09-06 0:00,2,7,2,1,1,5,2,,,,,263,97,19,111,,,80,,,,,,,,,3,0,4
user25,2020-09-07 0:00,3,0,4,2,2,4,2,coffee,250,,,471,83,94,74,,,,,,,,21,,,,2,2,4
user25,2020-09-08 0:00,2,2,4,4,3,4,4,,,,,397,74,89,110,,,,,,,,,,,,4,0,4
user25,2020-09-09 0:00,4,0,4,2,3,2,1,,,,,300,89,95,131,,,,,,66,,,,,,4,0,4
user25,2020-09-10 0:00,4,0,4,4,4,4,4,,,cognac,300,310,344,60,116,,,,,,60,,,,,,5,0,4
user25,2020-09-11 0:00,5,0,4,5,4,3,2,coffee,250,,,402,74,110,90,,210,,,,,,,,,,5,0,4
user25,2020-09-12 0:00,5,0,4,5,5,4,2,coffee,500,,,160,175,40,40,,30,,,,,,,,,,4,0,4
user25,2020-09-13 0:00,4,0,4,4,4,2,1,coffee,1000,,,194,160,136,245,,120,15,,,,,,,10,,4,9,4
user25,2020-09-14 0:00,4,9,4,4,4,3,2,coffee,500,,,919,44,28,128,,,,,,,,,,,,2,0,4
user25,2020-09-15 0:00,2,0,4,2,3,1,1,coffee,1000,,,914,70,30,143,,,,,,,,,,,,5,0,4
user25,2020-09-16 0:00,5,0,4,4,4,3,1,,,,,817,42,50,131,,,,,,,,,,,,4,0,4
user25,2020-09-17 0:00,4,0,4,3,3,3,2,,,,,577,60,,125,,60,29,,,56,,,,,,5,0,1
user25,2020-09-18 0:00,5,0,1,5,5,4,2,coffee,500,,,621,31,28,85,,,,,234,10,,69,,,,4,3,2
user25,2020-09-19 0:00,4,3,2,5,4,3,2,,,,,120,135,7,70,60,20,60,,324,60,,,,,,5,7,1
user25,2020-09-20 0:00,5,7,1,4,2,3,2,,,,,136,184,40,,,27,114,,233,72,,55,,,,4,0,4
user25,2020-09-21 0:00,4,0,4,2,2,3,2,,,,,327,51,163,146,,180,46,,86,,,,,,,4,0,4
user25,2020-09-22 0:00,4,0,4,4,2,2,1,coffee,1000,,,837,35,31,64,,,,,,,,,,,,4,0,4
user25,2020-09-23 0:00,4,0,4,4,3,3,2,,,,,764,87,39,4,,30,,,,3,,30,,,,5,0,4
user25,2020-09-24 0:00,5,0,4,4,3,4,1,,,,,602,92,162,84,,,,,21,,,,,,,2,0,4
user25,2020-09-26 0:00,2,0,4,2,3,3,2,coffee,50,,,,59,,25,121,18,,,139,5,,,29,,,4,0,4
user25,2020-09-27 0:00,4,0,4,3,4,3,3,coffee,1000,,,329,96,35,26,,163,,,45,,,,,,,,,
user09,2020-08-31 0:00,3,2,2,2,3,3,2,coffee,330,,,65,8,3,124,25,12,17,,,,,,31,,,3,2,4
user09,2020-09-01 0:00,3,2,4,4,3,3,2,coffee,700,,,263,87,17,80,46,47,50,8,,,,,,27,,2,5,4
user09,2020-09-02 0:00,2,5,4,2,3,3,3,,,,,285,40,30,,20,124,,80,,,59,,,,,2,2,4
user09,2020-09-03 0:00,2,2,4,2,3,4,4,coffee,500,,,90,80,,,17,80,50,151,60,,,,40,,,2,2,4
user09,2020-09-04 0:00,2,2,4,2,2,4,4,,,,,25,36,57,182,30,,131,140,55,,,,,,,2,2,4
user09,2020-09-05 0:00,2,2,4,2,3,2,2,,,,,415,110,1,65,50,,,,,,,,90,,,2,2,1
user09,2020-09-06 0:00,2,2,1,2,2,3,3,caffeinated drink,355,,,420,20,30,40,30,41,20,140,20,,,,,40,,3,2,3
user09,2020-09-07 0:00,3,2,3,3,3,3,4,coffee,500,,,,80,,,30,181,55,245,25,,,,,,,2,4,4
user09,2020-09-08 0:00,2,4,4,2,3,4,4,,,,,,50,40,286,20,30,265,,,,,,,,,3,0,4
user09,2020-09-09 0:00,3,0,4,3,4,4,4,caffeinated drink,355,,,85,110,20,25,25,220,,75,,,,80,,,,3,0,3
user09,2020-09-10 0:00,3,0,3,3,3,2,2,,,,,135,115,30,,30,160,,90,,,,90,,,,3,0,4
user09,2020-09-11 0:00,3,0,4,3,4,3,4,coffee,360,,,249,40,45,170,45,120,,,,20,,,,,,3,0,4
user09,2020-09-12 0:00,3,0,4,4,3,4,4,coffee,350,,,385,90,30,50,35,130,,,30,,,,,,,2,1,4
user09,2020-09-13 0:00,2,1,4,2,3,3,3,caffeinated drink,355,,,349,80,40,60,55,7,40,80,,,,,,,,3,1,3
user09,2020-09-14 0:00,3,1,3,2,3,3,3,coffee,500,,,,65,25,20,10,135,27,273,,,,,,,,3,0,4
user09,2020-09-15 0:00,3,0,4,3,4,4,3,,,,,100,60,,,20,205,,,19,,,,,,,3,0,2
user09,2020-09-16 0:00,3,0,2,3,3,4,4,,,beer,330,30,31,44,105,25,125,80,75,25,,,,,,,3,0,4
user09,2020-09-17 0:00,3,0,4,2,3,3,3,,,,,80,35,20,30,20,124,30,165,,,,,,,,2,0,4
user09,2020-09-18 0:00,2,0,4,2,3,3,2,coffee,600,,,,20,40,20,65,10,15,240,,,,,,,,2,2,4
user09,2020-09-19 0:00,2,2,4,1,2,4,2,caffeinated drink,355,,,430,50,25,45,20,,70,,,,,,,,,4,0,4
user09,2020-09-20 0:00,4,0,4,2,3,3,2,coffee,600,,,300,60,,90,50,20,,,50,,,,,,,3,0,3
user09,2020-09-21 0:00,3,0,3,2,4,5,4,,,beer,355,143,30,40,50,60,155,,20,,,,,65,,,3,0,4
user09,2020-09-22 0:00,3,0,4,3,4,3,2,,,,,190,75,,215,60,,,,,,,,,,,4,0,4
user09,2020-09-23 0:00,4,0,4,3,2,4,4,,,,,,40,40,160,10,,90,140,,130,,,40,,,4,0,4
user09,2020-09-24 0:00,4,0,4,4,3,5,4,,,beer,500,150,30,40,90,130,125,70,75,,,,,,,,3,0,2
user09,2020-09-25 0:00,3,0,2,2,3,2,2,,,,,,21,40,15,45,105,,90,35,,,,,,,2,2,4
user09,2020-09-26 0:00,2,2,4,2,4,2,2,coffee,500,,,410,30,,20,65,20,25,120,10,,,,,,,4,0,4
user09,2020-09-27 0:00,4,0,4,2,3,2,1,,,,,390,30,,20,60,,90,,10,,,,,,,,,
user30,2020-08-31 0:00,3,1,4,2,3,4,2,coffee,450,,,480,77,58,91,,212,,,,,,,,,,2,5,4
user30,2020-09-01 0:00,2,5,4,2,2,4,1,,,,,459,73,41,90,,159,,,,,,,,,,4,0,4
user30,2020-09-02 0:00,4,0,4,2,3,4,2,,,,,480,86,17,90,,174,,,7,,,,,,,4,0,4
user30,2020-09-03 0:00,4,0,4,2,3,4,2,,,,,480,56,19,84,,175,,,,,,,,,,4,0,4
user30,2020-09-04 0:00,4,0,4,2,3,4,4,,,,,528,90,,80,,170,,,,,,,,,,4,0,4
user30,2020-09-05 0:00,4,0,4,3,4,4,4,,,,,,43,24,,41,500,,,50,,,,,,,4,0,4
user30,2020-09-06 0:00,4,0,4,3,4,3,3,,,,,52,74,20,,34,475,,,28,10,,,,,,2,1,4
user30,2020-09-07 0:00,2,1,4,2,2,3,2,,,,,481,106,20,76,,139,,,7,,,,,,,4,0,4
user30,2020-09-08 0:00,4,0,4,3,3,3,2,,,,,421,60,14,78,,160,,,,,,,,,,2,0,1
user30,2020-09-09 0:00,2,0,1,2,2,3,3,,,,,480,97,20,89,,141,,,,,,,,,,2,3,4
user30,2020-09-10 0:00,2,3,4,2,2,3,3,,,,,476,87,17,81,,180,,,7,,,,,,,3,0,4
user30,2020-09-11 0:00,3,0,4,2,2,4,3,,,,,480,129,,92,,170,,,,,,,,,,4,0,4
user30,2020-09-12 0:00,4,0,4,3,3,3,3,,,,,,39,44,,23,418,,,38,7,,,,,,3,0,4
user30,2020-09-13 0:00,3,0,4,2,2,3,3,,,,,,167,33,,5,469,,,51,23,,,,,,4,0,4
user30,2020-09-14 0:00,4,0,4,3,3,3,3,,,,,484,117,15,84,,181,,,,,,,,,,2,1,4
user30,2020-09-15 0:00,2,1,4,2,2,3,2,,,,,486,134,23,77,,184,,,,,,,,,,3,0,4
user30,2020-09-16 0:00,3,0,4,3,3,3,3,,,,,480,126,11,83,,66,,,,,,,,,,3,0,4
user30,2020-09-17 0:00,3,0,4,2,2,3,3,,,,,392,90,9,81,,141,,,,,,,,,,3,0,4
user30,2020-09-18 0:00,3,0,4,2,2,3,3,,,,,425,98,13,73,,220,,,,,,,,,,3,5,4
user30,2020-09-19 0:00,3,5,4,3,3,4,3,,,,,,64,79,26,50,405,,,20,,,,,,,3,0,4
user30,2020-09-20 0:00,3,0,4,3,3,3,3,,,,,,113,42,,3,512,,,56,18,,,,,,3,0,4
user30,2020-09-21 0:00,3,0,4,3,3,3,3,,,,,462,103,10,70,19,172,,,,,,,,,,3,0,4
user30,2020-09-22 0:00,3,0,4,2,3,3,3,,,,,480,60,20,102,11,84,,,,,,,,,,3,0,4
user30,2020-09-23 0:00,3,0,4,2,3,3,3,,,,,488,91,14,83,,159,,,,6,,,,,,3,0,4
user30,2020-09-24 0:00,3,0,4,3,2,3,3,,,,,440,96,13,93,,113,,,,,,,,,,4,0,4
user30,2020-09-25 0:00,4,0,4,2,2,3,3,,,,,382,67,18,93,9,99,,,,,,,,,,3,0,4
user30,2020-09-26 0:00,3,0,4,3,3,3,4,,,,,,174,10,,26,446,,,30,,,,,,,3,0,4
user30,2020-09-27 0:00,3,0,4,3,3,3,3,,,,,,85,30,,60,412,,,55,,,,,,,,,
user07,2020-08-31 0:00,4,0,4,4,4,5,5,,,beer&rice wine,3000,40,60,,,41,256,111,,,,,,,,,3,0,4
user07,2020-09-01 0:00,3,0,4,3,3,4,3,,,,,558,27,24,12,4,,12,,,,,92,,,,5,6,2
user07,2020-09-02 0:00,5,6,2,4,4,3,2,,,,,,,,,,,,,,,,,,,,2,7,1
user07,2020-09-03 0:00,2,7,1,3,2,5,3,,,beer,3000,374,162,44,36,,63,57,,,,,,,,,5,6,2
user07,2020-09-04 0:00,5,6,2,4,4,5,5,,,wine,1500,,407,56,54,,51,84,,,,,143,,,,2,6,2
user07,2020-09-05 0:00,2,6,2,2,3,4,2,,,beer,3000,399,236,25,16,25,140,74,,,,,,,,,2,6,4
user07,2020-09-06 0:00,2,6,4,3,3,2,2,,,soju&beer,4000,445,5,16,27,17,36,429,,,,,,,,,1,6,2
user07,2020-09-07 0:00,1,6,2,1,3,3,2,,,beer,3500,447,151,32,20,14,35,9,,,,,,,,,3,6,4
user07,2020-09-08 0:00,3,6,4,3,3,4,3,,,beer,1000,509,85,47,28,96,47,90,,,,,62,,,,2,2,4
user07,2020-09-09 0:00,2,2,4,2,3,3,3,,,,,531,58,25,10,,154,16,,,,,80,,,,1,0,4
user07,2020-09-10 0:00,1,0,4,1,2,5,4,,,soju&beer,2000,534,209,48,127,24,21,202,,25,,,145,,,,5,0,4
user07,2020-09-11 0:00,5,0,4,4,5,4,5,,,,,30,92,20,25,20,346,133,,,,,110,,,,2,6,4
user07,2020-09-12 0:00,2,6,4,2,2,4,4,,,beer,3500,484,55,30,53,40,330,15,,,,,,,,,3,1,4
user07,2020-09-13 0:00,3,1,4,2,3,4,3,,,,,507,163,10,34,20,113,35,,,,,,,,,3,0,4
user07,2020-09-14 0:00,3,0,4,2,3,4,4,,,rice wine,1500,519,16,36,40,11,219,110,,,,,,,,,1,0,2
user07,2020-09-15 0:00,1,0,2,1,2,4,3,,,,,517,15,7,24,50,125,115,,,,,,,,,3,9,2
user07,2020-09-16 0:00,3,9,2,2,3,3,2,,,,,461,78,1,56,32,117,123,,,,,,,,,5,0,4
user07,2020-09-18 0:00,5,0,4,5,5,5,5,,,soju&beer,5000,,214,9,200,,54,220,,19,,,,,,,2,1,2
user07,2020-09-20 0:00,2,1,2,2,2,4,2,,,beer,4000,,,,,,,,,,,,,,,,2,0,4
user07,2020-09-21 0:00,2,0,4,2,3,3,3,,,,,608,38,19,71,,29,117,,,,,,,,,3,0,4
user07,2020-09-22 0:00,3,0,4,2,2,4,4,,,,,532,70,18,60,25,209,62,,,,,,,,,3,0,4
user07,2020-09-23 0:00,3,0,4,2,3,4,3,,,beer,2000,429,135,13,18,,183,1,,,,,,,,,1,0,4
user07,2020-09-24 0:00,1,0,4,2,3,3,4,,,,,580,108,31,81,,96,62,,,,,,,,,4,7,1
user07,2020-09-25 0:00,4,7,1,4,3,4,5,,,beer,7000,,157,,125,,391,45,,,,,,,,,1,9,4
user07,2020-09-26 0:00,1,9,4,1,3,4,4,,,beer,2000,541,143,39,42,75,261,124,,,,,,,,,2,9,4
user07,2020-09-27 0:00,2,9,4,1,2,5,4,,,,,505,75,5,43,,350,72,,,16,,100,,,,,,
user27,2020-09-04 0:00,3,1,4,3,2,3,3,coffee,473,,,,110,30,,179,330,,510,,,,,,,,4,0,4
user27,2020-09-05 0:00,4,0,4,3,2,2,2,coffee,355,,,401,80,30,15,,110,,35,,,,34,,,,1,9,4
user27,2020-09-06 0:00,1,9,4,2,2,4,4,coffee,355,,,50,44,4,10,,219,,22,,,,,,,,5,5,4
user27,2020-09-07 0:00,5,5,4,4,4,3,4,coffee,100,,,,6,1,,,94,,365,4,,,,,,,3,2,4
user27,2020-09-08 0:00,3,2,4,3,2,2,4,,,,,,52,,,79,134,89,13,38,,,,,,,3,1,4
user27,2020-09-09 0:00,3,1,4,4,3,3,4,coffee,250,,,,28,11,,,115,,32,39,,,,,,,1,1,4
user27,2020-09-10 0:00,1,1,4,2,2,3,2,coffee,600,,,,43,,,,48,,168,27,,,,,,,4,0,4
user27,2020-09-11 0:00,4,0,4,3,3,3,2,,,,,,24,,,,72,,129,,50,,,,,,3,3,2
user27,2020-09-12 0:00,3,3,2,3,2,2,4,coffee,350,,,,49,27,,47,227,,183,,,,,,,,4,6,4
user27,2020-09-14 0:00,4,6,4,3,2,2,2,,,,,43,61,45,60,75,,,60,,51,,,,,,4,0,4
user27,2020-09-15 0:00,4,0,4,4,3,3,3,coffee,250,,,19,31,54,1,11,,,33,,,,,,,,4,3,4
user27,2020-09-16 0:00,4,3,4,3,3,4,2,coffee,500,,,25,30,33,22,55,,,21,,,,,,,,5,0,2
user27,2020-09-17 0:00,5,0,2,4,3,3,3,coffee,300,,,,17,57,24,35,40,,43,,5,,,,,,4,2,4
user27,2020-09-18 0:00,4,2,4,4,3,3,2,coffee,300,,,,4,7,3,,79,,90,14,,,7,,,,4,0,4
user27,2020-09-19 0:00,4,0,4,2,2,4,3,coffee,400,,,,71,51,24,9,30,13,40,,17,,27,,,,4,0,4
user27,2020-09-20 0:00,4,0,4,3,2,3,3,coffee,500,,,158,15,,,,15,,87,,,,27,,,,4,2,4
user27,2020-09-21 0:00,4,2,4,3,3,4,3,coffee,200,,,29,9,36,1,,72,8,6,28,,,,,,,4,2,4
user27,2020-09-22 0:00,4,2,4,3,3,4,3,coffee,300,,,28,27,14,20,66,18,3,17,25,,,8,,,,2,1,4
user27,2020-09-23 0:00,2,1,4,2,2,2,2,coffee,500,,,15,50,40,20,,17,1,20,,,,49,,,,5,1,2
user27,2020-09-24 0:00,5,1,2,3,4,3,4,coffee,350,,,,23,31,62,41,60,,92,,,,,,,,4,0,2
user27,2020-09-25 0:00,4,0,2,4,4,4,5,coffee,600,,,,17,,78,,,20,115,31,,,7,,,,3,9,4
user27,2020-09-27 0:00,3,9,4,2,2,4,3,coffee,600,,,9,56,30,82,,15,,109,,,,,,,,4,1,4
user27,2020-09-28 0:00,4,1,4,3,3,3,3,coffee,200,,,3,41,30,20,,29,,71,,,,,,,,4,0,4
user27,2020-09-29 0:00,4,0,4,3,3,3,3,coffee,400,,,90,10,,402,20,,13,23,,2,,,,,,4,1,4
user27,2020-09-30 0:00,4,1,4,3,4,3,2,coffee,450,,,2,1,,46,,,52,172,,,,,,,,4,5,4
user27,2020-10-01 0:00,4,5,4,2,2,3,2,coffee,700,,,,30,31,35,,,,55,,,,,,,,4,0,4
user27,2020-10-02 0:00,4,0,4,2,3,3,3,coffee,500,,,,55,,50,,,,238,,,,,,,,,,
user06,2020-09-11 0:00,4,0,4,2,3,4,2,,,beer,500,367,29,60,75,8,196,75,,,,,,,,,4,0,4
user06,2020-09-12 0:00,4,0,4,2,3,3,2,,,,,,48,72,64,,641,102,,,30,,,,,,5,0,4
user06,2020-09-13 0:00,5,0,4,3,3,3,2,,,,,37,38,18,,,587,,,,,,,,,,4,2,2
user06,2020-09-14 0:00,4,2,2,2,3,4,2,,,,,499,23,20,80,,133,98,,,,,,,,,4,0,4
user06,2020-09-15 0:00,4,0,4,2,2,1,1,coffee,150,,,36,35,64,438,,332,28,,,64,,,,,87,3,7,1
user06,2020-09-16 0:00,3,7,1,2,2,3,2,coke,200,,,435,52,38,62,,199,,,,39,,,,,,4,2,1
user06,2020-09-17 0:00,4,2,1,3,2,3,3,tea,200,,,472,25,30,73,,131,,,,,,,,,,3,2,1
user06,2020-09-18 0:00,3,2,1,2,3,4,2,coke,250,,,475,28,58,72,,165,,,,,,,,,,4,0,3
user06,2020-09-19 0:00,4,0,3,4,4,4,4,coke,500,,,,52,,,,768,55,,,,,,,,,4,0,4
user06,2020-09-20 0:00,4,0,4,2,2,3,4,coke,250,,,579,25,33,36,,206,31,,,,,,,,,4,0,4
user06,2020-09-21 0:00,4,0,4,2,3,4,2,,,,,381,32,40,78,,252,,,,,,,,,,4,0,4
user06,2020-09-22 0:00,4,0,4,2,3,3,2,coffee,400,,,302,85,68,73,,224,,,,,,,,,,4,0,4
user06,2020-09-23 0:00,4,0,4,2,3,3,2,,,beer,500,420,76,23,146,,35,,,,,,,,,,4,0,4
user06,2020-09-24 0:00,4,0,4,2,3,4,2,coffee,400,,,313,31,22,125,,329,,,,7,,,,,,4,0,3
user06,2020-09-25 0:00,4,0,3,2,3,4,3,coffee,400,,,349,42,20,68,,238,,,,,,,,,,4,0,4
user06,2020-09-26 0:00,4,0,4,4,4,5,5,coffee,300,beer,330,,24,60,110,,255,123,,,,,,,,,5,0,4
user06,2020-09-27 0:00,5,0,4,4,4,4,4,coffee,300,,,,29,,,,506,72,,,22,,,,,,1,0,4
user06,2020-09-28 0:00,1,0,4,4,4,2,2,,,,,,23,13,47,,673,35,,88,,,,,,,3,0,4
user06,2020-09-29 0:00,3,0,4,3,3,2,2,coffee,500,beer,600,234,12,44,42,,604,28,,,,,,,,,5,0,4
user06,2020-09-30 0:00,5,0,4,4,4,3,2,,,,,,26,,,,591,28,,21,,,,,,,2,6,4
user06,2020-10-01 0:00,2,6,4,2,2,2,3,,,soju,1000,,19,67,50,,360,193,,91,,,,,,,3,0,4
user06,2020-10-02 0:00,3,0,4,2,2,4,2,,,,,,28,,,,515,29,,,,,,,,,4,0,4
user06,2020-10-03 0:00,4,0,4,3,3,3,3,,,,,,17,,,,428,13,,,,,,,,,4,0,4
user06,2020-10-04 0:00,4,0,4,4,4,3,2,,,,,,42,,,159,717,9,,38,,,,,,,4,0,4
user06,2020-10-05 0:00,4,0,4,4,3,4,4,,,,,248,20,55,47,,542,96,,,,,,,,,4,0,4
user06,2020-10-06 0:00,4,0,4,4,4,4,4,,,,,441,13,24,,,379,30,,,,,57,,,,2,9,4
user06,2020-10-07 0:00,2,9,4,2,3,5,2,coffee,250,,,474,88,40,129,,297,,,,,,,,,,3,0,4
user06,2020-10-08 0:00,3,0,4,2,2,3,2,coffee,300,,,461,211,47,138,,148,,,,,,,,,,,,
117,2020-01-18,4,2,4,3,3,3,4,coffee,,,0,,79,29,169,68,254,,,,,,,61,,,4,0,4
117,2020-01-19,4,0,4,3,3,3,4,coffee,200,,0,,50,10,107,186,409,,,,,,,,,,5,5,4
117,2020-01-20,5,5,4,2,3,4,4,,0,,0,394,50,,151,,212,,,21,,,,,,,3,2,4
117,2020-01-21,3,2,4,2,3,3,4,,0,,0,225,71,16,101,51,245,,,24,,,,,,,4,5,4
117,2020-01-22,4,5,4,2,2,3,2,coffee,200,,0,471,47,,65,,237,,39,4,,,,,,,5,0,4
117,2020-01-23,5,0,4,2,3,4,4,coffee,200,,0,323,35,,268,39,176,,,27,,,,,,,2,2,4
117,2020-01-24,2,2,4,2,3,4,5,,0,beer,200,,46,,,186,465,,,53,,,,,,,2,0,4
117,2020-01-25,2,0,4,1,2,4,5,,0,,0,,125,,231,55,297,,,79,,,,,,,4,2,4
117,2020-01-26,4,2,4,2,3,2,2,,0,wine,200,,74,,,126,274,,,12,,,,,,,3,8,4
117,2020-01-27,3,8,4,2,3,3,4,,0,,0,,73,21,130,55,476,,,,,,,,,,3,4,4
117,2020-01-28,3,4,4,4,3,3,4,,0,,0,416,44,,135,17,238,,,12,,,,,,,2,2,4
117,2020-01-29,2,2,4,2,2,2,2,coffee,200,,0,480,52,,186,,,,,,,119,,47,,,3,2,4
117,2020-01-30,3,2,4,3,2,3,4,coffee,200,,0,472,41,,61,115,138,,,28,,,,,,,1,5,4
117,2020-01-31,1,5,4,2,1,5,5,,0,,0,366,91,,191,,211,,,16,,,,,,,2,2,4
117,2020-02-01,2,2,4,1,2,5,4,,0,beer,200,,24,,264,53,345,,,,,,,,,,3,0,4
117,2020-02-02,3,0,4,3,3,4,4,,0,,0,,79,39,,270,342,,,,,,,,,,,,
105,2019-12-04,4,0,4,4,3,4,3,,0,,0,3,,,118,128,,,125,,,,,,,,4,0,4
105,2019-12-05,4,0,4,3,3,3,4,coffee,200,,0,,,16,196,,,,286,,,,,,,,4,0,4
105,2019-12-06,4,0,4,3,3,4,5,,0,,0,176,18,,71,161,,,190,,,,,,,,4,0,4
105,2019-12-07,4,0,4,4,3,5,5,,0,,0,,67,59,67,17,,,136,57,,174,,,,,2,9,4
105,2019-12-08,2,9,4,2,2,3,5,,0,soju,400,,,19,,36,,,33,92,,,,,,,5,0,4
105,2019-12-09,5,0,4,2,2,5,5,coffee,200,,0,,,,201,,,,356,,,,,,,,4,0,4
105,2019-12-10,4,0,4,3,3,5,4,,0,,0,,,,,,,,,,,,,,,,5,0,4
105,2019-12-11,5,0,4,3,3,5,5,coffee,200,,0,177,,19,274,58,,,95,,,,,,,,5,0,4
105,2019-12-12,5,0,4,4,3,5,5,,0,,0,,27,29,40,88,,,186,,,,,,,,5,0,4
105,2019-12-13,5,0,4,3,3,5,5,,0,,0,331,,,154,9,,,,,,,,,,,5,0,4
105,2019-12-14,5,0,4,5,5,5,5,,0,,0,135,,4,58,,,,94,,,,,,,,5,0,4
105,2019-12-15,5,0,4,5,5,5,5,,0,,0,36,,211,12,,,,271,,,,,,,,5,0,3
105,2019-12-16,5,0,3,5,5,5,5,,0,,0,60,,21,258,54,,,49,,,,,,,,5,0,4
105,2019-12-17,5,0,4,5,5,5,5,,0,,0,,,131,75,,,,33,,,,,,,,,,
104,2019-12-04,2,1,4,2,2,2,2,coffee,200,,0,86,50,17,,18,,,,,,,,,,,3,1,4
104,2019-12-05,3,1,4,2,2,3,3,tea,400,,0,47,,,127,,,,28,,,,,,,52,4,5,4
104,2019-12-07,4,5,4,3,3,5,3,tea,200,,0,,111,,,84,70,,,234,,,,,,,3,5,4
104,2019-12-08,3,5,4,4,3,4,4,,0,,0,,115,81,33,73,249,,,32,,,,,,90,4,1,2
104,2019-12-09,4,1,2,4,3,4,2,coffee,200,,0,237,38,46,3,70,37,,,,,,,,,,,,
104,2019-12-11,4,0,4,2,3,4,2,coffee,400,,0,87,54,9,13,36,,,112,16,,,,101,,,4,2,2
104,2019-12-12,4,2,2,4,3,3,3,,0,,0,107,21,29,71,29,,19,23,,,,,,,9,4,2,4
104,2019-12-14,4,2,4,4,4,4,4,,0,soju,400,,46,21,6,55,68,,,42,,,83,,,,3,2,1
104,2019-12-15,3,2,1,4,4,5,3,coffee,200,beer,200,,48,7,57,36,55,61,,,,,,,,108,4,0,2
104,2019-12-16,4,0,2,2,2,4,3,coffee,200,,0,134,37,13,46,,7,12,30,,,,,,,,4,0,4
104,2019-12-17,4,0,4,2,3,4,4,coffee,200,,0,51,38,18,53,7,,,,,,,,,,,2,2,4
104,2019-12-18,2,2,4,1,4,4,4,coffee,400,,0,90,53,11,12,22,,61,10,,,,,,,,4,0,4
104,2019-12-19,4,0,4,2,4,4,4,tea,200,,0,58,10,9,13,,25,40,22,,,,,,,,4,0,4
104,2019-12-20,4,0,4,2,4,3,3,,0,,0,3,61,61,9,44,7,97,93,,,,,,,,4,0,4
104,2019-12-21,4,0,4,4,3,4,5,coffee,200,soju,400,,75,46,28,,,70,,,,,,16,,,4,5,4
104,2019-12-23,4,5,4,1,4,3,4,coffee,400,soju,600,122,,13,56,9,,48,26,,,,,,,,,,
120,2020-01-18,5,0,4,3,3,4,4,,0,,0,96,15,61,44,,,,,,,,,,,,4,0,2
120,2020-01-19,4,0,2,3,3,4,4,,0,,0,516,41,22,96,29,,,,,,,,,,,4,9,4
120,2020-01-20,4,9,4,2,3,3,3,,0,,0,,58,,68,,,,38,,,,,,,,4,0,4
120,2020-01-21,4,0,4,2,3,3,5,,0,,0,,36,,,14,137,,4,100,,,,353,,,4,0,4
120,2020-01-22,4,0,4,2,3,3,4,,0,,0,,27,18,163,70,228,,153,61,,,,,,,3,9,2
120,2020-01-23,3,9,2,2,3,4,5,,0,soju,200,,277,24,178,71,,,,,,,,98,,,4,0,4
120,2020-01-24,4,0,4,2,3,4,5,,0,,0,,127,34,333,245,,,,,,,,,,,4,5,2
120,2020-01-25,4,5,2,2,3,4,2,,0,,0,557,32,,128,,,,,,,,,,,,4,9,3
120,2020-01-29,4,9,3,3,4,3,5,,0,,0,11,110,37,268,66,,,205,17,,,,,,,3,0,4
120,2020-01-30,3,0,4,2,3,3,3,,0,,0,389,86,22,133,118,,,,,,,,,,,4,0,4
120,2020-02-05,4,0,4,3,3,4,4,,0,,0,,84,49,10,314,,,,16,,,,130,,,4,0,4
120,2020-02-06,4,0,4,2,3,3,4,,0,,0,,168,43,76,415,,,,,,,,,,,4,0,4
120,2020-02-07,4,0,4,2,3,3,2,,0,,0,,52,8,87,157,,,187,,,,,,,,4,0,3
120,2020-02-08,4,0,3,3,4,4,4,,0,soju,200,,250,91,167,98,39,,,,,8,,35,,,,,
120,2020-02-10,4,0,4,3,4,3,4,,0,,0,,195,10,40,367,,,,110,,,,,,13,3,0,4
120,2020-02-11,3,0,4,2,3,3,4,,0,,0,,26,98,152,29,,,,,,94,,10,,,3,0,4
120,2020-02-12,3,0,4,2,3,4,5,,0,,0,,83,45,156,170,,,,19,,,,,,,,,
103,2020-01-04,4,0,4,3,4,5,2,,0,,0,,,,27,,,,,,,283,,,,,5,0,4
103,2020-01-05,5,0,4,3,4,5,3,coffee,200,,0,,,,102,60,,,,,,,,,,,5,0,4
103,2020-01-07,5,0,4,4,4,5,3,,0,,0,,40,,15,83,,,172,,,,,,,,2,0,4
103,2020-01-08,2,0,4,2,2,5,4,,0,,0,,179,,131,44,,6,1,,,,111,,,,2,1,4
103,2020-01-09,2,1,4,2,2,4,4,,0,beer,200,,121,,,297,,102,,,,,,,,57,2,5,2
103,2020-01-11,2,5,2,2,4,4,2,coffee,200,,0,,76,,,264,,,188,40,,60,,,,,4,1,4
103,2020-01-12,4,1,4,2,4,2,2,,0,,0,17,22,,201,1,4,,,,,,,,,,2,5,4
103,2020-01-13,2,5,4,2,3,3,4,coffee,200,,0,73,37,,281,,28,48,20,,,,,18,,,4,5,4
103,2020-01-14,4,5,4,3,3,4,4,coffee,200,,0,,,27,44,257,21,,131,,,,,,,,1,1,4
103,2020-01-15,1,1,4,2,4,5,4,,0,,0,81,42,,8,15,64,,,,,,,129,,,5,0,2
103,2020-01-16,5,0,2,2,4,5,4,,0,,0,,174,10,146,63,35,132,,24,,,,,,,,,
114,2019-12-07,4,6,4,2,3,5,5,coffee,200,,0,,86,,86,58,,,562,,,,,,,,4,2,2
114,2019-12-08,4,2,2,3,3,4,4,,0,,0,,15,10,177,291,,,192,,,,,,,,4,0,4
114,2019-12-09,4,0,4,4,5,5,5,,0,,0,,92,,176,,,,269,,,84,76,,,,5,0,4
114,2019-12-10,5,0,4,5,5,5,5,coffee,200,,0,,97,,238,,,,282,,,,92,,,,3,0,2
114,2019-12-11,3,0,2,2,3,5,5,coffee,200,,0,,156,,33,59,,,315,,,,26,,,,4,1,2
114,2019-12-12,4,1,2,3,3,4,5,coffee,200,,0,,203,,153,2,,,283,,,,,,,,4,0,2
114,2019-12-13,4,0,2,4,4,5,5,coffee,400,,0,,97,34,383,17,,,93,,,,,,,,3,1,2
114,2019-12-14,3,1,2,3,2,5,4,coffee,200,,0,,21,14,86,92,,,453,,,,,,,,3,6,4
114,2019-12-15,3,6,4,3,2,5,4,coffee,200,beer,200,,37,14,133,93,,,395,,,,,,,,3,9,2
114,2019-12-16,3,9,2,4,3,3,2,,0,,0,,19,,195,129,,,243,,,,,,,,3,0,2
114,2019-12-17,3,0,2,3,3,2,2,coffee,200,,0,,56,,133,79,,,329,,,,,,,,4,0,2
114,2019-12-18,4,0,2,3,4,4,3,coffee,200,,0,,113,26,126,,,,453,,,,,,,,,,
114,2019-12-21,4,0,2,4,4,5,5,,0,,0,,,82,274,90,,,119,,,92,,,,,4,0,3
114,2019-12-22,4,0,3,4,4,5,5,,0,,0,,51,,203,,,,107,,,,,,,,,,
101,2020-01-02,5,9,4,4,4,4,3,,0,,0,351,92,,214,40,,,46,,,,,,,,5,9,4
101,2020-01-03,5,9,4,4,4,4,3,,0,,0,218,61,,386,,,,,,,,,,,,5,9,4
101,2020-01-04,5,9,4,4,4,4,4,,0,,0,,87,,,626,,,,,,,1,,,,2,1,4
101,2020-01-05,2,1,4,2,2,4,2,,0,,0,,53,,131,379,,,131,,,23,,3,,,5,9,4
101,2020-01-06,5,9,4,2,4,4,2,,0,,0,,,,,,,,,,,,,,,,5,1,4
101,2020-01-08,5,1,4,3,3,4,1,,0,,0,148,129,,285,,,,94,,,,,,,,3,1,4
101,2020-01-09,3,1,4,2,3,4,3,,0,,0,301,244,,168,,,,,,,,,,,,4,0,4
101,2020-01-10,4,0,4,2,3,4,3,,0,,0,248,126,,229,20,,,,,,,,,,,4,9,4
101,2020-01-11,4,9,4,4,4,4,3,,0,,0,,247,,,465,,,,,,,,,,,4,0,4
101,2020-01-12,4,0,4,4,4,4,3,,0,,0,141,59,63,108,128,,,209,,,,,,,,,,
115,2019-12-20,4,0,4,4,4,3,2,,0,,0,319,22,,73,301,,,,,,,,,,,4,0,4
115,2019-12-21,4,0,4,4,3,4,4,,0,,0,,93,,221,123,,,,,,,,176,,,3,0,2
115,2019-12-22,3,0,2,3,3,4,4,,0,,0,,116,,107,157,,,367,,,,,46,,,2,2,2
115,2019-12-23,2,2,2,2,3,4,4,,0,,0,,120,,138,160,,,,,,,29,181,,,2,9,4
115,2019-12-24,2,9,4,2,3,3,3,,0,,0,361,58,,116,509,,,,,,,,,,,4,0,2
115,2019-12-25,4,0,2,4,3,3,4,,0,,0,10,116,,203,125,,,66,,,,,,,,,,
115,2019-12-28,3,0,1,2,3,4,4,,0,,0,,78,84,226,454,,,,,,,,85,,,4,0,2
115,2019-12-30,4,0,2,4,4,4,4,,0,,0,55,58,43,80,564,,,,,,,,37,,,2,2,4
115,2019-12-31,2,2,4,2,3,3,3,,0,,0,,169,,152,288,,,204,,,,,,,,3,0,2
115,2020-01-02,3,0,2,4,2,3,3,,0,,0,,149,32,72,342,251,,,,,,,,,,3,0,2
115,2020-01-04,3,0,2,2,3,3,3,,0,,0,,155,12,418,99,141,,,,,,,132,,,3,0,2
115,2020-01-05,3,0,2,2,3,3,4,,0,,0,,82,64,135,365,,,159,,,,91,,,,,,
110,2019-12-18,5,0,2,4,4,4,4,,0,,0,50,178,215,54,172,,,,,,,,,,,4,3,2
110,2019-12-22,4,3,2,2,3,3,2,,0,,0,249,7,200,211,,,,,18,,,,,,,5,0,4
110,2019-12-23,5,0,4,2,3,3,2,,0,,0,286,217,,208,58,,,,21,,,,,,,4,0,4
110,2019-12-25,4,0,4,2,3,4,5,,0,,0,,149,,151,1,,1,,277,,,,,,,4,3,2
110,2019-12-26,4,3,2,3,3,2,3,,0,,0,,17,69,289,91,,,,,,,,,,176,4,0,2
110,2020-01-09,4,0,2,3,1,4,3,,0,,0,,63,133,8,20,,,,149,,,,,,,4,9,4
110,2020-01-11,4,9,4,4,3,3,2,,0,,0,,,184,,2,1,1,,,,,,,,,4,9,2
110,2020-01-12,4,9,2,3,3,3,3,,0,,0,,,31,,141,,,,54,,,,,,,,,
110,2020-01-14,4,9,3,3,3,3,3,,0,,0,,2,,,,3,,,,,52,,,,1,4,9,2
110,2020-01-15,4,9,2,4,3,3,3,,0,,0,,,,,416,,,,23,,,,,,,,,
113,2020-01-02,4,0,4,4,4,4,4,,0,,0,,36,,47,674,,,12,,,,,7,,,3,2,4
113,2020-01-03,3,2,4,3,4,3,4,,0,,0,,107,,,521,57,,,,,,,155,,,4,3,4
113,2020-01-05,4,3,4,4,3,4,5,,0,,0,,52,,,225,,,,,,,,161,,,4,0,4
113,2020-01-07,4,0,4,3,4,4,5,,0,,0,,,,25,235,566,30,,,,,,,,,4,0,4
113,2020-01-09,4,0,4,3,3,3,5,,0,,0,,1,,325,,4,224,,,,,,,,,4,0,4
113,2020-01-10,4,0,4,3,3,4,5,,0,,0,,9,,,,732,,,,,,,,,,3,0,4
113,2020-01-11,3,0,4,3,4,4,5,,0,,0,,243,,12,,60,,,,,,,481,,,3,1,4
113,2020-01-12,3,1,4,3,3,3,3,,0,,0,,,,,,583,,,,,,,,,,,,
113,2020-01-14,3,1,4,3,4,4,3,,0,,0,,,,,8,613,,,,,,,68,,,4,0,4
113,2020-01-15,4,0,4,4,4,4,3,,0,,0,,27,,,,773,,,,,,,,,,4,0,4
113,2020-01-16,4,0,4,4,4,3,3,,0,,0,,183,,,,659,,,,,,,,,,4,0,4
113,2020-01-17,4,0,4,4,4,4,5,,0,,0,,27,,36,,576,,,,,,,,,,4,0,4
113,2020-01-18,4,0,4,3,3,4,4,,0,,0,,182,,,,628,,,,,,,,,,4,0,4
113,2020-01-19,4,0,4,3,3,3,3,,0,,0,,299,,116,,,,,,,,,312,,,,,
108,2019-12-10,3,6,2,2,2,2,1,coffee,200,,0,205,24,,39,276,7,,131,,,,,,,,3,6,4
108,2019-12-11,3,6,4,3,3,2,4,,0,,0,,11,3,67,185,234,,,,,,,,,,4,6,4
108,2019-12-12,4,6,4,4,2,4,4,coffee,200,,0,77,13,57,12,330,159,1,,,,,,,,,2,0,4
108,2019-12-13,2,0,4,1,2,3,4,coffee,200,,0,1,53,,76,232,9,,,,,,7,11,,,2,6,4
108,2019-12-14,2,6,4,2,4,3,2,coffee,200,,0,223,125,46,150,52,,,,,,,,,,,3,5,4
108,2019-12-15,3,5,4,3,4,3,2,coffee,200,,0,364,42,23,152,4,1,,,,,,,,,,2,0,2
108,2019-12-16,2,0,2,1,2,4,4,coffee,200,,0,,22,46,15,22,59,15,,,,,,151,,,3,0,4
108,2019-12-17,3,0,4,2,2,3,4,coffee,200,,0,36,35,34,124,102,,,,,,,,177,,,4,0,2
108,2019-12-18,4,0,2,4,3,3,5,coffee,400,,0,,11,12,268,29,,,,,,,,221,,,3,5,4
108,2019-12-19,3,5,4,2,3,1,1,coffee,200,,0,,19,47,70,388,,,,,,,,,,,2,1,4
108,2019-12-20,2,1,4,2,2,5,5,coffee,200,,0,330,39,,150,279,1,,,,,,,1,,,3,5,2
108,2019-12-21,3,5,2,2,3,5,5,coffee,200,,0,285,102,,71,287,,,,,,,,,,,2,7,1
108,2019-12-22,2,7,1,2,2,4,5,coffee,200,,0,,84,12,128,185,,,,102,,,,,,,3,6,4
108,2019-12-23,3,6,4,2,3,4,2,coffee,200,,0,431,33,14,152,179,,,,,,,,,,,,,
119,2020-01-22,5,0,4,4,4,4,4,,0,,0,102,80,114,19,15,,,,,,,133,50,,,4,0,4
119,2020-01-23,4,0,4,4,4,5,5,coffee,200,,0,,,28,382,,,,,,,,125,,,,3,3,4
119,2020-01-24,3,3,4,4,4,4,4,,0,,0,80,98,,161,312,,,9,,,,,59,,,4,0,4
119,2020-01-25,4,0,4,4,4,4,4,,0,,0,60,119,14,189,212,,,,,,,56,96,,,4,0,4
119,2020-01-26,4,0,4,4,4,5,4,,0,,0,,50,153,83,114,,,,,,,14,221,,,4,0,4
119,2020-01-27,4,0,4,5,5,5,4,,0,,0,,,153,318,,,,,,,,,212,,,4,0,4
119,2020-01-28,4,0,4,4,4,3,4,,0,,0,,23,80,145,243,,,,,,,,32,,,4,0,4
119,2020-01-29,4,0,4,4,4,4,4,,0,,0,11,35,14,83,32,,,,,,,,,,,5,0,4
119,2020-01-31,5,0,4,5,4,4,5,,0,,0,154,79,47,65,123,,,42,,,,31,,,,4,0,4
119,2020-02-01,4,0,4,5,4,4,4,,0,,0,154,,,79,217,,,,,,,181,28,,,4,0,4
119,2020-02-02,4,0,4,4,4,4,4,,0,,0,68,34,37,,91,,,193,1,,,53,141,,,4,0,4
119,2020-02-03,4,0,4,5,4,4,4,,0,,0,238,,79,104,,,,1,,,,,142,,,2,2,4
119,2020-02-04,2,2,4,4,2,4,4,,0,,0,194,161,,59,59,,,,94,,,68,,,,4,0,4
119,2020-02-05,4,0,4,4,4,5,3,,0,,0,185,,,33,100,,,,22,,,,182,,,,,
111,2019-12-05,4,0,4,2,3,2,3,coffee,200,soju,400,,,,,,,,,,,,,,,,2,5,4
111,2019-12-06,2,5,4,1,1,4,2,coffee,200,,0,,,,354,,,,300,,,,,,,,4,0,4
111,2019-12-07,4,0,4,4,3,4,2,coffee,200,soju&beer,400,,,,327,51,,,358,,,,,,,,2,0,4
111,2019-12-08,2,0,4,2,2,3,2,coffee,400,,0,,,,289,62,,,411,,,,,,,,4,0,2
111,2019-12-10,4,0,2,4,4,3,1,coffee,200,,0,,,,255,18,,,424,,,,,,,,4,0,4
111,2019-12-11,4,0,4,2,2,3,2,coffee,200,,0,,,,127,16,,,282,,,,,,,,4,0,4
111,2019-12-12,4,0,4,2,2,2,2,coffee,200,,0,,,,265,33,,,480,,,,,,,,3,0,4
111,2019-12-13,3,0,4,2,2,2,1,,0,,0,,,,329,13,,,267,,,,,,,,2,0,1
111,2019-12-14,2,0,1,3,3,3,2,coffee,200,,0,,,,213,162,,,162,,,,,,,,4,0,4
111,2019-12-16,4,0,4,1,3,2,2,coffee,200,,0,,,,236,43,,,426,,,,,,,,2,0,2
111,2019-12-17,2,0,2,1,2,2,2,coffee,200,,0,,,,226,8,,,304,,,,,,,,2,0,4
111,2019-12-18,2,0,4,1,2,2,1,coffee,200,,0,,,,170,120,,,356,,,,,,,,,,
106,2020-02-01,5,0,4,4,4,5,4,,0,,0,,16,,83,183,,,2,,,,59,52,,,5,0,4
106,2020-02-02,5,0,4,5,4,5,5,,0,,0,4,118,,191,32,,,,,,46,,,,,5,0,4
106,2020-02-03,5,0,4,4,5,5,5,,0,soju,600,284,28,,146,94,,,,,,,80,,,,5,0,4
106,2020-02-07,5,0,4,5,5,5,5,,0,,0,187,109,,185,9,,,,,,27,,,,,5,0,4
106,2020-02-08,5,0,4,5,5,5,5,,0,,0,,230,,211,110,,,,,,14,,,,,5,0,4
106,2020-02-09,5,0,4,4,5,5,5,,0,,0,,57,,12,170,,,,,,,,,,,5,0,4
106,2020-02-10,5,0,4,5,5,5,5,,0,,0,477,46,,179,117,,,,,,,,,,,4,2,4
106,2020-02-15,4,2,4,4,4,5,5,,0,soju,400,36,12,75,209,232,,,,26,,,,,,,,,
102,2019-12-09,3,1,4,3,3,4,4,,0,,0,,55,,,27,170,41,297,75,,,,,,,3,2,4
102,2019-12-10,3,2,4,3,3,4,4,,0,,0,,72,,121,107,72,,266,63,,,,,,,3,1,2
102,2019-12-11,3,1,2,4,3,4,4,coffee,200,,0,,46,64,107,9,149,39,159,73,,,,,,133,2,1,2
102,2019-12-12,2,1,2,3,3,4,4,coffee,200,,0,,44,5,180,32,13,,419,,,,,,,,4,1,4
102,2019-12-13,4,1,4,3,4,4,4,,0,,0,,65,23,,,41,78,356,134,,,,,,,3,2,4
102,2019-12-14,3,2,4,3,4,4,4,coffee,200,,0,,78,,285,76,57,174,,,,92,,,,,4,2,4
102,2019-12-15,4,2,4,2,2,4,5,,0,,0,,114,83,232,21,,,,,,77,,,,201,2,2,2
102,2019-12-16,2,2,2,2,3,4,4,coffee,200,,0,,53,,253,29,25,,376,,,,,,,,4,0,2
102,2019-12-17,4,0,2,4,4,4,4,,0,,0,,47,,,56,348,,156,119,,,,,,,4,7,1
102,2019-12-18,4,7,1,3,3,4,4,coffee,200,,0,,94,62,44,52,77,,346,15,,,,,,,4,0,2
102,2019-12-20,4,0,2,3,4,4,4,,0,,0,,62,132,176,64,192,,,18,,34,,,,,4,1,4
102,2019-12-21,4,1,4,4,4,4,4,coffee,200,,0,,55,42,67,,134,107,,30,,,,,,267,4,1,4
102,2019-12-22,4,1,4,3,3,4,4,coffee,200,,0,,61,4,39,18,31,254,25,66,,,,,,245,4,1,2
102,2019-12-23,4,1,2,4,3,4,4,,0,,0,,59,37,202,48,69,109,,,,151,,63,,,,,
109,2019-12-06,2,0,4,4,5,4,4,coffee,200,,0,,27,,313,253,,,47,,,,,,,,4,5,4
109,2019-12-07,4,5,4,4,4,3,2,tea,400,,0,215,53,,7,313,,,,9,,,,,,,3,0,4
109,2019-12-08,3,0,4,2,3,3,2,,0,,0,268,,,28,23,74,,10,,,,,,,,4,0,4
109,2019-12-14,4,0,4,3,4,4,3,tea,400,,0,,32,,67,148,,,417,45,,,,,,,2,5,4
109,2019-12-15,2,5,4,2,2,2,1,coffee,200,,0,,84,,190,,,,207,39,,,,,,163,2,5,4
109,2019-12-16,2,5,4,2,2,2,2,,0,,0,,57,,149,116,,,355,36,,,,,,,4,0,4
109,2019-12-17,4,0,4,4,4,2,1,,0,,0,,51,,68,197,,,391,6,,,,,,,4,0,4
109,2019-12-18,4,0,4,2,2,2,1,,0,,0,,64,,22,416,,,225,7,,,,,,,,,
109,2019-12-20,5,9,4,5,5,4,4,,0,,0,,47,,157,165,,,127,53,,,,,,152,4,0,4
109,2019-12-21,4,0,4,4,4,4,4,,0,,0,302,22,,66,408,,,,,,,,,,,3,0,4
109,2019-12-22,3,0,4,4,4,4,4,,0,,0,150,2,,293,22,,,,49,,,,,,187,,,
107,2019-12-31,4,4,4,2,3,4,4,tea,200,,0,355,17,57,42,71,,,,,,,,,,,4,4,4
107,2020-01-02,4,4,4,2,4,5,4,coffee,400,,0,205,76,67,111,49,,,,,,,,,,,4,0,2
107,2020-01-03,4,0,2,4,4,3,2,,0,,0,99,26,38,81,,,,,,,19,,,,,4,4,4
107,2020-01-04,4,4,4,4,4,5,4,coffee,200,beer,200,,133,58,82,146,,,41,53,,,,45,,,4,4,3
107,2020-01-05,4,4,3,3,4,4,4,coffee,400,,0,,137,81,53,,,,,,,104,,,,,4,0,3
107,2020-01-06,4,0,3,4,4,5,5,,0,,0,131,47,101,434,,,,,,,,,,,,5,0,4
107,2020-01-07,5,0,4,5,5,4,4,coffee,400,,0,139,115,10,43,246,,,,,,,,,,,3,5,4
107,2020-01-08,3,5,4,3,3,2,4,,0,,0,147,60,,245,23,21,,,,,,,,,,2,4,2
107,2020-01-11,2,4,2,2,5,4,4,,0,,0,,66,29,2,17,24,,,,,25,,,,,4,0,2
107,2020-01-13,4,0,2,4,4,4,4,,0,,0,278,75,65,135,72,,,87,,,,,,,,5,0,4
107,2020-01-14,5,0,4,4,2,4,4,coffee,600,,0,,,,,,,,,,,,,,,,4,0,2
107,2020-01-15,4,0,2,4,4,4,4,coffee,200,,0,282,87,92,169,19,,,,,,,,,,,4,5,4
107,2020-01-16,4,5,4,2,2,4,4,coffee,200,,0,309,125,44,15,,,,70,,,,,,,,,,
118,2020-01-25,4,0,2,4,4,4,3,,0,soju,200,,44,18,72,201,,,,,,,,,,,4,0,2
118,2020-01-27,4,0,2,4,4,4,3,coffee,400,,0,73,6,33,293,74,,,,3,,,,,,,3,2,4
118,2020-01-28,3,2,4,3,2,4,2,coffee,200,beer,200,57,20,41,92,,,,484,,,,,,,,4,0,4
118,2020-01-30,4,0,4,4,4,4,1,coffee,600,,0,,,,40,1,,,502,26,,,,,,,3,0,2
118,2020-01-31,3,0,2,1,2,3,3,coffee,600,soju,200,,,,433,,,,,,,,,,,,4,0,4
118,2020-02-01,4,0,4,3,3,4,4,coffee,200,,0,,39,,202,168,,57,,30,,,,,,,3,0,4
118,2020-02-02,3,0,4,3,3,4,4,coffee,400,,0,,12,37,69,331,,90,,14,,,,,,,4,0,4
118,2020-02-03,4,0,4,4,3,3,3,,0,,0,,74,,287,,,,207,,,,,,,,4,0,2
118,2020-02-04,4,0,2,3,3,3,1,coffee,200,,0,,21,1,111,310,,,,50,,,,,,,4,0,2
118,2020-02-06,4,0,2,3,3,3,2,coffee,1000,,0,517,,,52,,,,,,,,,,,,4,0,2
118,2020-02-09,4,0,2,3,3,3,1,coffee,200,beer,200,,41,121,60,270,,,181,,,,,,,,3,9,2
118,2020-02-10,3,9,2,3,2,2,1,coffee,200,beer,200,534,16,,43,,,,,38,,,,,,,2,9,4
118,2020-02-11,2,9,4,2,1,4,3,,0,,0,438,71,19,161,,,,,,,,,,,,2,9,4
118,2020-02-12,2,9,4,3,3,3,2,coffee,400,,0,544,63,17,87,,,,,,,,,,,,4,0,4
118,2020-02-13,4,0,4,4,3,3,3,coffee,200,,0,469,37,35,63,,,,,,,,,,,,4,0,2
118,2020-02-14,4,0,2,4,3,4,3,,0,beer,400,291,101,,144,19,,,,,,,,,,,2,0,4
118,2020-02-15,2,0,4,2,3,3,3,,0,beer,200,,45,83,41,53,,,,,,,,348,,,4,0,4
118,2020-02-16,4,0,4,4,3,3,3,coffee,200,,0,,11,50,18,176,,,,64,,45,,359,,,,,
112,2019-12-12,4,2,4,4,4,3,2,,0,,0,287,,,,,,,,,,,,,,,3,0,4
112,2019-12-14,3,0,4,4,4,4,3,,0,,0,,2,,,1,,,84,256,,,,,,,3,0,4
112,2019-12-15,3,0,4,3,4,4,4,,0,,0,,57,,137,70,,,90,,,,,,,,3,0,4
112,2019-12-16,3,0,4,2,2,3,3,,0,,0,412,9,,238,,,,,,,,,,,,1,2,2
112,2019-12-17,1,2,2,2,2,4,4,,0,,0,376,27,,21,,128,,,,,,,,,,2,2,4
112,2019-12-19,2,2,4,2,2,2,2,,0,,0,485,11,,58,69,,,,,,,,,,,4,2,4
112,2019-12-20,4,2,4,4,4,3,3,,0,,0,279,84,,97,141,,,,,,,,,,,4,0,2
112,2019-12-22,4,0,2,4,4,2,4,,0,,0,,31,,220,276,,,,,,,,,,,3,0,4
112,2019-12-23,3,0,4,4,4,4,4,,0,,0,,251,,145,,,,,,,,,108,,,4,0,4
112,2019-12-24,4,0,4,4,4,4,4,,0,,0,,90,43,62,254,53,,,,,,,,,48,4,0,4
112,2019-12-25,4,0,4,4,4,4,4,,0,,0,,,,104,204,,,,,,133,,,,,,,
116,2020-01-22,4,0,4,4,4,4,5,,0,,0,33,37,25,135,173,,,,,,157,39,,,,4,0,4
116,2020-01-23,4,0,4,4,4,5,5,,0,,0,,33,,356,181,,,,,,137,,,,,4,0,4
116,2020-01-24,4,0,4,4,5,5,5,,0,,0,,,,,,,,,,,,,,,,5,0,4
116,2020-01-25,5,0,4,4,5,5,5,,0,,0,,48,,123,300,,,133,,,,,,,146,4,0,2
116,2020-01-26,4,0,2,4,5,5,5,,0,,0,,149,279,206,84,,,,,,42,,,,,5,0,4
116,2020-01-27,5,0,4,5,5,5,5,,0,,0,,14,,161,481,,,43,,,,90,,,,5,0,4
116,2020-01-28,5,0,4,4,4,5,4,,0,,0,,63,85,51,253,,,358,,,,37,,,,4,0,4
116,2020-01-29,4,0,4,4,4,4,4,,0,,0,,90,38,146,94,,,225,,,,,100,,,3,2,2
116,2020-01-30,3,2,2,4,4,5,5,,0,,0,26,99,,21,222,,,262,,,,,,,,4,0,2
116,2020-01-31,4,0,2,4,4,5,5,,0,,0,,61,55,69,396,,,163,,,,,,,,4,0,2
116,2020-02-01,4,0,2,4,4,5,5,,0,,0,,74,,108,88,,,259,,,,,53,,,2,3,1
116,2020-02-02,2,3,1,3,3,5,4,,0,,0,272,65,,20,130,,,38,,,,,,,,4,3,2
116,2020-02-03,4,3,2,4,4,4,4,,0,,0,74,109,,84,276,,,236,,,,,,,,4,0,4
116,2020-02-04,4,0,4,4,4,4,4,,0,,0,,147,,154,29,,,203,,,,,,,53,,,
17,2018-10-31,4,0,4,4,4,3,3,,0,,0,138,,,19,,,,272,,,,,,,,3,3,1
17,2018-11-01,3,3,1,2,2,3,4,,0,,0,536,89,,18,,,,,,,,,,,,4,0,4
17,2018-11-03,4,0,4,4,4,4,3,,0,,0,,,,8,166,,,,,,,,,,,4,0,4
17,2018-11-05,4,0,4,3,3,4,4,,0,,0,261,88,,127,63,,,,,,,,,,,4,5,4
17,2018-11-06,4,5,4,3,3,3,3,,0,wine,200,663,,,22,,,,,,,,,,,,3,5,4
17,2018-11-07,3,5,4,3,3,4,3,,0,,0,648,,,,,,,,,,,,,,,5,5,2
17,2018-11-13,5,5,2,5,5,4,4,,0,,0,468,12,,76,,,,,,,,,,,,,,
24,2018-11-17,4,0,2,4,4,4,5,,0,,0,100,8,27,,227,131,,,5,,,,,,,5,0,2
24,2018-11-18,5,0,2,5,5,4,3,,0,,0,249,99,22,,91,46,,,62,,,,,,,1,1,2
24,2018-11-19,1,1,2,2,2,4,4,tea,600,,0,119,43,,54,97,,,403,,,,,,,,3,0,4
24,2018-11-20,3,0,4,3,3,3,3,tea,1000,,0,,50,,91,344,,,327,11,,,,,,13,3,5,4
24,2018-11-21,3,5,4,4,3,3,1,coffee,200,,0,,52,,92,114,,,350,,,,,179,,,3,5,4
24,2018-11-22,3,5,4,3,4,4,4,tea,800,,0,,62,,98,133,,,401,,,,,155,,,4,5,3
24,2018-11-23,4,5,3,4,4,5,4,tea,1200,,0,,21,,78,122,154,,411,16,,,,,,,4,0,4
24,2018-11-24,4,0,4,4,4,3,3,,0,,0,,,,,202,468,,,,,,,,,,4,1,4
24,2018-11-25,4,1,4,4,3,4,4,,0,,0,,,15,19,74,231,,,,,,,220,,,4,0,4
24,2018-11-26,4,0,4,3,3,4,4,tea,800,,0,98,30,53,219,44,,,356,35,,,,,,,3,0,4
24,2018-11-27,3,0,4,2,1,4,5,coffee,200,soju,400,181,31,11,93,436,,,,,,,,,,,3,1,4
24,2018-11-28,3,1,4,3,3,4,4,tea,600,,0,,11,,146,117,94,,395,,,,,,,,,,
4,2018-10-30,1,3,2,4,1,1,2,,0,,0,,,,,,,,,,,,,1,,,1,7,1
4,2018-10-31,1,7,1,1,1,1,1,coffee,200,,0,421,,,179,75,,,,,,,,,,,1,7,1
4,2018-11-01,1,7,1,1,1,1,1,coffee,400,,0,474,28,6,,75,,,,,,,,,,67,1,7,1
4,2018-11-02,1,7,1,1,1,3,1,coffee,400,,0,462,5,,,69,,,,,,,,,,54,2,2,1
4,2018-11-03,2,2,1,1,1,3,1,coffee,600,soju,200,156,145,25,40,137,94,,,19,,,,,,,,,
4,2018-11-05,2,2,1,1,1,1,1,coffee,400,,0,417,23,,28,186,,,,,,,,,,,2,4,1
4,2018-11-06,2,4,1,1,2,2,1,coffee,400,,0,424,10,40,36,24,,,,,,,,,,,2,4,1
4,2018-11-07,2,4,1,1,1,3,1,,0,,0,439,,,59,202,,,,,,,,,,,2,4,4
4,2018-11-08,2,4,4,2,2,3,2,coffee,200,,0,451,77,35,,22,,,,,,,,,,,2,4,4
4,2018-11-09,2,4,4,1,2,3,2,coffee,400,soju,200,235,,,82,145,,,,,,,,,,117,3,4,4
4,2018-11-10,3,4,4,2,2,3,2,coffee,200,,0,234,20,12,33,271,,,,,,,,,,,2,4,4
4,2018-11-11,2,4,4,2,3,2,1,coffee,200,,0,170,,,27,282,,,,,,,,,,8,2,4,4
4,2018-11-12,2,4,4,2,3,2,1,coffee,400,,0,560,15,,56,113,,,,,,,,,,,2,4,4
4,2018-11-13,2,4,4,1,2,2,2,coffee,200,,0,406,33,,82,116,,,,,,,,,,,,,
25,2018-11-15,3,2,4,3,2,4,4,coffee,400,,0,,52,,5,7,,3,71,,,,,18,,,3,0,4
25,2018-11-17,3,0,4,1,1,4,4,coffee,200,,0,180,,,39,70,,,,,,,,,,,3,0,4
25,2018-11-18,3,0,4,2,2,2,2,,0,,0,,35,,57,118,,,,21,,,,,,,3,0,4
25,2018-11-20,3,0,4,2,2,3,2,,0,soju,200,,60,,7,85,,,94,,,,,153,,,3,0,4
25,2018-11-22,3,0,4,3,3,4,4,,0,,0,,24,,35,7,,,437,,,,,,,,3,0,4
25,2018-11-23,3,0,4,2,4,3,3,,0,,0,,36,,,,,,194,,,,,,,,,,
25,2018-11-25,3,0,4,3,3,3,3,,0,,0,,31,,121,66,110,,,64,,,,108,,,3,0,4
25,2018-11-26,3,0,4,3,3,3,3,,0,,0,,28,,44,,,,170,,,,,,,,3,0,4
25,2018-11-27,3,0,4,3,3,3,3,,0,,0,,31,,13,6,,,181,,,,,,,,3,0,4
25,2018-11-28,3,0,4,3,3,3,3,,0,,0,,31,,,43,,,52,103,,,,111,,,,,
3,2018-10-31,2,0,4,2,2,3,1,coffee,200,,0,500,82,,45,,,,,,,,,,,,2,2,4
3,2018-11-01,2,2,4,2,3,3,2,,0,,0,504,35,,100,37,,,,,,,,,,,3,0,4
3,2018-11-02,3,0,4,2,3,3,1,,0,,0,501,,,266,14,,,,,,,,,,,3,0,4
3,2018-11-06,3,0,4,3,3,3,2,,0,,0,288,7,,166,95,,,,92,,,,,,,2,7,1
3,2018-11-07,2,7,1,1,2,2,1,,0,,0,156,91,,76,265,,,70,,,,,,,,3,2,2
3,2018-11-08,3,2,2,2,3,3,3,,0,,0,207,46,,227,170,,,,,,,,,,,2,2,4
3,2018-11-09,2,2,4,2,3,3,2,,0,,0,344,38,,63,89,,,,,,,,118,,,3,2,2
3,2018-11-10,3,2,2,3,3,3,2,,0,,0,406,230,,27,,,,,,,,,,,,4,0,4
3,2018-11-11,4,0,4,3,3,3,2,,0,,0,165,55,,136,210,,,,47,,,,,,,,,
18,2018-11-16,3,0,4,4,3,3,3,,0,,0,,,,73,,,,,,,,,,,,4,9,4
18,2018-11-20,4,9,4,4,4,4,2,,0,,0,109,103,80,171,,,,,,,,,,,,2,0,4
18,2018-11-23,2,0,4,2,3,4,2,,0,,0,,,,247,,,,,,,,63,,,,3,0,4
18,2018-11-24,3,0,4,2,2,4,2,,0,,0,,190,126,117,,,,,,,,,,,,3,5,4
18,2018-11-25,3,5,4,2,2,4,2,,0,,0,,,52,165,,,,47,,,155,,,,96,4,0,4
18,2018-11-27,4,0,4,3,3,4,4,,0,,0,143,,,209,,,,164,,,,,,,,4,0,4
18,2018-11-28,4,0,4,4,3,4,3,,0,,0,,51,,208,,,,149,,,,,,,,,,
15,2018-11-01,2,2,4,2,2,3,1,coffee,800,,0,197,46,,137,52,67,,,63,,,,,,,3,8,4
15,2018-11-02,3,8,4,2,2,3,1,coffee,1000,,0,249,99,,163,,50,,,44,,,,,,,2,0,4
15,2018-11-03,2,0,4,1,1,3,1,coffee,1000,beer,200,,116,,171,111,,,,83,,,,,,,1,7,1
15,2018-11-04,1,7,1,2,1,2,2,coffee,800,,0,,182,,76,,,,,,,,,,,,2,9,4
15,2018-11-06,2,9,4,2,2,3,3,coffee,800,,0,121,86,,203,162,43,,,102,,,,,,,2,2,4
15,2018-11-07,2,2,4,2,3,3,2,coffee,600,,0,305,59,,361,,,,,,,,,,,,2,2,4
15,2018-11-09,2,2,4,2,2,3,3,coffee,600,,0,336,21,,156,63,,,,135,,,,,,,3,9,4
15,2018-11-11,3,9,4,2,3,3,3,coffee,600,,0,,,,154,229,,,,192,,,,,,,2,7,1
15,2018-11-12,2,7,1,2,2,3,3,coffee,600,,0,507,,,55,35,,,,,,,,,,,,,
20,2018-11-15,4,0,4,3,3,3,3,coffee,600,,0,229,39,,36,,,,110,,,,40,44,,,2,2,2
20,2018-11-17,2,2,2,2,1,5,4,coffee,200,beer,600,190,66,,,,,,,,,60,,,,,3,0,2
20,2018-11-20,3,0,2,3,3,2,3,coffee,200,,0,470,,,,49,,,,,,,,,,,2,2,2
20,2018-11-22,2,2,2,2,2,4,4,coffee,400,,0,604,5,,,,,,,38,,,,,,,4,3,2
20,2018-11-24,4,3,2,4,4,3,3,coffee,400,wine,200,250,41,,91,66,,,,,,,,,,,,,
20,2018-11-27,2,1,2,2,3,4,4,coffee,400,,0,240,72,51,,8,,,,,,,57,,,,4,1,2
20,2018-11-28,4,1,2,3,4,4,4,coffee,400,,0,460,40,,6,24,,,,,,,,,,,,,
10,2018-11-02,1,5,4,3,3,3,3,coffee,400,,0,93,,29,373,21,,,,228,,,,,,,,,
10,2018-11-05,2,9,2,3,3,3,2,coffee,400,,0,163,178,,59,,,,82,183,,,,,,,1,0,2
10,2018-11-06,1,0,2,3,3,3,3,coffee,200,,0,237,,,379,78,,,,59,,,,,,,2,1,2
10,2018-11-13,2,1,2,2,2,3,1,coffee,200,,0,118,69,22,303,100,,,,137,,,,,,,,,
21,2018-11-16,4,0,4,4,4,4,3,coffee,200,,0,236,214,,152,5,,,,,,,,,,,4,0,4
21,2018-11-18,4,0,4,2,3,3,1,,0,,0,412,20,,178,29,,,,,,,,,,,4,0,4
21,2018-11-19,4,0,4,4,4,5,2,,0,,0,87,78,,66,94,,,135,,,,,,,,5,0,4
21,2018-11-20,5,0,4,2,4,4,2,coffee,200,,0,124,95,,128,109,,16,135,,,,,,,,,,
21,2018-11-24,5,0,4,2,4,4,2,,0,,0,594,74,,159,,,,,,,,,,,,2,0,4
21,2018-11-25,2,0,4,1,3,3,5,,0,soju,200,517,108,,139,17,,,,,,,,,,,4,0,4
21,2018-11-26,4,0,4,3,4,3,4,,0,,0,,131,,205,,,,196,,,,,,,,2,2,4
21,2018-11-28,2,2,4,3,4,4,4,coffee,200,,0,,21,,249,288,19,,107,,,,,,,,,,
11,2018-11-01,4,0,4,2,4,4,2,coffee,200,,0,145,11,,57,64,,,64,,,,,,,,4,1,4
11,2018-11-02,4,1,4,2,2,3,2,,0,,0,173,38,,342,48,24,,,,,,,,,,4,1,2
11,2018-11-03,4,1,2,3,3,3,1,coffee,200,,0,414,102,,45,68,,,,,,,,,,,2,1,2
11,2018-11-04,2,1,2,1,2,2,2,,0,,0,,82,,,213,,,,,,,,,,,1,0,4
11,2018-11-05,1,0,4,1,1,4,2,coffee,200,,0,537,,,199,61,,,,,,,,,,,4,0,4
11,2018-11-06,4,0,4,3,2,3,2,coffee,200,,0,196,43,,55,93,,,56,,,,,,,,2,0,4
11,2018-11-07,2,0,4,2,3,2,1,coffee,200,,0,372,28,,73,122,,,,,,,,,,,4,0,4
11,2018-11-08,4,0,4,3,2,3,1,coffee,200,,0,229,49,,16,85,,,66,,,,,,,,1,0,4
11,2018-11-09,1,0,4,2,2,3,2,,0,,0,286,173,,127,130,,,,,,,,,,,4,0,2
11,2018-11-10,4,0,2,2,4,3,3,,0,,0,,68,,,222,,,,,,,,,,,4,0,4
11,2018-11-11,4,0,4,3,3,3,3,,0,,0,304,23,,32,110,,,,,,,,,,,4,0,4
11,2018-11-12,4,0,4,3,3,3,4,,0,,0,313,13,,44,86,,,,,,,,,,,4,5,4
11,2018-11-13,4,5,4,3,3,3,3,coffee,200,,0,232,41,,75,93,,,70,,,,,,,,,,
23,2018-11-15,3,0,2,4,3,4,2,,0,soju,200,,106,,8,16,,,158,19,,,,,,,3,0,4
23,2018-11-16,3,0,4,3,3,2,2,,0,,0,,37,40,177,14,,,478,,,,,,,,4,0,4
23,2018-11-17,4,0,4,2,4,3,5,,0,,0,,172,26,39,139,,,194,,,,,172,,,2,0,4
23,2018-11-18,2,0,4,2,2,3,3,,0,,0,,106,26,10,277,,,,,,,,292,,,3,7,2
23,2018-11-19,3,7,2,2,3,3,3,,0,,0,,58,,195,37,,,289,,,,,,,,2,0,4
23,2018-11-20,2,0,4,1,2,3,2,,0,,0,,,,52,199,,,153,,,,,,,,2,0,4
23,2018-11-23,2,0,4,2,2,3,4,,0,,0,,38,,127,93,,,454,,,,,,,,5,0,4
23,2018-11-24,5,0,4,4,5,4,4,,0,,0,,45,44,9,185,,,,,,,,439,,,4,0,4
23,2018-11-25,4,0,4,4,4,4,4,,0,soju,400,,113,,50,55,,,71,,,,,260,,,3,0,4
23,2018-11-26,3,0,4,2,3,4,4,,0,,0,,38,,224,7,,,464,,,,,,,,2,0,4
23,2018-11-27,2,0,4,2,3,4,4,,0,,0,,343,,52,,,,366,,,,,,,,2,0,4
23,2018-11-28,2,0,4,2,2,3,3,,0,,0,,,,92,146,,,201,,,,,,,,,,
13,2018-10-31,3,2,4,2,3,5,2,,0,,0,388,29,,93,,,,,,,,,,,,3,0,4
13,2018-11-01,3,0,4,2,3,5,4,,0,,0,261,,,79,,,,,,,,,,,,3,1,4
13,2018-11-02,3,1,4,2,3,3,2,,0,,0,337,,,173,,,,,,,,,,,,2,3,2
13,2018-11-03,2,3,2,1,3,5,4,,0,,0,293,93,,25,157,,,,,,,60,,,,2,4,2
13,2018-11-05,2,4,2,1,3,4,3,,0,,0,460,,,,,,,,,,,,,,,2,1,2
13,2018-11-06,2,1,2,2,2,3,3,,0,,0,193,155,,,,,,,,,,,,,,3,5,4
13,2018-11-07,3,5,4,2,3,3,2,,0,,0,159,,,,,,,,,,,,,,,5,3,4
13,2018-11-10,5,3,4,1,3,5,2,,0,,0,374,185,,12,,,,,,,,,,,,2,1,4
13,2018-11-11,2,1,4,1,2,4,4,,0,,0,113,297,,,,,,,,,,,,,,2,4,2
13,2018-11-12,2,4,2,1,2,3,1,,0,,0,290,,,,,,,,,,,,,,,,,
1,2018-11-16,4,0,4,2,2,3,1,,0,,0,,66,,82,91,,,529,,,,,,,,3,3,2
1,2018-11-17,3,3,2,4,5,5,4,coffee,400,,0,,55,19,16,362,,,118,22,,,,,,,3,0,4
1,2018-11-18,3,0,4,3,4,3,2,coffee,200,,0,,29,58,33,175,,,279,21,,,,,,,4,6,4
1,2018-11-19,4,6,4,2,2,4,2,coffee,400,,0,121,91,,108,30,,,353,,,,,,,,4,5,4
1,2018-11-21,4,5,4,3,2,3,2,,0,,0,,38,68,116,69,,,308,2,,21,,115,,,4,0,4
1,2018-11-22,4,0,4,1,2,4,2,coffee,800,,0,,71,9,57,86,,,407,25,,,,193,,,5,0,4
1,2018-11-23,5,0,4,1,2,3,1,,0,,0,,32,,337,167,,,303,,,,,,,,5,0,4
1,2018-11-24,5,0,4,1,2,4,3,coffee,200,soju,200,567,1,,188,,,,,,,,,,,,4,0,4
1,2018-11-27,4,0,4,3,3,4,3,,0,,0,,82,,60,206,,,310,,,,,,,,1,0,4
1,2018-11-28,1,0,4,1,1,4,3,,0,,0,,276,,97,40,,,358,,,,,,,,,,
12,2018-10-31,4,0,4,3,3,5,5,coffee,400,,0,332,66,94,92,,,,,,,,,,,,5,0,4
12,2018-11-01,5,0,4,4,4,4,5,coffee,200,,0,417,69,71,164,,,,,,,,,,,,4,0,2
12,2018-11-03,4,0,2,2,4,3,5,coffee,200,,0,,109,65,91,,,,,,,,,,,,,,
12,2018-11-06,4,8,4,4,4,5,5,coffee,200,,0,486,77,197,86,,,,,,,,,,,,4,0,4
12,2018-11-07,4,0,4,3,4,4,5,coffee,200,,0,475,51,85,185,11,,,,,,,,,,,4,0,4
12,2018-11-08,4,0,4,2,4,4,5,coffee,400,,0,254,64,177,142,,,,,,,,,,,,4,0,4
12,2018-11-09,4,0,4,2,3,5,5,coffee,400,beer,600,452,48,,127,6,,,,,,,,,,,,,
30,2018-11-15,2,1,4,2,2,3,2,coffee,200,,0,94,26,,58,81,26,,167,,,,3,,,,3,0,4
30,2018-11-16,3,0,4,3,2,3,2,,0,,0,69,21,,114,30,31,,,,,,,130,,,3,2,4
30,2018-11-17,3,2,4,2,2,4,3,,0,,0,14,92,,247,37,42,,47,2,,,,,,,3,0,4
30,2018-11-18,3,0,4,3,3,4,4,,0,,0,18,97,14,12,152,18,,,,,,,9,,,4,0,4
30,2018-11-19,4,0,4,4,4,3,3,,0,,0,30,45,,143,41,21,41,,13,,,,,,,,,
30,2018-11-22,4,0,4,4,4,3,3,,0,,0,135,82,1,68,16,,,229,,,,,32,,11,3,0,4
30,2018-11-23,3,0,4,2,3,3,2,,0,,0,31,65,19,144,6,,,138,,,,,32,,6,3,0,4
30,2018-11-24,3,0,4,3,3,3,2,,0,,0,,40,,286,70,,,86,,,,,,,,2,1,4
30,2018-11-25,2,1,4,2,2,3,3,coffee,200,,0,121,51,,129,13,,,91,,,,,,,25,3,1,4
30,2018-11-26,3,1,4,2,3,3,3,coffee,200,,0,165,,,95,31,22,,91,8,,,,10,,17,,,
30,2018-11-28,2,0,4,2,2,4,4,,0,,0,26,3,72,177,46,,,,27,,,,,,82,,,
7,2018-10-31,4,0,2,3,3,4,3,coffee,400,,0,424,50,5,66,48,,,,47,,,,,,,3,1,2
7,2018-11-01,3,1,2,4,4,3,2,coffee,400,,0,368,,34,104,42,,,,48,,,,,,,4,2,2
7,2018-11-02,4,2,2,3,4,3,1,coffee,600,,0,419,75,41,88,,16,7,,37,,,17,,,,4,0,2
7,2018-11-03,4,0,2,4,3,4,4,coffee,200,beer,200,,78,110,168,7,143,,,156,,,,,,,3,2,2
7,2018-11-04,3,2,2,3,2,4,4,coffee,400,,0,,58,46,184,91,116,,,63,,76,48,,,,2,1,2
7,2018-11-05,2,1,2,2,3,2,2,coffee,200,,0,412,27,27,107,33,,,,58,,,,,,,4,1,2
7,2018-11-06,4,1,2,3,3,3,2,coffee,200,,0,438,82,14,91,,,,,30,,,40,,,,4,0,2
7,2018-11-07,4,0,2,3,3,3,2,coffee,400,,0,409,13,31,119,32,44,,,36,,,,,,,4,0,2
7,2018-11-08,4,0,2,3,4,3,2,coffee,600,,0,387,20,46,125,,,,,66,,,,,,,4,0,3
7,2018-11-09,4,0,3,3,3,3,3,coffee,400,,0,392,42,42,86,,9,,,60,,,,,,,3,0,2
7,2018-11-10,3,0,2,2,3,3,4,,0,,0,,56,,112,34,68,,,315,,,,,,20,4,2,2
7,2018-11-11,4,2,2,3,4,4,4,coffee,200,,0,,98,52,44,73,182,,,164,,,,,,,,,
7,2018-11-13,3,1,2,3,3,3,4,coffee,200,,0,387,56,46,100,,,,,34,,,,,,,,,
29,2018-11-16,5,0,4,2,3,3,1,coffee,200,,0,,,,65,367,,,177,,,,,,,,4,9,3
29,2018-11-17,4,9,3,1,2,3,1,coffee,200,,0,,,,143,316,,,,,,,,,,,3,9,4
29,2018-11-18,3,9,4,2,2,3,1,coffee,600,,0,222,,,57,138,,,309,,,,,,,,,,
29,2018-11-21,2,5,4,1,1,2,1,,0,,0,71,,,,,,,8,296,,,,,,,,,
29,2018-11-25,2,9,4,2,4,3,3,coffee,200,,0,285,28,,,288,,,,,,,,,,,2,9,4
29,2018-11-26,2,9,4,2,4,4,3,coffee,400,,0,,,,292,108,,,14,,,,,26,,,,,
5,2018-10-30,1,1,1,1,1,4,2,coffee,200,,0,32,,,26,1,,,,,,,,,,,4,3,4
5,2018-10-31,4,3,4,4,3,2,1,coffee,200,,0,506,32,,90,,12,1,,,,,,,,,4,0,4
5,2018-11-01,4,0,4,2,3,4,4,coffee,200,,0,254,41,,165,89,54,,,,,,,,,,3,0,4
5,2018-11-02,3,0,4,2,3,4,3,coffee,200,,0,217,29,,107,33,70,8,,,,,,54,,,4,0,4
5,2018-11-03,4,0,4,4,3,3,1,coffee,400,,0,233,65,16,113,26,83,41,,,,,53,,,,3,0,4
5,2018-11-04,3,0,4,2,2,4,2,coffee,600,,0,391,15,,66,17,,15,,42,,,,,,,4,0,4
5,2018-11-05,4,0,4,4,2,3,1,coffee,600,,0,452,61,,53,27,,3,,,,,,,,,,,
5,2018-11-07,3,3,4,2,2,4,3,coffee,400,,0,290,60,,103,47,82,7,,,,,,,,,2,2,1
5,2018-11-08,2,2,1,2,1,3,4,coffee,200,,0,288,55,,82,2,85,7,,,,,,,,,4,0,4
5,2018-11-09,4,0,4,4,4,4,3,coffee,200,,0,405,64,,93,12,17,2,,,,,,,,,4,3,4
5,2018-11-10,4,3,4,4,3,4,4,coffee,200,beer,200,5,141,24,66,50,149,,,158,,,,,,,3,3,1
5,2018-11-11,3,3,1,3,3,4,3,coffee,200,,0,9,82,16,84,23,299,,,84,,,6,,,,2,3,4
5,2018-11-12,2,3,4,2,2,2,1,coffee,400,,0,289,128,,168,7,,,,6,,,,,,,4,3,4
5,2018-11-13,4,3,4,2,3,4,4,coffee,200,,0,378,45,,84,20,32,7,,,,,,,,,,,
22,2018-11-15,4,3,4,4,3,3,2,,0,,0,18,49,,22,103,106,,83,106,,,53,,,134,3,5,4
22,2018-11-16,3,5,4,3,4,3,2,,0,,0,,33,,20,17,,,,389,,,,,,259,3,2,4
22,2018-11-17,3,2,4,3,3,3,1,,0,,0,,66,,,26,,,12,639,,,,,,96,3,3,4
22,2018-11-18,3,3,4,2,3,3,3,,0,,0,32,81,9,257,,100,,,133,,101,,,,,,,
22,2018-11-20,2,9,4,2,3,3,3,,0,,0,,42,,,119,86,18,,193,,,53,,,232,3,2,4
22,2018-11-21,3,2,4,3,3,3,3,coffee,200,,0,,29,,,27,97,269,62,147,,,,,,117,3,2,4
22,2018-11-22,3,2,4,3,3,2,1,,0,,0,,99,59,31,22,147,37,21,182,,,72,,,,2,5,4
22,2018-11-23,2,5,4,1,1,3,2,,0,,0,,,7,,,124,,,131,,,,,,313,4,0,4
22,2018-11-24,4,0,4,4,4,3,2,,0,,0,,54,23,,8,195,49,49,128,,,,,,107,3,0,4
22,2018-11-25,3,0,4,3,3,3,3,,0,,0,,67,31,150,175,58,22,,23,,,,,,173,3,0,4
22,2018-11-26,3,0,4,3,3,3,3,,0,,0,,31,25,90,229,,2,,119,,,48,,,185,3,1,4
22,2018-11-27,3,1,4,3,3,3,3,,0,,0,,115,34,39,187,158,40,,24,,,,,,239,3,1,4
22,2018-11-28,3,1,4,3,3,3,3,,0,,0,,34,,77,135,102,,,57,,,136,98,,130,,,
6,2018-10-31,3,9,2,3,3,3,3,,0,,0,397,28,,112,147,,,,,,,,,,,3,9,2
6,2018-11-04,3,9,2,3,3,3,3,,0,,0,,,,,387,,,,,,,,204,,,3,0,2
6,2018-11-05,3,0,2,3,3,3,4,,0,,0,,73,,169,382,,,24,,,,,93,,,3,9,2
6,2018-11-06,3,9,2,3,3,3,3,,0,,0,,170,,1,499,,,,,,,,,,,2,9,2
6,2018-11-09,2,9,2,2,2,3,3,,0,,0,,,,,,572,,,,,,,,,,3,9,2
6,2018-11-11,3,9,2,3,3,3,3,,0,,0,,14,,,,356,,,,,,,191,,168,,,
27,2018-11-15,2,0,4,2,2,1,1,,0,,0,34,87,49,175,155,,37,165,,,,,33,,,3,4,2
27,2018-11-16,3,4,2,2,2,1,1,,0,,0,41,82,30,257,252,,8,,,,48,,,,,2,2,4
27,2018-11-17,2,2,4,1,1,2,1,coffee,200,,0,71,111,3,72,255,,,,,,,,,,208,4,0,2
27,2018-11-18,4,0,2,3,3,1,1,coffee,200,,0,,40,28,115,342,,73,,,,,,,,127,3,6,2
27,2018-11-19,3,6,2,1,2,1,1,coffee,400,,0,,42,133,122,140,,,290,,,,,,,,2,4,2
27,2018-11-20,2,4,2,1,1,2,1,,0,,0,20,142,13,199,172,,,297,16,,,,,,,3,4,2
27,2018-11-21,3,4,2,1,1,1,1,,0,,0,,66,41,130,231,,,221,,,,,,,,2,4,2
27,2018-11-22,2,4,2,1,2,2,1,,0,,0,,150,12,248,133,,,194,,,,,,,,2,6,4
27,2018-11-23,2,6,4,1,1,1,1,,0,,0,8,101,136,117,265,,,,112,,,,,,,2,6,2
27,2018-11-24,2,6,2,1,1,4,1,coffee,200,soju&beer,400,,66,59,102,58,,,,,,,,68,,306,1,5,2
27,2018-11-25,1,5,2,1,1,2,1,coffee,200,,0,,103,125,76,164,,,,,,31,,,,237,2,6,2
27,2018-11-26,2,6,2,1,1,1,1,,0,,0,,82,33,119,164,,,327,,,,,,,,2,4,2
27,2018-11-27,2,4,2,1,1,3,1,coffee,200,,0,14,135,32,299,238,,,186,,,,,,,,2,0,2
27,2018-11-28,2,0,2,2,2,2,1,coffee,200,,0,,75,59,45,445,,,,39,,,,64,,,,,
14,2018-10-31,2,8,4,3,3,2,1,coffee,400,,0,421,15,,21,132,,,,,,,,,,,3,0,4
14,2018-11-01,3,0,4,4,3,3,2,coffee,200,,0,425,,79,37,70,,,,,,,,,,,2,2,4
14,2018-11-02,2,2,4,1,1,2,1,coffee,200,,0,526,31,34,95,38,,,,,,,,,,,1,6,4
14,2018-11-04,1,6,4,1,2,2,1,coffee,200,,0,,50,,174,135,,,,,,,,,,,1,9,4
14,2018-11-06,1,9,4,1,1,1,1,coffee,400,,0,526,,,27,52,,,96,,,,,,,,,,
14,2018-11-09,2,2,4,1,1,1,1,coffee,200,,0,665,,,31,36,,,,,,,,,,,5,0,4
14,2018-11-10,5,0,4,3,3,5,2,,0,,0,176,68,5,200,107,,,,,,,,,,,4,6,4
14,2018-11-11,4,6,4,5,3,3,2,coffee,200,,0,,73,83,236,155,,,,,,,,,,,4,4,4
14,2018-11-12,4,4,4,3,3,3,2,coffee,400,,0,428,36,,6,297,,,,,,,,,,,3,9,4
14,2018-11-13,3,9,4,3,3,4,2,coffee,200,,0,468,,,14,92,,,,,,,,,,,,,
2,2018-11-15,3,0,4,2,2,3,3,coke,200,,0,38,90,,348,108,,,,,,,,71,,,,,
2,2018-11-25,2,2,4,2,2,3,3,,0,,0,,,,,446,,,,,,90,,106,,,,,
2,2018-11-27,1,0,4,2,4,4,4,,0,,0,136,99,103,,,,,232,,,122,,,,,2,1,4
2,2018-11-28,2,1,4,2,3,2,1,,0,,0,214,,71,,,,144,259,,,,,,,57,,,
16,2018-11-01,4,2,2,3,4,3,1,coffee,600,,0,74,98,,32,,,,351,,,,,,,,4,1,4
16,2018-11-02,4,1,4,2,1,3,2,coffee,400,,0,,22,,19,,,,326,,,,,,,,3,0,2
16,2018-11-07,3,0,2,2,2,2,2,,0,,0,55,79,,382,,,,98,,,,,,,,3,0,4
16,2018-11-08,3,0,4,2,2,3,1,,0,,0,112,,,,,,,622,,,,,,,,,,
16,2018-11-12,2,1,4,1,2,2,1,,0,,0,311,,,129,5,,,82,,,,,,,,,,
28,2018-11-15,3,0,2,2,3,4,2,,0,,0,130,46,22,291,112,,,114,39,,,,,,,1,1,4
28,2018-11-17,1,1,4,2,2,4,2,caffeinated drink,200,,0,,238,,176,236,,,,,,,66,,,,4,0,4
28,2018-11-18,4,0,4,3,3,4,4,coffee,200,,0,177,90,,18,,,,,319,,,,,,209,4,0,4
28,2018-11-19,4,0,4,4,4,4,4,,0,,0,389,64,34,147,41,,,,125,,,,,,,4,0,4
28,2018-11-20,4,0,4,3,3,3,2,,0,,0,274,37,8,145,,,,270,32,,,,,,,4,5,4
28,2018-11-21,4,5,4,5,3,5,5,,0,,0,222,48,69,131,51,,,150,23,,,,,,62,2,5,4
28,2018-11-22,2,5,4,3,3,3,2,,0,,0,444,25,,98,47,,,86,13,,,,,,,1,5,4
28,2018-11-23,1,5,4,2,3,5,5,,0,,0,337,,20,122,34,,,153,,,,,,,,4,5,4
28,2018-11-24,4,5,4,4,4,4,3,,0,,0,120,171,16,178,63,,,,78,,10,,,,,4,0,4
28,2018-11-26,4,0,4,4,4,3,3,,0,,0,,42,,325,102,,,,80,,,,,,,4,0,2
28,2018-11-27,4,0,2,4,4,4,2,,0,,0,209,78,,118,61,,,200,55,,,,,,,4,2,4
28,2018-11-28,4,2,4,3,3,4,1,coffee,200,,0,112,103,19,139,,,,99,83,,,,,,74,,,
8,2018-11-01,2,2,4,2,2,3,3,,0,,0,157,50,,158,80,27,,4,201,,,,,,,1,1,4
8,2018-11-02,1,1,4,2,3,5,3,coffee,200,wine,200,96,219,,136,40,,,57,105,,,,,,,1,0,4
8,2018-11-04,1,0,4,3,3,4,4,coffee,400,,0,,163,,12,70,,,,104,,,,180,,,2,6,4
8,2018-11-05,2,6,4,2,3,4,2,coffee,400,beer,200,320,113,,183,,,,,113,,,,,,,3,6,4
8,2018-11-06,3,6,4,2,3,3,2,coffee,200,,0,128,28,,199,202,,,,130,,,,25,,,2,0,4
8,2018-11-07,2,0,4,2,3,3,3,coffee,200,,0,322,109,,131,26,,14,,5,,,,81,,,2,0,3
8,2018-11-08,2,0,3,2,3,1,1,,0,,0,194,213,,48,16,,,189,,,,,,,,1,2,4
8,2018-11-09,1,2,4,2,3,4,3,coffee,400,,0,363,94,,250,,,,37,37,,,,16,,,1,2,4
8,2018-11-10,1,2,4,2,3,4,4,coffee,200,,0,,145,,8,149,,,22,267,,,,109,,,1,1,4
8,2018-11-11,1,1,4,2,3,4,3,coffee,400,,0,26,111,,29,93,,,,214,,,,215,,,3,2,3
8,2018-11-12,3,2,3,3,3,3,1,coffee,200,,0,274,118,,250,,,,78,39,,,,,,,,,
19,2018-11-17,3,2,2,4,4,4,2,,0,,0,,,138,47,104,,,,92,,,30,,,,3,5,2
19,2018-11-19,3,5,2,2,2,4,4,,0,,0,205,83,7,88,,,,120,,,,,,,,3,0,2
19,2018-11-20,3,0,2,2,3,3,2,,0,,0,291,77,52,154,39,,,,,,,,,,,3,0,2
19,2018-11-22,3,0,2,2,3,3,2,,0,,0,64,68,,118,22,,,,,,,,,,,2,0,2
19,2018-11-23,2,0,2,2,2,3,2,,0,,0,123,9,,85,13,,,,,,,6,,,,,,
19,2018-11-27,3,5,2,2,3,3,2,,0,,0,324,38,,74,77,,,,,,,,,,,,,
9,2018-11-01,2,3,4,2,2,3,4,coffee,600,beer,400,361,206,41,91,,,,,22,,,,,,,2,9,4
9,2018-11-02,2,9,4,2,2,3,4,coffee,600,,0,245,70,62,138,26,,,,70,,,1,,,86,3,4,4
9,2018-11-03,3,4,4,2,3,4,4,coffee,200,beer,600,,148,14,155,288,,,,87,,,,,,,2,4,4
9,2018-11-04,2,4,4,2,3,2,4,coffee,200,,0,,93,285,147,34,30,128,,84,,,,,,,4,3,4
9,2018-11-05,4,3,4,3,3,3,1,coffee,600,,0,425,71,39,220,,,,,30,,,,,,,3,0,4
9,2018-11-06,3,0,4,3,3,3,2,coffee,800,,0,452,133,48,137,,,,,5,,,,,,,3,0,4
9,2018-11-07,3,0,4,2,3,4,4,coffee,600,,0,288,87,60,213,34,,,,85,,,,,,,3,3,4
9,2018-11-08,3,3,4,3,3,4,4,coffee,800,,0,53,131,,169,106,,61,,150,,,,,,,3,0,4
9,2018-11-09,3,0,4,3,3,4,4,coffee,600,beer,400,243,102,32,156,21,,27,,24,,,5,,,,3,0,4
9,2018-11-10,3,0,4,2,3,4,4,coffee,400,beer,600,,100,71,12,200,,,,368,,,,,,,4,4,4
9,2018-11-11,4,4,4,3,3,4,4,coffee,400,,0,,51,104,65,152,,46,40,123,,,117,,,32,3,0,2
9,2018-11-12,3,0,2,3,3,3,3,coffee,600,beer,200,325,58,64,118,,,,,62,,,,,,,2,0,4
9,2018-11-13,2,0,4,2,3,3,2,coffee,600,,0,260,70,59,190,,,,,88,,,,,,,,,
26,2018-11-15,2,5,4,1,1,2,3,,0,soju,600,245,25,,25,223,,,,,,,,,,,1,9,4
26,2018-11-16,1,9,4,3,3,3,2,,0,soju,400,105,20,,114,175,408,,,34,,,,,,,2,3,4
26,2018-11-17,2,3,4,2,2,3,2,,0,,0,77,41,,27,145,24,,338,,,,,,,,1,0,4
26,2018-11-18,1,0,4,3,2,4,4,,0,,0,231,44,,23,40,,,,,,,,,,,4,0,2
26,2018-11-19,4,0,2,4,4,4,3,,0,,0,,133,,126,38,,,274,,,,,,,,5,0,4
26,2018-11-20,5,0,4,5,4,4,3,,0,,0,,70,,136,125,,,363,,,,,,,,4,9,4
26,2018-11-21,4,9,4,4,4,2,2,,0,,0,202,25,,135,149,,,152,,,,,,,,5,0,1
26,2018-11-22,5,0,1,3,4,4,4,,0,,0,244,17,10,125,148,,,91,,,,,,,,4,0,4
26,2018-11-24,4,0,4,1,3,3,3,,0,,0,326,88,,43,151,,,,,,,,,,,2,6,4
26,2018-11-25,2,6,4,2,2,4,4,,0,soju,400,,114,,33,57,24,,,44,,,179,,,,2,2,4
26,2018-11-26,2,2,4,2,2,4,2,,0,,0,256,45,20,29,68,172,,160,,,,,,,,4,0,4
26,2018-11-28,4,0,4,4,4,4,3,,0,,0,146,75,,51,235,32,,178,,,,,,,,,,
