v01,v02,v03,v1,v3_1,v3_2,v3_3,v4_1,v4_2,v4_3,v4_4,v4_5,v4_6,v5_1,v5_2,v5_3,v6_1,v6_2,v6_3,v7_1,v7_2,v7_3,v7_4,v7_5,v7_6,v7_7,v7_8,v8_1,v8_2,v8_3,v8_4,v9_1,v9_2,v9_3,a8_1,a8_2,a8_3,a9_1,a9_2,a9_3,v10_1,v10_2,v10_3,v11_1,v11_2,v11_3,v12,v13,v14
0,1,1,1,2,2,3,2,4,4,3,3,2,4,3,4,2,2,3,4,2,3,3,2,2,2,1,3,2,2,2,3,3,3,4,4,4,4,4,4,2,4,4,2,3,2,1,26,7
0,1,2,1,4,4,4,3,4,4,2,5,2,5,5,5,3,4,4,2,2,4,4,2,2,1,4,4,5,4,4,4,3,4,4,4,3,4,4,3,4,2,3,5,4,4,2,23,4
0,1,3,2,3,4,2,3,3,3,3,4,4,5,5,5,4,4,4,2,4,4,2,2,2,2,2,4,3,3,4,4,4,4,4,4,4,4,4,4,4,2,4,4,4,3,2,23,3
0,1,4,2,4,4,3,4,4,4,4,4,1,2,3,2,4,4,2,1,1,3,3,2,3,1,1,3,3,3,3,3,2,3,5,5,5,5,5,3,5,5,4,4,4,4,2,22,2
0,1,5,2,4,3,3,3,3,4,4,4,3,5,5,5,2,3,3,2,2,2,2,2,2,1,1,4,4,4,4,4,4,4,4,4,5,4,3,4,1,1,4,4,4,4,2,23,7
0,1,7,1,3,3,3,3,3,2,3,2,2,1,1,1,2,3,2,3,2,3,3,3,3,2,2,3,3,3,3,3,3,3,4,4,4,4,4,4,4,3,3,4,3,3,1,28,4
0,1,9,2,3,3,3,3,4,3,4,4,2,1,1,1,2,2,1,2,2,2,2,2,2,2,1,3,3,3,5,3,2,1,2,2,2,1,1,1,4,4,4,3,4,3,1,21,1
0,1,10,2,3,3,3,3,3,3,3,3,3,4,4,4,4,4,4,3,2,4,4,3,3,2,3,3,3,3,2,3,3,3,2,3,3,4,4,3,4,4,4,4,4,3,2,22,3
0,1,11,2,4,3,4,4,5,3,4,3,4,3,3,3,3,4,3,3,4,4,3,3,4,3,4,3,4,3,4,3,4,4,3,4,3,3,4,3,3,4,3,4,4,3,2,31,5
0,1,12,1,3,4,4,4,3,3,3,4,3,2,2,4,1,1,1,3,1,5,5,2,2,1,1,4,4,4,2,4,5,5,1,1,1,2,2,2,1,1,1,5,5,5,1,25,7
0,1,13,2,3,2,2,2,2,2,3,3,2,1,1,1,4,5,4,3,3,3,2,2,2,2,3,4,3,3,3,4,4,2,3,3,3,2,2,2,2,2,4,3,3,2,1,24,1
0,1,14,2,4,3,3,4,4,3,4,3,2,1,1,1,4,4,2,3,1,2,2,1,2,1,1,3,4,4,3,3,3,3,2,2,2,3,3,3,3,2,3,4,3,4,1,25,4
0,1,15,2,2,2,3,3,2,2,2,2,1,4,4,4,4,4,4,3,2,4,3,3,3,2,2,2,2,2,2,3,3,3,3,3,3,3,4,4,4,4,4,4,3,3,2,23,3
0,1,16,2,2,2,4,4,4,3,3,4,2,5,5,5,3,4,3,2,2,2,2,2,2,2,2,3,3,4,2,4,4,4,4,3,3,3,4,3,3,3,3,3,3,2,2,23,3
0,1,17,2,1,2,4,4,4,4,4,2,1,4,4,2,5,5,5,4,2,5,5,2,2,2,2,4,4,4,4,4,4,4,2,2,2,2,2,2,2,4,2,4,4,4,2,24,4
0,1,18,2,3,3,3,2,4,2,3,4,3,5,5,5,5,5,5,3,2,4,3,2,2,1,1,3,3,3,3,4,3,3,3,2,4,4,3,4,4,4,3,4,3,4,2,22,4
0,1,20,2,3,4,4,3,3,4,3,4,3,5,5,5,5,5,5,3,2,2,2,1,1,1,1,3,3,3,3,4,4,3,3,3,4,4,4,3,2,3,3,2,2,2,2,23,2
0,1,21,2,3,3,3,4,3,4,2,4,4,3,4,3,4,2,3,3,4,4,4,3,4,4,3,4,4,2,3,4,4,3,3,4,4,3,3,3,4,3,3,3,3,4,1,24,4
0,1,22,2,3,3,4,3,3,3,3,4,3,4,4,4,4,4,4,3,3,3,3,3,3,3,3,3,3,3,3,4,4,4,4,4,4,3,3,3,4,3,4,4,4,4,2,21,7
0,1,23,2,2,3,3,1,2,3,3,3,1,4,4,2,4,4,2,4,3,5,3,3,4,3,4,3,2,2,1,4,4,3,4,5,5,4,5,4,4,5,5,2,2,2,2,22,2
0,1,24,2,2,4,4,3,4,2,2,3,2,5,5,5,4,4,4,3,4,4,2,2,2,2,2,3,3,3,2,3,3,3,3,4,4,2,2,2,3,3,3,3,4,3,2,22,3
0,1,25,1,4,4,5,5,4,3,4,3,3,4,4,3,4,5,4,2,2,2,2,2,2,2,2,4,4,4,4,5,5,5,1,1,1,1,1,1,2,2,4,4,4,4,1,22,5
0,1,26,2,3,4,4,4,4,4,4,4,2,5,5,5,4,4,4,2,3,4,4,2,2,2,2,4,4,4,3,4,4,4,3,3,4,3,3,2,4,3,4,5,5,4,2,23,5
0,1,27,1,4,4,4,4,3,3,3,4,3,2,2,1,2,2,1,1,1,1,1,1,2,1,2,4,4,4,4,4,4,4,2,2,2,2,2,1,3,2,4,4,4,3,1,25,2
0,1,28,2,3,3,3,3,3,3,3,3,3,1,1,1,1,1,1,3,3,3,3,3,3,3,3,3,3,3,3,2,1,1,3,3,3,3,3,3,3,3,3,3,3,3,1,20,1
0,1,29,2,2,3,4,2,3,3,2,4,3,3,3,4,3,3,2,2,2,4,4,3,2,1,1,3,3,3,3,3,3,3,2,2,2,3,3,3,3,2,3,4,4,3,2,23,3
0,1,30,1,4,3,3,3,3,2,2,3,2,4,4,2,1,2,1,2,2,2,3,2,3,1,1,3,3,3,2,3,4,2,4,4,3,4,3,3,2,2,4,4,4,3,1,24,4
0,1,31,2,2,2,3,2,3,2,2,4,4,1,1,1,1,1,1,3,1,1,1,1,1,1,1,3,3,3,2,4,3,2,5,5,5,5,5,5,4,2,4,4,4,3,1,24,4
0,1,32,2,3,2,4,4,4,4,4,4,4,2,2,2,3,4,3,2,2,4,3,2,2,2,2,3,4,4,2,3,3,2,2,2,2,2,2,2,4,4,3,4,4,4,1,24,4
0,1,34,2,5,5,5,5,5,5,5,5,3,1,2,4,3,2,4,1,1,4,1,1,1,1,1,4,4,4,4,4,4,4,2,2,2,1,1,1,5,1,4,5,5,5,2,22,4
0,1,35,2,2,2,4,4,4,3,3,4,3,5,5,5,2,4,3,3,3,4,2,2,2,2,3,3,3,2,2,4,4,4,4,4,4,2,2,2,4,4,4,4,3,3,2,22,3
0,1,36,1,3,2,2,3,2,2,2,4,1,2,1,1,2,2,2,3,1,4,4,3,3,2,1,3,3,3,3,4,4,3,2,2,2,2,2,2,4,2,4,3,4,3,1,27,7
0,1,37,2,2,2,3,3,2,2,2,2,2,2,2,2,1,1,1,3,3,3,2,2,2,1,2,4,3,3,3,4,4,3,2,2,2,2,2,2,3,4,2,4,4,3,1,26,5
0,1,38,2,4,3,4,3,4,4,3,4,3,5,5,5,5,5,5,2,2,2,2,2,2,2,2,4,4,4,3,4,4,3,4,3,3,3,3,3,4,4,3,4,4,3,2,22,4
0,1,39,1,3,3,3,3,3,2,2,3,2,4,4,5,3,3,3,4,3,4,4,3,3,2,4,3,3,3,3,4,4,3,3,3,4,3,3,4,4,5,4,4,3,3,2,22,2
0,1,40,1,3,3,3,2,3,4,3,3,3,4,4,4,4,4,4,4,2,3,2,2,2,2,2,4,3,4,3,3,3,3,4,3,4,4,4,4,4,2,3,4,4,4,1,24,2
0,1,41,2,1,2,3,3,3,2,2,2,2,3,3,2,3,3,3,3,1,4,4,3,4,1,1,3,2,3,3,3,3,3,3,4,3,3,3,4,3,4,3,4,4,3,1,27,3
0,1,42,2,2,2,2,2,2,2,3,4,1,4,4,4,4,2,3,3,3,4,2,3,4,2,3,4,4,4,2,4,4,3,5,4,4,4,4,5,3,3,2,4,4,4,2,23,4
0,1,43,2,3,4,4,4,4,3,3,2,4,2,2,2,4,4,4,2,1,2,2,2,2,1,1,4,4,4,3,4,4,2,1,1,3,4,5,4,1,1,3,4,5,4,1,22,3
0,1,44,2,3,2,2,3,3,3,3,3,3,5,5,5,2,4,3,3,2,4,4,3,3,2,2,3,3,3,3,3,3,3,3,2,2,3,3,3,4,2,3,3,4,3,2,23,4
0,1,45,2,2,3,2,3,4,4,3,3,2,2,3,3,4,3,3,3,3,4,4,2,2,3,3,4,4,5,2,4,4,5,2,2,1,2,2,2,4,4,4,4,2,3,1,24,6
0,1,46,2,1,1,2,4,4,2,3,1,1,1,1,1,1,1,1,4,1,1,1,1,1,1,1,4,3,3,1,5,5,4,2,1,3,1,1,1,3,1,3,4,4,3,1,25,5
0,1,47,2,2,2,3,3,4,4,4,4,3,4,3,4,3,2,2,4,2,5,3,4,2,1,1,3,3,3,3,4,4,3,4,4,5,5,5,5,5,3,4,4,3,3,2,22,3
0,1,48,2,4,4,4,4,4,4,4,4,4,2,2,2,2,2,2,2,2,2,1,2,2,2,2,5,5,5,3,5,5,5,2,2,2,2,2,2,2,2,2,4,4,5,1,24,3
0,1,49,1,4,3,3,3,3,3,3,2,2,2,2,2,2,2,2,2,1,1,1,1,1,1,1,3,3,3,2,4,4,3,2,2,2,2,2,2,2,2,3,3,3,3,1,26,4
0,1,50,1,3,4,4,5,5,5,5,4,4,5,5,5,4,4,5,2,2,2,4,4,4,4,4,4,5,5,3,4,4,4,4,4,4,4,4,4,3,4,4,4,4,4,2,24,3
0,1,51,2,2,2,4,5,5,5,5,3,2,4,4,5,4,4,5,2,4,4,4,3,2,3,4,2,3,3,2,4,4,3,4,5,5,5,5,5,4,3,4,3,3,4,2,23,6
0,1,52,1,3,4,4,4,3,3,3,3,3,4,4,2,2,3,2,2,2,2,2,2,2,2,2,4,4,4,4,4,4,3,3,3,3,3,3,4,4,2,3,4,3,3,1,27,3
0,1,53,2,4,3,3,2,2,3,3,4,3,3,4,4,4,4,4,3,2,2,2,2,2,1,2,3,4,3,2,3,3,3,4,3,3,3,2,2,2,2,4,4,4,4,1,26,3
0,1,54,1,4,5,3,4,4,3,3,5,4,4,4,1,3,3,3,3,2,1,1,1,1,2,1,4,4,5,5,4,4,5,3,3,4,3,2,4,3,3,2,4,3,5,1,25,6
0,1,55,1,4,4,4,2,4,4,4,2,2,2,5,5,4,4,4,2,2,4,4,2,2,1,2,4,4,4,3,4,4,4,3,3,3,3,3,3,4,3,4,4,3,3,2,23,4
0,1,57,2,3,4,3,3,2,1,1,4,2,4,4,4,5,5,5,2,3,2,3,3,3,2,3,3,3,4,2,4,4,4,3,4,4,4,4,2,4,4,4,4,4,3,2,23,3
0,1,58,1,2,2,4,3,2,2,3,3,2,5,3,5,5,4,4,2,2,3,2,1,2,2,2,3,3,2,2,4,4,4,2,2,2,2,2,2,4,1,3,5,4,4,2,23,4
0,1,59,1,4,4,4,3,4,4,4,4,4,3,2,2,2,3,2,2,2,2,2,2,2,1,2,4,4,4,3,4,4,4,2,2,2,2,2,2,3,2,4,4,4,3,1,25,7
0,1,60,2,3,3,4,2,4,4,3,4,3,2,2,2,2,2,2,2,2,3,2,2,2,2,2,3,3,3,3,3,3,3,3,3,3,3,3,4,4,4,4,4,4,4,2,21,2
0,1,61,1,3,3,4,4,4,3,3,4,3,1,1,1,1,1,1,2,1,1,1,1,1,1,1,4,4,4,3,4,4,4,2,2,2,2,2,2,2,2,2,3,3,3,1,20,1
0,1,62,2,3,3,3,3,3,3,3,3,3,3,3,3,3,3,2,2,2,2,4,3,3,2,1,3,3,3,4,3,2,1,2,3,3,4,4,3,4,4,4,3,3,4,4,22,3
0,1,63,1,3,4,3,2,3,3,3,4,2,4,4,4,4,4,4,2,1,2,2,1,1,1,1,3,2,2,3,2,3,2,4,3,3,4,4,4,3,2,3,3,3,3,2,20,2
0,1,64,2,3,4,5,3,4,5,4,4,3,3,4,4,3,2,3,3,3,4,4,4,3,3,4,3,3,3,3,3,4,4,3,4,3,3,2,2,4,3,4,4,3,4,2,20,3
0,1,65,2,1,2,4,2,2,4,3,2,3,4,4,5,4,5,5,3,1,2,4,3,3,2,2,3,2,2,3,3,3,3,4,5,3,2,2,2,2,1,3,4,3,4,2,20,1
0,1,66,2,4,4,4,4,4,4,4,4,4,3,3,3,4,4,4,3,2,2,2,1,2,2,2,4,4,4,4,5,5,5,3,3,3,3,3,3,2,2,3,4,4,3,2,20,4
0,1,67,2,3,3,2,2,4,4,3,3,3,3,3,4,4,4,4,2,2,4,3,3,3,1,1,4,4,4,3,4,4,4,3,3,3,3,3,3,3,2,3,4,4,3,2,21,4
0,1,68,2,4,4,4,4,4,2,3,4,3,1,1,1,4,4,1,1,1,1,1,1,1,1,1,4,4,4,4,3,3,3,2,2,2,2,2,2,4,1,3,3,3,3,1,24,3
0,1,71,2,5,3,3,2,1,2,2,1,2,1,1,1,1,1,1,2,1,1,1,1,1,1,1,2,1,1,3,3,3,3,3,3,3,3,3,3,1,1,4,4,4,2,1,28,7
0,1,72,2,2,1,3,3,2,1,1,3,3,1,1,1,1,1,1,3,1,1,2,1,1,1,1,3,3,3,3,3,3,3,2,2,3,2,2,2,4,4,4,4,3,2,1,23,4
0,1,73,2,3,4,4,4,4,2,2,4,4,5,5,2,4,4,4,2,2,2,2,2,2,2,2,4,4,4,3,4,4,3,4,4,4,3,4,2,5,2,2,5,4,4,1,24,4
0,1,74,2,3,3,3,4,3,2,3,3,4,1,1,1,3,3,3,3,3,3,3,3,3,3,3,3,3,3,2,3,3,3,2,1,1,1,1,1,3,2,4,3,3,2,1,24,4
0,1,75,2,3,3,4,4,4,4,4,4,4,3,3,2,4,4,2,3,2,3,3,2,2,2,2,3,3,3,3,4,4,4,3,3,3,2,1,1,2,2,2,4,4,3,2,24,7
0,1,76,2,3,4,4,3,3,4,3,4,2,5,5,5,4,4,5,2,2,3,3,2,2,2,2,3,3,3,3,4,4,4,3,3,3,3,3,2,4,2,3,4,4,3,2,24,7
0,1,77,2,4,4,4,4,4,3,3,3,3,2,2,2,4,4,4,2,2,2,2,2,2,2,2,4,4,4,4,4,4,4,2,2,2,2,2,2,2,1,2,4,4,4,1,25,3
0,1,78,2,3,3,3,3,4,4,3,2,2,5,5,3,2,3,4,3,2,2,1,1,1,2,2,3,3,2,1,2,3,2,3,4,3,2,3,2,4,2,2,4,2,4,2,23,3
0,1,79,2,2,2,2,3,3,2,2,3,3,2,2,2,4,4,4,4,1,4,2,2,3,1,1,3,2,2,1,3,3,2,4,4,4,4,4,5,4,4,2,4,4,4,1,24,4
0,1,81,2,2,3,2,3,3,3,3,3,3,4,4,4,2,2,2,2,1,3,2,1,3,1,1,4,4,4,3,4,3,3,2,2,2,2,2,2,3,3,2,4,4,4,2,22,3
0,1,82,2,4,3,4,4,5,5,5,4,3,3,3,3,5,5,5,2,2,3,3,3,3,1,1,3,3,3,3,4,4,4,3,3,3,3,3,3,3,5,4,3,3,3,2,20,6
0,1,83,2,2,3,4,4,4,2,3,3,2,4,4,4,2,4,4,3,3,4,4,3,3,3,3,3,3,3,3,4,3,4,4,2,3,4,4,3,4,3,2,4,4,4,2,21,2
0,1,84,2,3,3,3,3,4,4,2,2,2,4,4,2,4,4,3,2,2,2,2,2,2,2,2,3,3,3,3,3,3,3,2,2,3,3,2,3,2,2,2,3,3,3,2,20,3
0,1,85,1,4,4,4,4,4,4,4,2,2,2,4,4,4,4,4,4,2,3,3,3,3,2,2,4,4,4,4,4,4,4,5,5,5,5,5,3,2,4,2,5,5,5,2,21,3
0,1,86,1,3,2,3,3,3,3,3,3,3,2,2,4,4,4,4,2,1,1,1,1,2,1,3,4,4,4,2,3,3,3,3,2,3,2,2,2,3,3,3,3,3,3,1,24,3
0,1,87,1,1,1,1,3,3,3,3,3,3,2,2,2,2,2,2,3,3,3,3,3,3,3,3,3,3,3,3,3,3,3,2,3,3,3,3,4,2,2,2,4,4,4,1,20,3
0,1,88,1,3,3,5,4,5,5,5,4,3,5,5,5,5,5,5,2,2,3,2,2,2,2,1,3,2,2,4,4,4,4,5,5,5,3,3,4,4,4,3,5,5,3,2,20,4
0,1,89,2,3,4,4,4,4,3,4,5,3,4,4,5,4,4,4,2,3,3,2,1,1,2,2,4,4,4,4,4,4,4,4,3,5,5,5,4,1,3,1,5,5,5,2,22,7
0,1,90,2,4,4,4,4,4,4,4,2,2,5,4,4,4,4,4,2,2,2,4,4,3,2,4,3,3,2,2,4,4,3,4,3,3,4,4,4,4,4,3,4,4,4,2,23,3
0,1,91,1,3,4,2,4,3,3,3,4,2,5,4,4,4,4,4,2,1,2,2,2,1,1,1,4,4,4,4,4,4,4,2,2,2,2,2,2,2,3,2,4,4,4,2,22,7
0,1,92,2,3,3,4,3,4,3,3,3,2,5,5,5,3,4,4,3,3,4,3,3,3,2,2,3,3,3,3,4,3,3,3,3,4,4,4,4,4,3,3,4,3,3,2,22,2
0,1,93,2,3,3,5,2,5,5,3,4,1,5,5,5,5,5,5,2,1,5,5,3,1,1,1,3,3,3,3,4,4,4,2,2,2,2,1,1,5,5,4,4,2,2,2,20,3
0,1,94,2,3,4,4,3,3,3,3,3,3,3,3,3,2,3,3,3,3,3,3,3,3,3,3,3,3,3,3,3,3,3,4,3,4,4,4,3,3,3,4,4,4,3,1,25,4
0,1,95,2,4,4,4,3,4,4,4,3,4,2,2,2,2,4,2,2,1,3,3,2,2,1,1,4,4,4,4,4,4,3,1,1,1,1,3,2,4,4,5,5,5,4,1,23,3
0,1,96,1,3,3,3,3,2,2,2,4,2,5,5,2,2,3,2,3,3,3,3,2,2,2,2,3,3,3,3,4,4,4,2,3,2,2,2,2,2,2,2,4,3,4,2,24,5
0,1,97,2,3,3,4,5,5,3,5,5,3,5,5,5,1,1,1,3,4,2,1,1,1,1,1,5,5,5,5,5,5,5,1,1,1,2,2,2,1,4,1,5,5,5,1,25,3
0,1,98,2,4,4,3,4,4,4,2,3,2,5,5,5,2,4,4,4,2,5,4,3,4,2,2,3,3,3,2,4,4,3,4,4,4,4,4,4,3,2,4,4,4,3,2,23,2
0,1,99,1,4,4,4,4,4,3,3,4,3,5,5,5,1,5,4,1,1,1,1,1,1,1,1,5,5,5,5,5,5,5,1,1,1,3,2,2,2,1,2,5,5,5,2,24,1
0,1,100,2,4,3,2,3,3,3,3,3,3,2,2,2,4,4,4,3,3,3,3,3,3,3,3,3,3,2,2,3,2,2,2,2,2,3,3,3,3,3,3,4,4,4,1,26,5
0,1,103,2,3,3,4,4,4,4,4,4,4,2,2,2,4,4,4,2,2,2,2,2,2,2,2,3,4,4,2,4,4,3,4,4,4,4,4,4,2,2,3,4,4,4,1,24,4
0,1,104,2,3,4,3,3,4,5,5,5,4,5,5,5,5,5,5,3,2,5,4,3,2,1,3,3,3,3,3,4,4,3,3,3,3,2,2,2,4,4,5,5,5,3,2,20,4
0,1,105,2,3,4,4,4,4,4,2,3,2,4,4,4,4,4,4,3,2,4,4,3,2,2,2,4,3,3,3,3,3,4,4,4,4,4,4,4,4,4,4,4,4,4,2,20,2
0,1,106,1,4,3,4,3,4,4,4,4,4,5,5,5,4,3,3,4,2,4,4,3,3,2,2,3,3,3,3,4,4,4,4,4,5,5,4,4,5,4,3,5,4,5,2,21,4
0,1,107,2,5,2,5,5,5,5,5,4,4,5,5,5,3,5,5,1,1,2,1,1,1,1,1,5,4,4,3,5,5,5,1,1,1,1,1,1,1,1,3,5,5,3,2,20,3
0,1,108,2,2,3,3,4,4,2,2,4,3,5,5,5,4,4,4,3,3,4,4,3,3,2,4,3,3,2,3,4,3,3,3,2,4,4,4,4,4,2,3,4,3,4,2,21,3
0,1,109,2,2,2,3,2,4,3,3,3,4,3,4,4,2,3,4,2,1,2,1,2,2,1,1,3,3,3,2,4,3,3,3,2,3,3,4,3,1,1,1,4,4,4,2,21,4
0,1,110,2,3,3,4,4,4,4,4,4,4,4,4,3,4,4,4,3,2,4,4,2,2,2,2,4,4,4,3,4,4,3,2,2,2,2,2,2,2,2,2,4,4,4,2,23,3
0,1,111,1,3,2,4,4,4,1,4,4,2,5,5,5,5,5,5,2,1,2,1,1,1,1,1,4,4,4,3,4,4,4,4,3,4,4,4,4,3,1,2,4,4,3,2,25,3
0,1,112,1,2,3,2,2,3,2,2,4,2,4,4,4,3,4,3,3,2,4,3,3,3,2,2,2,3,3,2,2,2,1,3,3,4,3,3,3,4,4,4,4,4,3,2,21,3
0,1,113,2,3,3,3,3,3,2,2,2,2,3,3,3,4,4,3,2,2,3,2,1,1,2,2,3,3,4,4,3,4,4,3,4,4,2,2,3,4,3,4,2,3,2,1,26,5
0,1,114,2,1,1,2,1,1,1,1,1,1,2,2,2,1,1,1,3,1,1,1,1,1,1,1,3,3,3,3,3,3,3,3,2,3,3,4,4,2,2,3,4,4,4,1,26,1
0,1,115,1,3,3,3,3,3,3,3,3,3,4,3,4,4,3,1,1,1,1,1,1,1,1,1,3,3,3,3,3,3,3,5,5,5,5,5,5,4,4,4,4,3,4,1,24,3
0,1,122,2,4,4,5,3,4,2,3,4,4,5,5,5,4,5,4,2,1,3,3,2,1,1,1,2,3,2,4,5,5,4,4,5,4,4,3,3,5,3,2,5,5,5,2,21,1
0,1,123,2,3,4,4,4,4,5,4,4,3,5,5,5,5,5,5,3,2,4,3,3,3,1,3,4,4,3,3,4,4,4,4,4,4,4,4,3,4,3,4,5,5,4,2,21,2
0,1,125,1,3,2,3,3,3,3,2,4,3,4,4,3,2,3,2,3,2,3,2,2,2,2,2,3,3,4,2,2,3,3,4,3,3,4,3,3,3,3,4,3,4,3,1,20,4
0,1,126,2,2,4,3,2,3,3,3,4,3,4,4,2,4,4,2,3,2,4,4,4,4,2,1,3,4,4,2,2,3,3,2,3,3,2,2,3,2,2,3,4,5,3,2,20,1
0,1,127,1,4,3,3,3,4,4,3,3,3,4,5,3,4,4,2,4,2,3,3,2,2,2,2,4,3,4,3,4,4,3,4,4,4,4,4,4,2,1,3,4,4,3,1,26,4
0,1,128,1,2,2,2,4,4,4,4,4,4,4,5,3,3,5,3,4,2,3,5,3,4,1,1,3,4,4,5,5,5,5,2,2,1,2,1,1,4,2,3,3,4,4,1,24,4
0,1,129,2,3,3,4,2,4,4,3,4,3,4,4,4,4,3,3,3,2,4,4,4,3,2,2,3,3,2,2,3,4,3,4,4,5,4,5,4,4,3,4,4,3,4,2,21,1
0,1,132,2,2,4,4,4,4,4,3,3,3,4,2,4,4,4,4,3,2,3,3,2,2,1,1,4,4,4,3,4,4,3,3,3,4,2,2,2,5,4,4,4,5,2,2,20,4
0,1,135,2,4,3,4,2,3,3,4,4,2,5,5,5,4,4,3,3,3,4,4,4,4,2,2,3,3,3,3,4,4,4,4,3,4,3,3,3,2,2,4,3,3,3,2,20,3
0,1,136,2,3,3,4,4,4,4,4,4,4,2,2,2,3,4,3,2,2,2,2,2,2,2,2,4,4,4,4,4,4,4,2,2,2,2,2,2,2,3,4,4,4,4,1,20,2
0,2,1,2,4,4,4,4,4,4,4,1,2,5,5,5,1,3,3,2,1,1,1,1,1,1,1,5,5,5,5,5,5,3,1,1,1,2,1,1,4,2,4,5,5,3,1,24,5
0,2,2,2,4,4,5,5,5,3,5,2,2,5,5,5,4,5,4,3,2,4,3,2,2,2,2,3,3,3,2,4,4,4,3,3,4,2,4,3,4,4,2,4,4,4,2,24,3
0,2,3,2,3,3,3,3,3,4,3,2,1,1,1,1,1,1,1,1,1,1,1,1,1,1,1,3,3,3,3,3,3,3,2,3,2,1,1,1,1,2,4,4,4,2,1,24,6
0,2,4,2,2,2,3,4,3,3,3,2,1,5,5,5,1,2,2,2,3,3,3,2,3,2,3,2,2,2,2,3,3,3,3,2,4,3,3,3,4,2,3,2,4,3,2,22,7
0,2,6,1,4,3,4,4,4,4,4,2,3,3,2,2,1,2,1,4,2,2,2,2,2,1,1,3,3,3,2,4,3,2,3,3,3,3,3,3,2,4,4,3,3,2,1,28,4
0,2,7,2,3,3,3,4,3,2,2,2,2,3,4,2,4,4,2,2,2,2,2,2,2,2,2,4,3,4,2,4,4,4,4,2,4,4,4,3,3,2,2,4,4,3,1,23,3
0,2,8,2,2,3,3,3,3,4,4,2,2,4,4,3,4,4,3,3,2,4,4,3,2,1,1,3,2,3,3,4,3,3,4,3,5,4,4,4,2,2,2,4,3,4,2,21,4
0,2,9,2,2,4,4,4,4,4,4,2,2,3,3,2,3,3,3,4,2,2,2,2,2,2,2,3,3,3,3,3,3,3,3,3,3,3,3,3,4,4,4,3,3,3,1,24,4
0,2,10,1,3,4,4,4,3,3,4,2,2,4,4,4,2,3,2,3,2,3,2,2,4,4,4,3,3,3,1,2,2,2,2,2,3,3,3,3,2,2,4,4,4,3,1,25,6
0,2,12,2,2,2,3,2,4,4,4,2,2,1,1,1,1,1,1,1,1,1,1,1,1,1,1,3,3,3,3,5,5,3,2,2,2,3,3,3,3,3,3,4,4,4,1,25,4
0,2,15,1,3,4,3,3,3,3,3,4,4,2,2,2,4,4,4,2,2,2,2,2,2,2,2,4,4,4,3,4,4,3,4,4,4,4,2,4,2,2,2,4,4,4,1,37,4
0,2,16,2,3,2,3,4,4,3,4,4,3,5,5,5,4,4,4,2,2,3,3,3,3,1,1,3,3,3,3,4,4,4,4,3,4,4,3,4,4,4,3,4,4,4,2,22,3
0,2,17,1,4,3,4,2,4,5,5,4,3,5,4,4,4,4,4,2,2,4,3,3,3,2,2,4,4,4,3,4,4,4,4,4,4,4,4,4,5,3,3,5,4,4,2,25,6
0,2,19,2,2,2,2,2,2,2,2,4,2,1,2,1,1,1,1,3,2,2,2,2,1,1,1,2,3,3,3,4,4,2,3,3,2,2,3,2,1,3,3,4,4,2,1,24,5
0,2,21,1,2,3,3,2,2,1,2,4,3,4,4,4,4,4,4,2,2,2,2,2,2,2,2,3,3,3,3,4,4,4,3,2,3,3,3,3,3,4,4,3,3,3,2,22,3
0,2,22,2,4,4,5,4,4,4,4,4,2,5,5,5,4,5,5,3,2,4,3,2,2,1,1,3,3,3,3,4,4,4,3,3,4,3,4,3,5,5,3,5,2,3,1,23,5
0,2,23,1,3,3,5,4,4,3,3,4,3,5,5,5,5,4,4,2,2,2,2,2,2,1,1,4,3,3,4,4,4,4,2,2,3,3,4,4,4,4,3,4,4,4,2,22,3
0,2,24,2,4,4,4,3,4,4,2,2,3,4,4,2,2,2,2,3,3,3,3,3,2,2,2,4,3,3,4,4,4,2,2,2,2,3,3,3,3,2,2,3,3,3,1,24,3
0,2,25,1,3,3,4,3,4,4,4,2,2,2,2,2,4,4,2,3,2,2,2,2,2,2,2,4,4,3,3,4,3,3,2,2,2,2,2,2,4,4,4,4,4,4,1,24,3
0,2,26,2,2,5,4,5,4,2,1,2,1,5,5,3,2,4,3,2,2,2,2,2,2,1,3,4,5,4,4,4,5,4,2,2,1,2,2,2,4,3,2,4,4,3,1,24,7
0,2,27,1,4,4,4,4,4,4,4,3,2,5,5,4,5,5,5,2,2,2,2,2,2,2,2,5,5,5,5,4,5,5,2,2,2,4,4,3,5,5,5,5,5,3,2,22,3
0,2,29,2,3,2,3,2,4,4,3,3,4,4,4,4,4,4,4,3,2,2,2,2,2,2,2,4,4,4,4,4,4,4,3,3,3,3,3,3,4,3,4,4,4,4,1,23,1
0,2,30,2,3,3,3,3,3,3,3,3,2,4,4,4,2,4,4,3,2,4,2,2,2,2,2,3,3,3,4,4,4,3,4,4,4,4,4,4,4,3,4,4,4,3,2,24,6
0,2,31,2,4,4,4,4,4,4,4,3,1,1,1,1,4,4,1,3,1,3,3,1,1,1,3,3,3,2,2,4,3,2,4,3,4,3,3,3,4,2,3,3,4,5,1,26,4
0,2,32,2,3,3,4,4,3,2,4,3,3,2,2,3,4,2,2,2,2,2,2,2,2,2,2,4,4,4,3,4,3,4,2,4,2,2,2,2,4,2,4,5,5,5,1,21,5
0,2,33,2,2,4,4,4,4,4,4,3,4,5,5,4,3,4,3,2,2,2,2,2,2,1,2,4,3,3,3,4,4,4,2,2,2,2,2,2,4,3,3,4,4,4,1,25,4
0,2,34,2,3,3,3,2,3,2,3,3,2,2,4,3,2,3,3,3,3,2,3,4,2,3,2,3,3,3,2,4,3,3,2,3,4,2,3,3,3,2,2,3,3,3,1,24,1
0,2,35,2,2,2,3,3,3,4,3,3,1,2,2,3,2,2,2,2,2,2,2,2,2,2,2,3,3,3,3,4,4,2,2,2,2,2,3,3,2,2,3,4,4,4,1,24,3
0,2,36,1,4,4,3,3,4,4,3,3,2,3,3,4,2,4,3,3,2,4,4,3,3,2,2,3,2,2,3,4,4,2,3,3,4,4,4,3,2,4,4,3,3,3,2,21,4
0,2,37,2,3,3,3,3,3,3,4,3,3,5,5,5,5,5,5,3,2,4,4,3,3,2,3,3,3,3,4,4,4,3,4,3,5,4,4,4,3,4,4,4,4,3,2,22,4
0,2,38,1,4,4,4,2,3,3,3,3,3,2,2,2,2,3,2,2,2,2,2,2,2,2,2,4,4,4,3,4,4,2,2,2,2,4,4,2,4,4,2,4,4,2,1,24,4
0,2,39,1,3,4,4,3,3,3,4,3,4,2,2,2,4,4,4,2,2,2,2,2,2,2,2,3,3,3,2,4,4,3,3,3,3,3,3,3,4,2,2,5,5,5,1,24,3
0,2,40,1,2,2,4,3,3,3,3,3,3,5,5,5,5,4,4,2,1,3,3,2,2,1,1,4,4,4,4,5,5,5,4,3,3,3,3,3,1,4,2,5,5,5,2,22,4
0,2,41,2,3,4,4,4,4,3,3,4,4,4,4,2,5,4,2,2,2,2,1,1,1,1,1,4,3,3,3,4,4,4,2,2,3,2,2,2,3,3,2,4,4,3,1,27,6
0,2,42,2,3,3,3,3,3,3,3,4,4,3,4,4,4,4,4,4,4,4,4,4,4,4,4,4,4,4,4,3,4,3,3,3,4,3,4,4,4,3,3,3,4,3,2,28,4
0,2,43,2,2,2,3,3,4,4,4,4,4,5,5,5,4,4,2,3,2,3,4,4,4,3,3,3,3,3,4,4,3,3,5,5,5,4,4,4,5,4,4,4,4,3,2,21,3
0,2,44,2,3,4,4,2,4,5,3,4,3,5,5,5,5,5,4,2,2,3,2,1,1,1,1,4,4,4,3,5,5,4,2,2,2,2,2,2,4,5,4,5,4,3,1,24,6
0,2,45,1,2,3,2,3,3,2,3,4,1,5,5,5,5,5,5,3,4,4,4,4,3,2,2,3,3,3,2,3,3,4,3,3,2,3,3,2,5,5,5,3,2,3,2,24,3
0,2,46,2,3,3,3,2,2,2,5,4,3,3,4,5,2,4,4,2,2,2,2,2,3,2,1,3,3,3,2,4,4,2,4,4,4,4,4,3,5,4,3,4,3,5,2,25,3
0,2,47,2,4,4,4,4,3,3,3,4,4,1,1,1,4,4,2,3,2,3,3,2,2,2,2,4,4,3,3,4,5,3,2,2,1,3,3,3,4,4,3,3,3,3,1,25,4
0,2,48,1,3,3,4,4,4,4,4,4,3,5,5,4,2,4,3,3,2,4,3,3,3,2,2,3,3,3,3,3,3,2,4,3,4,4,3,3,4,4,4,4,4,4,1,25,5
0,2,49,2,2,2,4,3,3,2,2,4,4,4,4,4,4,4,4,2,2,4,4,3,3,2,2,4,4,4,3,3,3,4,2,2,2,4,4,4,4,4,4,4,4,3,2,23,4
0,2,50,2,4,3,4,3,4,3,3,4,3,5,5,5,4,4,4,2,3,5,3,2,2,1,1,3,3,4,2,4,4,4,4,3,4,4,4,2,4,3,4,3,4,2,2,21,4
0,2,51,2,2,3,4,4,4,4,4,3,3,4,4,4,4,4,4,3,3,3,3,3,3,3,3,3,3,3,3,3,3,3,3,3,3,3,2,2,4,4,3,4,4,3,2,20,2
0,2,52,1,3,2,2,3,2,2,2,3,3,4,3,4,2,2,4,5,4,3,4,3,4,3,4,4,4,3,5,4,3,3,4,3,3,2,2,2,3,3,3,4,4,4,1,25,3
0,2,53,1,3,3,3,3,2,2,2,3,2,5,5,5,5,5,5,3,3,3,5,1,1,1,1,3,3,3,3,1,1,1,2,2,2,4,4,4,1,1,1,5,5,5,2,22,3
0,2,54,2,2,2,3,3,3,2,3,3,3,4,4,3,4,3,4,3,4,4,4,4,4,4,4,4,4,4,4,4,4,4,2,2,2,2,2,2,4,4,4,4,4,4,2,23,4
0,2,55,2,3,3,3,4,3,3,3,3,3,4,4,4,3,3,3,3,3,3,2,2,2,2,2,4,3,3,3,4,4,4,3,3,3,3,3,3,3,2,3,4,4,4,2,21,3
0,2,57,1,3,3,3,3,4,4,4,3,3,2,2,2,2,2,2,3,2,2,2,2,2,2,2,3,3,4,3,3,3,2,3,3,3,3,3,3,3,3,3,3,3,3,1,25,3
0,2,58,1,2,2,2,2,2,2,2,3,4,2,2,2,3,3,3,2,2,2,2,2,2,2,2,3,4,4,4,3,3,3,3,3,3,3,3,3,3,2,3,4,3,3,1,23,4
0,2,59,2,3,4,3,3,3,3,3,4,3,3,3,2,3,3,4,3,3,4,3,2,3,4,3,3,4,4,3,2,3,3,3,3,3,3,4,3,3,4,3,3,3,3,1,24,5
0,2,60,2,2,3,3,4,4,2,3,3,3,5,5,5,3,4,5,2,1,2,2,1,1,1,1,4,4,4,3,4,4,3,3,4,5,4,3,5,4,4,3,5,4,3,2,22,2
0,2,61,2,4,2,3,3,3,2,2,4,3,4,4,2,2,4,2,2,2,2,2,2,2,2,2,4,4,4,3,4,4,4,4,4,4,2,2,2,4,4,2,4,4,3,1,24,2
0,2,62,2,3,3,3,2,2,2,2,4,3,5,5,5,4,3,3,3,3,2,4,3,3,1,1,4,4,3,3,4,4,3,2,2,3,2,1,2,3,2,4,4,4,4,2,22,2
0,2,63,2,3,3,4,4,4,2,2,3,3,4,4,4,2,3,3,3,2,3,3,2,2,2,2,4,4,4,3,3,3,3,2,2,2,2,2,2,4,2,3,4,4,4,1,27,5
0,2,64,1,2,3,4,4,4,4,3,3,2,5,5,5,5,5,5,3,2,3,3,3,3,2,1,3,3,3,2,4,4,4,4,2,3,3,3,2,4,2,4,3,3,3,2,22,5
0,2,65,2,4,4,4,4,4,4,4,3,2,5,5,5,5,5,5,2,1,3,3,2,2,2,2,4,3,4,4,4,5,5,3,3,3,4,3,2,3,1,3,5,5,4,2,22,5
0,2,66,2,3,3,3,3,2,4,2,3,2,2,2,2,3,3,2,3,3,3,3,2,2,1,1,3,3,3,2,3,3,2,3,3,3,3,3,3,3,2,3,3,3,3,1,26,3
0,2,67,2,4,4,4,3,3,4,4,3,3,1,1,1,4,4,4,1,3,1,1,1,1,1,1,5,5,5,5,5,5,5,1,1,1,1,1,1,1,1,1,5,5,5,1,27,4
0,2,68,2,3,2,3,3,3,2,2,3,3,4,4,3,2,2,2,3,2,4,3,3,2,2,2,3,3,3,3,4,4,3,3,2,2,2,2,2,3,3,4,3,3,3,1,24,4
0,2,69,1,3,4,4,3,4,4,4,3,2,4,4,4,4,4,4,2,2,3,3,2,2,2,2,4,3,4,3,3,3,3,3,3,3,3,3,3,4,3,3,4,4,3,2,22,3
0,2,70,1,2,3,4,4,4,4,4,3,1,4,4,5,1,3,1,2,2,4,2,2,2,2,2,4,4,4,2,4,4,4,2,2,2,2,2,2,4,2,5,2,3,2,2,22,3
0,2,71,2,5,4,4,4,3,1,1,4,3,4,4,4,2,2,2,2,2,2,2,1,2,1,2,4,3,4,3,4,4,3,3,3,3,3,3,3,2,1,3,4,4,4,1,27,7
0,2,72,2,4,4,3,4,5,1,2,4,4,4,4,4,4,4,4,3,2,4,4,4,4,2,2,3,3,3,3,4,4,4,3,3,3,3,3,3,2,2,2,4,4,4,2,21,3
0,2,73,2,2,4,5,5,5,4,5,4,3,2,2,1,1,1,3,2,1,1,1,1,1,1,1,4,4,4,3,3,3,3,2,2,2,2,2,2,1,1,4,4,4,3,1,26,5
0,2,74,2,3,4,4,2,4,4,4,4,2,5,5,5,3,5,5,2,1,1,1,1,1,1,1,5,5,5,3,5,5,5,5,4,5,5,4,5,1,1,1,5,5,5,2,21,6
0,2,76,2,4,4,4,3,4,4,3,4,3,4,5,4,4,4,4,2,1,3,3,2,2,1,1,3,2,3,3,3,3,2,2,3,4,2,2,3,2,3,2,5,5,5,2,20,3
0,2,77,1,2,2,3,3,4,4,4,4,3,4,3,1,4,3,1,3,2,4,3,2,2,2,2,4,4,4,3,4,4,4,2,2,2,2,2,2,4,3,3,4,3,3,2,21,4
0,2,78,2,4,4,4,4,3,1,2,4,3,4,4,3,2,2,2,3,3,3,3,3,2,1,1,3,3,4,3,4,4,3,4,3,4,3,4,4,4,2,2,4,4,4,1,25,2
0,2,79,2,2,3,3,3,3,3,3,4,2,4,4,4,4,4,4,2,4,2,2,2,2,2,2,3,3,3,2,3,3,4,2,2,2,2,2,2,4,4,4,4,4,2,1,23,7
0,2,80,1,5,4,4,5,4,3,4,4,3,1,1,1,1,1,1,4,1,2,2,2,2,1,1,3,3,3,1,4,4,2,3,3,3,2,2,2,4,3,3,3,3,3,1,26,4
0,2,82,1,2,3,2,3,3,3,3,4,3,2,2,2,2,2,2,3,2,4,2,2,2,2,2,4,3,2,4,4,3,2,2,1,1,1,1,1,4,4,4,4,4,4,1,25,4
0,2,83,1,2,2,3,4,2,4,3,4,3,3,3,2,2,3,2,3,2,4,3,3,3,2,2,3,3,3,3,3,3,2,3,3,3,3,3,3,4,3,3,4,3,4,1,27,3
0,2,84,2,3,3,4,4,4,4,4,4,2,4,4,4,2,3,2,3,3,3,3,2,2,2,2,4,4,4,4,4,4,3,2,2,2,2,3,3,2,2,4,4,4,4,1,25,5
0,2,85,2,3,3,4,3,3,3,4,4,3,5,4,3,3,4,2,2,2,4,4,4,4,1,2,3,3,3,3,4,4,4,2,2,4,3,3,3,3,3,3,5,3,3,2,20,3
0,2,86,2,4,3,1,3,3,4,3,4,3,2,4,3,4,4,3,4,4,3,3,2,3,3,4,4,4,3,3,4,3,4,2,3,3,2,2,2,4,4,3,3,4,4,2,20,3
0,2,87,2,4,5,4,4,5,4,4,4,3,4,4,3,3,4,3,2,2,2,2,2,3,2,3,3,4,4,3,3,3,4,3,3,2,3,2,2,2,1,2,3,4,4,1,24,4
0,2,88,1,3,4,4,5,5,1,1,3,3,4,4,4,2,4,2,2,2,2,2,2,2,2,2,4,4,4,2,4,4,3,4,4,3,3,4,3,2,2,2,4,4,5,1,24,4
0,2,90,2,3,3,2,3,3,3,3,3,3,1,1,1,1,1,1,1,1,1,1,1,1,1,1,3,3,3,3,3,3,3,3,3,3,4,4,3,3,3,4,4,4,3,1,25,3
0,2,91,2,3,3,4,4,4,3,3,3,3,3,3,2,2,3,2,2,2,2,2,2,2,2,2,3,3,3,3,3,3,3,3,3,3,3,3,3,2,2,4,4,4,3,1,24,6
0,2,92,2,3,4,3,3,3,2,3,3,3,1,1,2,2,2,2,3,1,1,1,1,1,1,1,3,3,3,2,4,4,2,2,3,3,3,3,1,4,4,4,3,3,3,1,24,4
0,2,95,2,4,4,4,2,5,4,4,3,3,4,4,2,4,4,4,3,3,3,3,3,3,3,3,3,3,3,3,4,4,3,3,3,3,3,3,3,4,3,3,4,4,3,1,21,2
0,2,96,1,3,3,3,4,3,3,4,4,2,4,3,3,2,2,3,4,3,2,2,3,3,2,3,3,3,3,2,3,3,2,3,4,3,3,3,3,2,2,2,4,4,3,1,23,2
0,2,97,2,4,4,3,4,3,3,3,4,3,2,2,2,3,3,3,2,2,2,2,2,2,2,2,4,3,4,3,4,4,3,3,3,3,3,4,3,3,2,3,4,3,3,1,24,5
0,2,98,2,4,4,4,4,4,4,4,3,1,2,2,2,1,1,1,3,1,4,3,4,4,1,1,3,2,2,2,4,4,3,4,4,4,4,4,4,4,3,2,4,4,4,2,21,5
0,2,99,2,3,3,3,3,3,3,3,3,2,4,4,4,4,4,4,4,2,4,3,3,3,2,2,3,2,2,3,4,4,3,3,3,4,4,4,4,4,3,3,4,3,3,2,22,3
0,2,100,2,3,5,5,3,3,3,3,3,3,4,4,4,4,4,4,2,2,4,4,3,4,2,4,3,3,3,3,4,4,4,4,4,4,4,4,4,4,4,4,4,4,4,2,21,3
0,2,103,1,4,3,4,4,4,2,3,4,2,4,4,4,3,4,4,2,1,2,2,2,2,1,2,4,4,4,3,4,4,4,2,2,2,3,2,2,4,2,3,4,4,3,2,22,4
0,2,106,2,2,2,2,2,2,2,2,5,3,5,5,3,4,3,3,2,2,4,3,3,3,1,1,4,4,5,3,5,5,4,3,3,4,3,3,3,4,3,5,4,3,2,2,24,6
0,2,107,1,3,3,2,2,2,3,3,4,3,4,4,4,2,1,1,3,3,4,4,3,4,1,5,3,4,3,5,3,3,3,4,4,3,2,2,3,5,4,5,4,3,1,2,23,4
0,2,108,2,3,2,3,4,2,2,2,4,2,4,3,2,2,2,3,2,1,2,2,4,4,2,3,4,4,4,3,4,4,3,3,3,3,3,3,3,4,2,2,5,5,4,1,23,2
0,2,109,2,2,4,2,3,4,2,2,4,3,5,5,5,4,4,4,3,3,4,4,3,3,1,1,3,3,3,3,4,4,3,4,4,4,3,3,3,4,3,4,3,3,3,2,22,4
0,2,110,2,4,4,4,4,3,3,3,4,3,1,1,1,1,1,1,3,2,2,2,2,2,2,2,3,2,2,3,3,2,1,4,3,4,4,5,5,2,1,2,4,4,4,1,24,4
0,2,111,2,4,5,5,4,5,4,4,4,3,4,4,4,3,3,4,2,3,4,4,3,4,1,1,3,3,4,2,4,4,5,5,5,5,5,5,5,4,4,5,3,4,3,1,23,3
0,2,112,1,3,2,2,4,3,1,4,4,4,4,4,4,4,4,2,2,1,1,1,1,1,1,1,4,4,4,5,5,5,5,3,2,3,2,3,3,5,5,2,4,5,5,1,21,2
0,2,113,2,2,3,4,4,4,2,4,4,2,4,4,4,2,4,3,3,3,4,4,4,3,2,3,3,3,3,3,3,3,3,4,3,4,4,4,3,3,2,3,4,4,4,2,22,4
0,2,115,2,3,2,3,3,3,3,3,4,4,4,4,4,5,4,3,2,2,4,4,2,3,1,1,4,4,4,4,5,5,4,3,3,3,3,3,3,3,4,4,4,4,2,2,22,5
0,2,116,1,2,3,3,3,3,3,3,4,4,4,3,5,4,4,4,1,1,3,1,1,1,1,2,4,4,4,3,4,4,5,2,2,3,2,3,2,3,2,3,5,4,4,2,22,7
0,2,117,2,3,3,3,3,3,3,3,4,4,3,3,3,2,2,2,2,2,2,2,2,2,2,2,4,4,4,4,4,4,4,2,2,2,2,2,2,4,1,4,4,4,4,1,24,4
0,2,118,1,4,4,4,4,5,4,5,4,2,4,3,4,1,3,2,2,2,2,2,2,2,2,2,3,3,3,3,4,4,3,2,2,2,2,2,2,4,2,3,4,4,4,2,25,5
0,2,119,1,3,3,3,3,3,3,3,4,3,4,4,4,4,4,4,3,3,4,3,3,3,2,2,3,3,3,4,4,3,4,4,3,4,3,4,4,3,2,2,4,4,4,2,21,6
0,2,129,2,4,3,3,3,4,3,3,4,3,4,4,4,2,4,3,4,2,2,2,2,2,2,2,4,4,3,3,3,4,3,3,4,3,4,3,3,4,2,4,4,4,3,1,24,3
0,2,130,2,3,3,3,3,3,3,3,5,2,5,5,5,4,5,4,5,2,4,4,3,2,1,1,4,4,4,3,4,4,3,3,3,3,3,4,3,4,1,4,5,4,2,1,24,7
0,2,131,1,2,4,5,3,3,3,3,4,3,1,1,1,1,1,1,4,2,3,3,2,2,2,2,3,3,3,2,4,4,1,2,2,2,3,2,2,4,2,3,4,3,3,1,26,3
0,2,132,2,2,2,2,3,4,3,3,4,4,5,5,5,5,5,5,3,2,3,2,2,2,2,2,3,3,3,3,4,4,3,3,3,3,4,4,4,4,4,2,4,4,4,2,21,3
0,2,133,2,5,5,5,5,5,5,5,4,3,4,3,2,2,2,3,2,3,3,2,2,2,2,3,4,4,4,4,4,4,4,3,3,3,4,4,3,4,2,2,5,4,4,2,21,3
0,2,134,2,2,2,3,3,3,3,3,4,2,4,4,3,4,4,3,3,3,4,4,4,4,3,3,3,3,3,3,4,3,3,4,3,4,4,3,3,4,4,3,4,3,3,2,22,3
0,2,135,2,4,3,3,3,3,2,2,4,3,5,5,5,4,4,3,2,3,3,3,2,2,2,2,3,3,4,2,3,4,3,4,2,4,4,4,3,4,4,4,4,4,3,2,22,2
0,2,136,1,3,3,3,3,3,3,3,4,3,1,1,1,1,1,1,3,1,1,1,1,1,1,1,3,3,3,3,3,3,3,4,3,4,4,4,2,4,1,2,4,4,4,1,24,2
0,2,137,1,2,3,4,3,5,4,4,5,4,4,4,4,4,4,4,4,1,5,5,4,3,1,1,4,4,3,5,3,3,4,4,4,5,4,4,5,4,4,4,4,4,2,2,23,3
0,2,140,1,2,3,4,2,3,1,1,5,2,5,5,3,2,2,4,2,2,4,4,4,4,2,2,3,3,3,2,4,4,4,4,4,4,4,4,4,4,4,4,4,4,2,2,23,3
0,2,141,2,3,3,4,3,4,4,4,5,2,4,2,4,4,5,4,2,1,4,4,1,1,1,1,4,4,4,4,5,5,2,2,2,2,4,4,2,5,4,4,4,4,2,2,22,2
0,2,142,1,4,4,4,4,4,2,3,5,2,5,3,4,4,4,2,3,2,4,4,5,4,1,2,4,4,3,2,4,3,2,5,5,5,5,5,5,3,4,4,2,1,2,2,21,4
0,2,143,2,3,2,3,2,2,2,2,5,3,5,2,5,5,5,5,2,1,5,4,2,2,1,1,4,4,4,4,5,5,5,3,3,5,5,5,5,1,1,5,4,4,3,2,22,3
0,2,144,2,4,3,3,4,4,2,2,5,5,5,5,5,4,5,5,3,4,3,3,3,4,3,4,4,5,4,4,3,3,3,2,3,3,2,3,2,3,4,4,3,5,4,1,25,5
0,2,145,2,2,4,5,4,3,4,4,5,3,3,3,3,5,5,5,2,2,4,1,1,1,1,1,4,4,4,2,5,5,5,2,2,2,2,2,2,4,2,2,4,5,5,1,25,6
0,3,1,2,3,4,4,3,4,2,2,4,2,2,2,2,3,4,2,2,1,3,3,2,2,2,2,3,3,3,3,4,3,3,2,2,2,2,3,3,2,2,3,4,4,3,1,25,1
0,3,2,1,2,3,3,3,3,4,3,4,4,4,4,3,2,3,2,3,2,3,3,2,2,1,1,3,3,3,3,4,4,4,2,2,2,3,3,3,4,4,5,3,3,3,1,26,5
0,3,3,2,2,3,4,2,3,3,2,3,2,2,3,2,2,3,2,4,4,3,4,4,3,3,2,3,3,3,2,4,4,3,2,3,4,2,3,2,1,1,3,4,4,4,1,26,5
0,3,4,2,3,4,3,3,4,2,2,5,2,5,5,5,5,5,5,3,2,4,3,2,2,1,1,3,3,3,2,4,4,4,4,3,3,3,1,2,2,3,3,4,4,3,2,23,3
0,3,5,1,4,4,4,3,3,3,4,4,3,5,4,5,4,3,4,2,3,2,2,2,2,2,2,4,4,4,3,4,4,4,3,3,4,4,3,4,4,3,3,4,4,3,2,25,3
0,3,6,2,2,2,3,3,4,5,4,3,3,5,5,4,3,3,4,2,1,1,1,1,1,1,1,3,4,5,3,5,5,5,2,2,2,1,1,1,2,5,4,3,4,4,2,23,4
0,3,7,2,3,4,4,3,4,4,3,3,2,5,5,5,4,4,4,3,2,4,3,2,2,2,2,4,4,4,3,5,5,4,4,4,4,4,4,4,4,4,4,4,4,3,2,23,4
0,3,8,2,3,4,3,4,3,2,2,4,1,5,5,5,5,5,5,2,1,3,2,2,2,1,1,4,4,4,2,3,2,3,4,4,5,5,5,5,4,4,4,4,2,2,2,24,4
0,3,9,2,3,3,3,3,4,3,4,4,4,5,5,5,4,3,2,3,2,4,4,3,3,1,3,3,3,3,2,3,4,3,3,2,2,3,4,3,4,4,3,3,4,3,2,23,3
0,3,10,1,3,4,4,3,3,2,3,4,3,4,3,3,4,4,4,3,2,4,3,3,2,2,2,3,3,3,3,3,3,4,4,3,3,3,3,3,4,3,2,4,3,4,2,23,3
0,3,11,1,2,2,4,3,4,4,2,4,3,5,5,5,5,5,5,3,3,5,4,4,4,2,2,3,4,3,3,4,4,4,5,5,5,5,5,4,4,3,2,4,4,4,2,25,7
0,3,12,1,3,3,4,3,5,5,5,5,3,5,5,5,5,5,5,2,2,4,3,2,2,1,1,4,4,4,5,4,4,4,3,3,3,3,3,2,4,4,5,5,5,5,2,23,5
0,3,13,2,3,3,3,2,4,3,2,3,1,5,5,5,3,4,4,2,1,2,3,3,3,1,1,4,4,4,3,4,4,4,4,4,4,4,4,4,4,4,4,4,4,4,2,23,3
0,3,14,2,2,3,4,4,2,2,2,3,2,5,5,5,3,3,3,3,2,4,4,2,2,2,2,4,3,4,3,4,3,4,4,3,4,4,3,4,2,2,3,5,5,5,2,25,3
0,3,15,2,2,4,4,4,5,4,4,4,4,4,4,4,4,5,4,3,2,2,2,2,2,1,1,4,4,4,3,4,4,4,5,4,5,5,5,5,3,4,4,4,5,2,2,25,3
0,3,16,2,4,3,3,3,3,4,4,4,3,5,5,5,4,4,2,2,2,2,2,2,2,2,2,4,4,4,4,4,4,4,4,3,3,3,3,3,4,3,3,4,4,4,2,22,6
0,3,17,2,3,3,3,3,3,3,3,3,3,2,3,2,2,2,2,3,3,3,3,3,3,3,3,3,3,3,3,3,2,2,4,4,4,4,4,4,3,2,2,3,4,4,1,24,6
0,3,18,1,2,3,3,3,3,3,4,4,4,4,4,4,4,4,4,3,2,4,3,2,2,2,2,4,4,4,4,4,4,4,3,3,3,3,3,3,2,2,2,3,3,3,1,27,7
0,3,19,1,4,4,4,4,4,4,4,4,4,2,4,4,1,2,2,2,2,2,2,2,2,2,2,4,4,4,4,4,5,5,2,2,2,2,2,2,3,2,2,4,4,4,1,23,6
0,3,21,2,3,2,3,3,3,3,3,3,3,2,2,2,2,2,2,3,3,3,4,3,3,3,3,3,3,3,2,3,3,2,2,2,4,5,4,4,4,3,2,4,5,4,1,25,3
0,3,22,2,3,4,4,4,4,4,4,4,3,4,4,4,4,4,4,2,2,2,2,2,2,2,2,4,4,4,4,4,4,4,2,2,2,2,2,2,2,2,4,4,4,4,1,24,5
0,3,23,2,3,3,3,4,4,4,5,5,3,1,1,1,3,3,3,4,3,4,3,3,3,2,1,3,3,4,5,3,3,3,3,4,4,5,5,5,2,1,3,5,4,5,1,23,3
0,3,24,2,2,2,3,3,3,4,3,3,3,3,3,3,4,4,4,2,2,2,2,2,2,2,2,3,3,3,3,4,4,3,2,2,2,2,2,2,3,3,4,4,4,4,1,24,2
0,3,25,2,2,3,3,3,3,3,3,3,3,2,2,1,2,2,1,3,1,2,2,2,2,1,1,4,4,4,2,3,3,3,4,4,4,4,4,4,3,2,2,4,4,4,1,26,4
0,3,25,2,4,4,3,3,3,3,4,4,3,1,1,1,2,3,2,2,3,3,2,2,3,3,3,3,3,3,4,3,3,3,4,2,4,4,4,5,4,3,4,4,4,2,1,24,3
0,3,26,2,3,4,4,3,4,4,3,4,3,5,5,4,1,1,1,2,1,4,3,1,1,1,1,4,4,4,4,4,3,3,3,3,5,4,2,3,2,2,2,4,4,4,2,25,3
0,3,27,2,4,4,5,3,4,4,2,3,2,5,4,3,4,4,3,2,1,3,3,3,4,1,2,3,3,4,4,4,5,4,3,3,4,4,4,3,3,2,3,3,4,3,2,24,2
0,3,28,2,2,3,3,4,4,2,2,4,2,4,4,5,4,4,4,2,2,4,3,3,4,2,2,4,4,4,2,4,4,4,2,2,3,3,2,4,4,3,4,4,3,3,2,24,4
0,3,29,2,3,4,4,4,4,4,4,4,4,1,1,1,1,1,1,3,1,1,1,1,1,1,1,3,3,3,3,4,4,4,3,3,3,3,3,3,4,1,4,4,4,2,1,25,7
0,3,30,2,2,2,4,3,3,4,3,3,3,1,1,1,1,1,1,2,1,1,1,1,1,1,1,5,3,4,3,5,5,1,1,1,1,1,1,1,1,1,1,4,3,4,1,25,6
0,3,31,2,2,2,2,3,3,3,2,4,3,2,4,3,5,4,2,2,4,4,3,3,2,3,4,4,3,4,5,4,3,2,3,4,2,2,1,5,1,3,3,3,4,3,1,26,5
0,3,32,2,4,4,4,4,4,4,4,4,4,2,2,2,2,2,4,2,2,2,2,2,2,2,2,4,4,4,3,4,4,4,2,2,2,2,2,2,3,3,3,3,3,3,2,23,5
0,3,33,1,2,2,2,2,4,4,2,4,2,4,4,4,4,4,3,4,2,4,2,2,2,2,2,4,2,4,3,4,2,3,4,4,4,4,4,3,4,4,5,4,4,2,1,25,2
0,3,34,2,2,2,4,4,4,4,4,5,2,1,1,1,4,4,4,2,1,1,1,1,1,1,1,4,3,5,2,4,4,3,4,4,4,4,4,4,4,5,4,3,4,3,1,25,2
0,3,36,2,2,2,2,3,2,2,2,3,1,1,1,1,1,1,1,3,1,2,2,2,2,1,1,3,3,3,1,3,3,2,3,3,5,5,5,5,3,2,4,3,3,3,1,24,2
0,3,37,2,2,4,4,3,3,2,2,4,2,3,4,1,4,4,4,2,1,3,2,1,1,1,1,4,3,4,4,4,4,3,2,2,2,3,4,3,4,3,2,4,3,4,1,26,6
0,3,38,2,3,3,3,3,3,3,3,3,3,2,2,2,5,5,5,3,1,1,1,1,1,1,1,3,3,3,2,5,5,4,5,5,5,5,5,5,2,2,2,3,3,3,1,24,6
0,3,39,2,2,2,1,3,2,2,2,2,2,4,4,2,2,3,2,4,1,4,3,3,2,1,1,3,3,3,3,3,3,2,3,3,3,4,4,4,4,4,2,4,4,4,1,26,7
0,3,40,2,2,2,2,3,4,4,3,4,3,4,4,4,4,4,3,3,2,3,3,2,3,2,2,3,3,3,2,3,3,2,4,3,4,4,3,4,3,4,4,3,3,2,2,25,4
0,3,41,1,2,2,4,3,4,2,4,3,2,1,3,2,3,4,3,1,1,3,1,1,1,1,1,4,3,2,2,5,5,2,3,3,3,3,3,5,4,5,5,5,4,2,1,28,2
0,3,42,2,3,3,4,4,4,2,3,5,3,5,5,5,4,4,4,3,3,4,4,2,2,3,3,3,3,2,2,3,3,2,4,5,5,4,5,5,5,4,4,4,4,3,2,23,2
0,3,43,2,2,1,3,2,3,2,2,3,2,5,5,5,3,3,3,3,4,2,3,2,2,3,2,3,4,4,2,4,4,2,4,3,2,2,2,3,4,1,4,4,4,4,1,25,4
0,3,44,2,2,3,3,3,3,3,3,4,3,4,4,4,2,3,2,4,1,4,4,3,3,1,1,3,4,4,4,4,4,3,3,4,3,4,5,3,4,4,4,4,4,3,1,25,5
0,3,45,2,4,4,4,4,5,4,5,4,4,4,5,4,4,4,4,4,4,5,4,5,4,4,5,4,5,4,5,4,4,5,2,2,1,1,1,2,5,5,5,5,5,5,1,25,5
0,3,46,2,4,4,4,4,4,4,3,4,4,2,1,1,2,4,2,3,4,3,3,3,4,3,3,3,4,3,3,3,4,4,3,3,2,3,2,3,3,4,4,3,4,4,1,25,2
0,3,47,2,2,4,4,5,5,3,4,2,1,5,5,5,4,5,5,4,3,2,3,2,2,2,1,4,3,4,3,3,2,2,4,4,4,4,4,5,2,2,3,4,5,4,2,25,7
0,3,48,2,4,2,3,3,2,1,1,2,1,1,1,1,3,4,2,3,1,4,3,3,3,1,1,4,3,3,2,3,3,2,2,2,4,5,4,5,3,2,4,2,2,3,1,25,5
0,3,49,1,4,2,2,2,3,4,4,4,5,4,4,4,4,4,4,4,2,2,2,2,2,2,2,4,4,4,2,4,3,1,3,3,3,3,3,3,2,1,4,5,5,2,1,25,3
0,3,50,2,3,2,3,3,3,2,2,2,3,1,1,1,2,3,2,3,3,2,3,3,3,2,3,3,2,3,3,3,3,3,2,2,2,2,3,2,3,4,4,2,3,2,1,27,6
0,3,51,2,4,4,4,3,3,3,4,4,4,3,5,5,4,4,4,2,2,4,2,3,3,2,2,4,2,3,2,4,4,3,4,4,4,4,4,4,2,4,3,4,4,4,2,22,4
0,3,52,1,3,3,4,4,4,4,3,3,3,4,4,3,4,4,3,3,2,3,3,2,2,2,2,4,4,4,3,4,4,4,4,4,4,4,4,4,4,4,4,4,4,3,1,22,4
0,3,53,2,4,4,3,4,3,3,4,3,4,4,4,4,3,4,4,3,3,3,3,2,3,3,3,3,3,3,3,4,3,4,4,3,4,3,4,4,3,3,3,2,2,2,1,27,4
0,3,54,2,2,3,4,4,4,4,4,4,4,5,5,4,4,3,3,3,3,2,2,3,3,2,3,4,4,4,3,4,4,4,4,4,4,4,4,4,4,4,4,4,3,3,2,23,3
0,3,55,2,4,3,2,3,3,4,3,3,3,4,4,4,4,4,4,2,2,3,3,2,2,2,2,3,3,3,3,3,2,2,4,3,3,2,3,3,4,2,2,4,3,4,2,22,1
0,3,56,1,4,4,4,3,4,4,4,4,3,5,5,5,4,4,4,4,2,2,2,2,2,2,2,4,4,4,2,4,4,4,2,1,1,2,1,1,4,2,4,4,4,3,2,22,5
0,3,57,2,4,4,5,4,4,2,3,3,3,4,4,5,5,5,5,2,2,1,1,1,1,1,1,4,3,3,4,5,4,5,4,4,4,5,4,3,2,3,3,3,3,3,2,22,5
0,3,58,2,4,3,3,2,4,2,3,3,2,4,4,4,4,4,4,3,2,2,4,3,2,2,2,3,4,3,2,3,3,3,5,5,5,4,4,4,4,4,3,3,4,3,2,22,2
0,3,59,2,3,3,3,3,3,3,3,3,3,1,1,1,1,1,1,3,1,1,1,1,1,1,1,3,3,3,3,2,2,2,3,3,3,3,3,3,2,2,4,4,4,3,1,24,6
0,3,60,2,2,4,4,4,3,3,3,4,2,4,4,2,4,4,3,2,2,2,2,1,1,1,1,4,4,4,4,4,4,4,4,4,3,4,4,3,2,2,2,4,3,3,1,24,2
0,3,61,2,2,4,3,2,4,5,3,3,2,4,4,2,4,3,3,2,1,3,3,3,3,1,1,3,3,4,2,3,4,3,3,4,3,3,3,3,3,5,4,5,4,3,2,22,7
0,3,62,2,2,2,4,4,4,4,4,4,2,4,4,4,4,4,4,4,3,3,4,3,3,3,3,4,4,4,3,4,4,3,4,4,4,4,4,4,3,2,3,3,4,3,2,22,7
0,3,63,2,3,4,3,3,3,4,2,2,3,4,4,2,4,4,1,2,2,2,2,1,1,1,1,4,4,4,3,4,4,3,4,2,2,2,2,2,4,5,3,4,3,2,1,24,4
0,3,64,2,4,2,4,3,4,4,4,2,2,3,5,5,4,3,4,2,3,4,4,2,2,2,2,4,2,3,3,4,4,4,5,5,5,5,5,5,4,4,4,4,4,4,2,25,3
0,3,65,2,5,5,5,5,5,5,5,5,5,5,5,5,1,1,1,1,1,1,1,1,1,1,1,5,5,5,1,5,5,5,1,1,1,1,1,1,3,3,2,5,4,5,1,25,2
0,3,66,1,2,1,1,1,1,1,1,1,1,4,4,4,1,4,2,4,2,5,4,4,4,2,2,2,3,3,2,2,3,3,4,5,5,4,4,3,5,4,1,5,5,5,1,26,3
0,3,67,1,3,3,3,3,3,3,3,4,3,3,3,3,3,3,3,2,2,2,2,2,2,2,2,3,3,3,3,4,4,3,3,3,3,3,3,3,3,2,4,4,4,2,1,25,4
0,3,68,1,3,2,2,2,3,3,3,3,3,3,3,3,3,3,3,2,2,2,2,2,2,2,2,2,2,2,2,3,3,3,3,2,3,3,2,3,1,1,1,5,4,5,1,24,7
0,3,69,2,1,1,1,3,3,3,3,3,3,2,2,2,2,2,2,3,3,2,2,2,2,2,2,3,3,3,2,3,3,3,3,3,3,3,3,3,3,3,3,3,2,4,1,26,3
0,3,70,2,3,3,3,4,4,4,3,3,3,4,4,4,4,4,4,2,3,3,2,3,3,2,2,3,3,3,3,3,3,3,3,3,3,4,4,3,4,4,4,4,3,3,2,23,4
0,3,71,2,2,2,3,4,3,2,3,3,3,1,1,1,1,1,1,3,1,2,2,2,2,1,1,4,3,4,3,4,4,3,2,2,2,2,2,2,4,4,4,4,4,3,1,21,4
0,3,72,2,1,1,3,3,3,2,3,3,1,2,2,2,2,4,3,4,1,3,1,1,1,1,1,2,1,2,1,2,2,1,4,4,4,4,4,4,4,2,3,4,2,3,1,25,5
0,3,73,2,2,2,3,3,3,2,2,3,3,2,2,2,3,3,2,2,2,2,2,2,2,2,2,4,3,3,2,4,4,3,2,3,2,3,4,4,3,3,3,3,3,3,1,25,3
0,3,74,2,3,4,3,4,4,4,4,4,4,2,2,2,2,3,3,3,3,3,3,3,3,3,3,4,3,4,3,3,3,3,3,3,3,3,3,3,2,2,2,3,3,3,1,25,4
0,3,75,1,3,3,3,4,3,3,3,4,3,2,2,2,4,4,4,2,2,2,2,2,2,1,1,4,4,4,4,4,4,3,4,4,4,4,4,4,3,4,4,4,4,2,1,25,4
0,3,76,2,2,3,4,2,4,2,3,3,3,4,4,5,4,3,3,4,3,4,4,3,3,2,2,4,3,3,3,4,4,4,3,2,3,4,2,2,3,4,4,3,3,2,2,24,4
0,3,77,2,3,3,4,3,4,4,3,4,3,5,5,5,5,5,5,2,2,3,2,2,3,1,1,4,4,4,4,4,4,4,4,4,5,5,5,4,3,2,4,4,4,4,2,23,3
0,3,78,2,3,4,4,2,4,4,3,3,3,4,4,4,4,4,4,2,2,2,2,2,2,2,2,3,3,3,2,4,3,4,3,4,4,4,4,4,4,3,3,3,3,3,2,23,3
0,3,79,2,3,2,3,2,2,2,2,2,2,2,2,2,3,2,2,3,2,3,3,3,3,1,1,3,3,3,2,3,3,2,3,3,3,3,3,3,2,2,3,3,3,3,1,26,3
0,3,80,2,3,4,4,3,4,3,4,4,3,4,4,4,4,4,5,3,2,4,4,3,3,2,2,3,3,3,2,4,3,3,4,4,4,4,3,3,3,2,4,3,3,2,2,24,6
0,3,81,2,3,3,3,3,3,3,3,2,3,4,4,2,4,4,4,2,2,2,2,2,2,1,1,4,4,4,3,3,3,3,4,4,4,4,4,4,2,4,4,4,4,2,1,21,3
0,3,83,2,2,3,1,1,2,3,3,2,1,1,2,3,2,4,3,2,3,4,4,3,3,3,3,3,3,3,3,3,3,3,3,2,3,3,2,3,3,3,3,3,3,3,1,23,3
0,3,84,2,2,4,4,3,4,4,4,4,3,5,5,5,4,4,4,2,2,4,4,2,2,2,2,4,4,4,4,4,4,4,2,2,2,2,2,2,2,4,2,4,4,4,2,22,7
0,3,85,1,2,2,3,3,3,3,3,3,2,4,4,4,2,3,2,3,1,3,2,2,2,1,1,3,3,3,3,4,4,3,3,3,3,3,3,3,1,2,3,4,4,4,1,26,7
0,3,86,2,4,4,4,3,4,5,4,4,3,4,4,4,4,4,4,2,2,3,2,2,2,1,1,3,3,3,3,4,4,4,3,3,3,3,3,3,4,1,3,3,3,3,2,22,6
0,3,87,2,1,3,4,2,2,2,2,4,2,5,5,2,1,1,1,2,1,1,1,1,1,1,1,4,4,4,4,4,4,4,1,1,1,1,1,1,4,4,4,4,4,4,1,24,4
0,3,88,1,2,4,3,4,4,4,4,4,1,3,3,3,1,3,3,2,2,2,3,2,1,2,2,3,3,2,3,3,3,2,4,4,4,4,4,4,3,1,1,4,4,4,1,25,5
0,3,89,2,3,3,4,3,3,3,3,3,3,5,5,4,3,2,3,3,2,3,3,2,2,2,2,3,3,3,3,4,4,4,4,3,3,3,3,3,2,2,3,4,4,3,2,25,3
0,3,90,2,2,3,4,4,4,4,4,4,2,5,5,3,2,2,1,2,2,2,2,1,1,1,1,4,4,4,4,4,4,3,1,1,1,1,1,1,4,2,3,3,4,3,1,26,3
0,3,91,2,3,4,4,4,3,3,3,3,4,4,4,4,4,4,4,2,2,3,3,3,3,2,2,4,3,3,4,4,3,4,2,2,2,2,2,2,3,4,3,4,4,4,1,23,5
0,3,92,1,3,2,2,2,2,2,2,2,2,4,4,1,4,4,1,3,1,2,2,1,1,1,1,3,3,3,2,3,3,3,2,2,2,2,2,2,2,1,4,4,4,3,1,24,1
0,3,94,2,2,2,3,3,3,3,3,3,3,1,1,1,4,4,1,1,1,1,1,1,1,1,1,3,3,3,3,4,4,2,2,2,2,2,2,2,1,1,1,3,3,3,1,24,5
0,3,95,2,2,2,2,3,3,3,3,4,3,5,4,4,2,2,2,3,1,1,1,1,1,1,1,4,3,3,2,4,5,4,3,1,1,1,1,1,1,1,1,4,4,5,1,23,3
0,3,96,2,4,3,4,3,3,4,3,4,4,3,3,3,4,4,3,2,2,3,3,2,3,3,3,3,3,3,3,3,3,3,3,3,3,3,3,3,4,2,3,4,3,3,1,23,4
0,3,97,2,3,3,3,3,3,3,3,3,3,3,3,3,3,3,3,3,3,3,3,3,3,3,3,3,3,3,3,4,3,3,3,3,4,3,3,3,3,1,2,4,4,4,1,21,3
0,3,98,2,4,4,4,4,4,4,3,3,3,3,4,4,4,3,3,4,3,4,4,3,3,4,4,3,4,4,3,4,3,3,4,4,4,4,4,4,4,4,4,4,3,4,2,21,4
0,3,104,1,3,3,4,3,4,3,3,4,3,5,5,5,3,4,4,3,4,4,4,3,3,3,3,3,4,4,3,4,4,4,4,4,4,4,4,4,4,3,3,4,4,3,2,23,4
0,3,105,2,2,2,1,3,4,4,2,1,1,2,3,2,4,3,3,2,3,3,3,3,3,2,2,4,3,3,2,3,3,4,5,5,5,5,5,5,3,2,2,5,5,4,2,24,4
0,3,106,2,4,4,4,4,3,3,3,4,3,2,2,2,3,4,3,2,2,2,2,2,2,2,2,4,4,4,3,4,4,2,4,3,4,4,3,3,2,2,3,3,4,3,1,22,5
0,3,108,2,2,3,3,4,4,3,3,4,3,4,4,4,3,4,3,2,2,3,4,3,3,2,2,3,3,3,3,4,3,3,4,3,4,3,4,3,3,2,3,4,4,3,2,24,5
0,3,109,2,2,3,3,3,3,4,2,3,3,1,1,1,1,1,1,2,1,3,2,3,3,1,1,4,3,4,4,3,2,1,4,3,4,3,4,4,5,4,5,3,4,3,1,25,3
0,3,110,2,3,3,3,3,2,2,2,2,2,2,1,1,1,3,1,3,3,3,3,2,2,2,1,4,4,4,2,4,4,2,3,3,3,3,3,3,3,2,3,4,4,4,1,23,5
0,3,111,1,4,4,4,3,3,3,3,3,3,4,4,3,3,4,3,3,3,3,3,3,3,3,3,3,3,3,3,3,3,3,4,4,4,4,4,4,4,3,3,4,4,4,1,24,4
0,3,112,2,3,3,3,3,3,3,3,3,3,2,2,2,4,3,4,2,2,2,2,2,2,2,2,4,4,4,4,4,4,3,4,3,3,4,3,3,3,2,4,4,3,4,1,25,7
0,3,113,2,3,4,4,3,4,4,2,4,2,4,2,2,3,3,4,2,1,3,2,2,2,1,1,3,3,3,3,4,4,3,3,4,3,3,2,4,2,1,4,4,4,3,2,21,2
0,3,114,2,4,4,4,5,3,4,3,4,4,5,4,5,2,3,2,2,4,4,3,3,3,2,3,3,3,4,1,4,4,5,4,3,3,4,4,4,4,3,4,4,4,3,2,22,3
0,3,115,2,4,4,4,1,1,1,1,1,1,1,1,1,4,4,4,2,1,1,1,1,1,1,1,4,4,4,3,5,5,2,5,5,5,5,5,4,2,1,3,3,4,4,1,24,4
0,3,116,2,2,2,4,4,3,3,3,4,2,4,4,4,4,4,4,4,4,4,3,3,3,4,3,4,4,3,4,4,4,3,4,4,4,4,5,5,2,2,2,3,4,3,2,23,5
0,3,117,1,4,4,4,3,3,3,3,3,3,5,5,4,1,3,2,2,2,3,3,2,2,1,1,3,3,3,3,3,3,3,3,3,2,4,4,3,4,3,2,4,4,3,1,24,4
0,3,118,2,2,2,3,4,3,3,3,4,4,1,1,1,3,3,4,3,3,4,3,3,3,1,1,4,2,4,2,3,2,2,5,5,5,5,5,4,3,1,2,4,4,4,2,21,2
0,3,119,2,3,4,3,4,3,4,3,4,4,2,3,1,2,2,2,2,1,2,2,2,2,1,1,3,4,4,3,3,3,3,4,4,4,4,4,4,3,2,2,4,4,4,1,23,3
0,3,120,2,3,3,4,2,4,4,2,3,2,5,3,4,3,4,3,2,1,5,4,3,3,1,4,3,2,2,5,3,3,3,4,4,5,5,5,4,4,3,4,4,4,4,2,21,3
0,3,121,2,3,3,5,3,4,4,4,3,3,4,4,5,4,4,5,2,2,2,2,2,2,2,2,4,4,4,3,4,4,4,4,4,4,4,4,4,4,3,4,3,3,3,2,21,3
0,3,122,1,4,2,3,4,3,2,3,4,2,4,4,4,2,3,3,2,2,2,2,2,3,1,2,3,3,3,2,3,3,2,4,4,3,3,2,3,4,4,3,4,3,3,2,21,4
0,3,123,2,2,3,4,3,3,4,3,4,3,2,4,4,4,4,4,3,3,2,4,3,3,2,2,3,3,3,2,4,4,3,3,3,3,3,3,3,4,4,4,4,4,4,2,21,6
0,3,125,2,3,2,2,3,4,5,5,5,2,5,5,5,5,5,5,3,1,4,4,4,4,1,1,2,2,3,1,3,3,3,2,2,2,2,2,4,4,4,3,4,3,4,2,24,7
0,3,126,2,4,4,4,3,4,2,3,3,2,5,5,5,5,5,5,2,1,5,4,4,4,1,1,3,3,2,4,4,4,4,4,3,4,3,1,3,4,4,4,4,3,3,2,22,4
0,3,127,2,4,4,3,4,4,4,3,4,3,5,5,5,5,4,4,3,2,4,3,2,2,2,2,3,3,4,3,4,4,4,4,3,3,2,3,3,4,2,3,4,4,4,2,21,3
0,3,128,2,3,3,3,3,4,3,3,2,2,3,5,5,5,5,5,3,1,2,2,2,2,1,1,3,3,3,3,3,3,4,4,3,4,3,3,3,4,4,4,4,4,2,2,22,4
0,3,129,2,2,4,3,3,5,3,3,4,2,5,3,4,4,4,4,3,4,3,2,3,4,2,2,4,3,4,2,4,4,4,2,3,3,4,4,4,4,4,3,3,3,4,2,22,3
0,3,130,1,2,2,3,2,4,3,2,4,3,4,4,4,4,3,3,4,3,4,3,2,2,2,2,3,3,4,3,4,4,4,4,3,3,4,3,4,4,4,4,4,4,4,2,20,4
0,3,131,2,2,2,4,3,2,3,2,3,3,3,4,4,3,3,3,4,4,2,2,2,2,2,2,3,3,3,2,4,4,4,3,4,4,4,4,4,4,4,2,4,4,4,2,22,4
0,3,132,2,3,2,2,2,2,2,2,3,2,2,2,2,1,1,1,3,1,2,2,2,2,1,1,3,3,3,3,4,4,4,3,3,3,2,3,3,2,1,3,3,3,3,1,24,5
0,3,133,2,4,3,4,4,2,2,4,4,2,4,2,4,4,4,4,2,2,4,2,2,3,1,2,4,4,3,2,4,4,4,4,4,3,3,2,4,2,4,3,4,4,3,2,22,3
0,3,134,2,2,3,3,3,2,2,2,4,2,4,4,4,4,4,4,3,1,3,3,2,2,1,1,3,3,3,2,4,4,3,3,2,2,4,4,4,3,2,1,5,5,5,1,26,6
0,3,135,1,2,3,3,4,4,4,4,4,4,4,4,5,3,5,4,2,2,4,4,3,3,2,2,4,4,4,4,4,4,4,4,4,4,4,4,4,3,3,2,4,4,4,1,29,4
0,3,136,2,3,3,3,2,4,4,3,3,2,4,4,4,4,4,4,3,3,4,4,3,2,2,2,3,3,3,3,4,4,3,5,5,5,5,5,5,2,2,4,3,3,3,2,24,6
0,3,137,2,3,3,3,3,3,3,3,3,3,2,2,3,1,1,1,3,2,2,2,1,1,1,1,3,3,3,3,4,3,2,2,2,2,2,2,1,2,2,2,3,3,5,1,26,4
0,3,138,1,3,3,4,3,2,2,3,2,3,2,3,2,2,2,2,2,2,2,2,2,2,2,2,4,4,4,3,4,4,4,2,2,2,2,2,2,3,2,4,3,3,3,1,21,3
0,3,139,2,3,4,4,2,4,4,4,4,3,4,4,4,1,1,3,2,2,3,2,2,3,1,1,4,4,4,3,4,4,4,4,3,4,4,4,4,2,2,4,4,4,3,1,26,5
0,3,140,1,2,2,2,2,2,2,2,2,2,2,2,2,1,1,1,4,1,4,4,5,5,1,1,2,2,2,3,2,2,2,2,3,3,3,3,3,5,5,4,4,2,4,1,27,2
0,3,141,1,2,1,3,2,2,3,1,3,4,2,2,1,3,2,2,2,1,1,1,1,1,1,1,4,4,5,2,3,4,3,3,2,1,3,2,3,3,5,3,4,2,4,1,26,4
0,3,142,2,1,3,3,3,3,3,3,3,3,1,1,1,3,3,3,3,1,3,1,1,1,1,1,3,2,3,1,4,4,3,3,1,1,1,5,1,3,1,3,5,4,5,2,23,2
0,3,143,2,4,3,4,4,4,3,4,5,3,4,2,5,3,4,4,2,2,3,3,2,2,1,1,3,4,3,3,4,4,4,5,4,5,4,4,4,4,2,3,4,3,3,2,23,4
0,3,144,2,2,2,4,4,4,4,4,4,4,4,4,4,2,2,2,2,1,3,2,1,1,1,1,4,4,4,2,4,5,4,4,3,4,4,4,4,1,1,1,4,4,4,2,21,7
0,3,145,2,3,2,2,4,4,4,4,4,4,4,4,4,5,5,3,3,2,4,4,4,4,1,1,3,3,3,3,4,4,3,4,3,4,4,4,4,4,4,4,4,4,4,2,21,6
2,0,1,1,2,3,3,2,4,4,2,3,2,3,3,3,2,2,2,4,2,4,4,4,4,3,3,2,2,2,1,2,2,1,4,4,4,4,4,4,2,4,4,2,3,2,1,26,7
2,0,2,1,3,4,4,2,3,2,2,5,2,5,5,5,4,4,4,3,2,5,5,3,3,1,4,2,2,3,1,4,3,2,4,4,3,4,4,3,4,2,3,5,4,4,2,23,4
2,0,3,2,3,3,3,2,2,3,3,4,3,4,4,4,4,4,4,3,2,4,4,4,3,2,2,2,2,3,2,3,3,2,4,4,4,4,4,4,4,2,4,4,4,3,2,23,3
2,0,4,2,2,2,2,2,3,3,3,3,1,3,3,3,4,4,1,5,1,5,5,5,5,1,3,1,1,1,1,1,1,1,5,5,5,5,5,3,5,5,4,4,4,4,2,22,2
2,0,5,2,3,3,2,3,3,3,3,4,3,4,4,4,3,3,3,4,2,5,4,4,3,2,2,2,2,2,4,4,3,3,4,4,5,4,3,4,1,1,4,4,4,4,2,23,7
2,0,7,1,2,1,3,2,3,2,2,2,1,1,1,1,2,2,2,4,2,5,4,4,3,2,2,2,2,2,1,2,2,1,4,4,4,4,4,4,4,3,3,4,3,3,1,28,4
2,0,9,2,3,3,3,3,3,3,4,4,2,1,1,1,1,1,1,3,2,2,2,2,2,2,1,3,3,3,4,3,3,1,2,2,2,1,1,1,4,4,4,3,4,3,1,21,1
2,0,10,2,2,3,3,2,2,2,2,2,2,4,4,4,4,4,4,4,2,4,4,4,4,2,2,2,3,3,2,3,3,3,2,3,3,4,4,3,4,4,4,4,4,3,2,22,3
2,0,11,2,3,4,3,4,3,3,4,4,3,3,4,3,3,4,3,3,4,3,3,4,3,4,4,3,4,3,4,3,3,4,3,4,3,3,4,3,3,4,3,4,4,3,2,31,5
2,0,12,1,3,4,4,4,4,3,3,4,3,1,1,1,1,1,1,1,1,2,2,2,2,2,1,4,3,3,2,4,4,5,1,1,1,2,2,2,1,1,1,5,5,5,1,25,7
2,0,13,2,3,2,2,2,2,2,3,3,2,2,2,2,4,4,4,2,2,2,2,2,2,2,2,3,3,3,3,4,4,3,3,3,3,2,2,2,2,2,4,3,3,2,1,24,1
2,0,14,2,3,3,3,4,4,3,4,2,2,2,2,2,4,4,2,2,1,2,2,2,2,1,1,3,4,4,2,3,3,3,2,2,2,3,3,3,3,2,3,4,3,4,1,25,4
2,0,15,2,2,2,2,2,2,2,2,2,2,4,4,4,4,4,4,4,2,4,4,3,3,2,2,2,2,2,2,3,3,3,3,3,3,3,4,4,4,4,4,4,3,3,2,23,3
2,0,16,2,2,2,3,3,3,3,3,3,2,4,4,4,4,4,4,3,2,4,4,4,4,2,2,3,3,2,2,3,3,3,4,3,3,3,4,3,3,3,3,3,3,2,2,23,3
2,0,17,2,2,4,2,4,4,4,4,4,4,5,5,5,5,5,5,2,2,4,4,4,4,2,2,4,4,4,2,4,4,4,2,2,2,2,2,2,2,4,2,4,4,4,2,24,4
2,0,18,2,3,3,3,3,4,2,3,4,3,5,5,5,5,5,5,3,2,3,3,3,3,2,2,3,3,3,3,4,3,3,3,2,4,4,3,4,4,4,3,4,3,4,2,22,4
2,0,20,2,2,2,2,2,3,4,1,3,2,5,5,5,5,5,5,4,2,4,4,3,3,2,2,2,2,2,1,3,3,3,3,3,4,4,4,3,2,3,3,2,2,2,2,23,2
2,0,21,2,2,3,2,3,3,2,2,2,2,4,4,4,4,4,3,3,3,4,4,4,5,3,3,2,3,2,3,2,2,3,3,4,4,3,3,3,4,3,3,3,3,4,1,24,4
2,0,22,2,3,3,3,3,3,3,3,3,3,4,4,4,4,4,4,3,3,3,4,4,4,3,3,2,2,2,3,3,3,3,4,4,4,3,3,3,4,3,4,4,4,4,2,21,7
2,0,23,2,2,2,3,1,3,1,2,3,1,4,4,2,4,4,2,4,3,5,3,4,4,3,3,2,2,2,1,4,4,2,4,5,5,4,5,4,4,5,5,2,2,2,2,22,2
2,0,24,2,2,3,4,2,4,2,2,3,2,4,4,4,4,4,4,3,4,4,4,4,4,2,2,3,3,3,1,2,2,2,3,4,4,2,2,2,3,3,3,3,4,3,2,22,3
2,0,25,1,4,4,4,5,4,4,4,3,4,5,5,4,5,4,5,2,2,2,2,2,2,2,2,3,3,3,3,5,5,5,1,1,1,1,1,1,2,2,4,4,4,4,1,22,5
2,0,26,2,3,3,2,3,3,3,4,4,3,4,4,4,4,4,4,4,4,3,4,4,4,2,4,3,3,3,3,3,3,3,3,3,4,3,3,2,4,3,4,5,5,4,2,23,5
2,0,27,1,4,4,4,4,3,3,3,4,3,2,2,1,2,2,1,2,1,2,2,2,2,1,2,4,4,4,4,4,4,3,2,2,2,2,2,1,3,2,4,4,4,3,1,25,2
2,0,28,2,2,2,2,3,3,3,3,3,3,1,1,1,1,1,1,3,3,3,3,3,3,3,3,2,2,2,2,1,1,1,3,3,3,3,3,3,3,3,3,3,3,3,1,20,1
2,0,29,2,3,3,3,3,4,3,3,4,3,4,4,4,4,2,2,3,1,3,3,3,3,1,1,3,3,3,3,3,3,3,2,2,2,3,3,3,3,2,3,4,4,3,2,23,3
2,0,30,1,3,3,3,2,2,2,2,2,2,4,4,2,1,2,1,3,2,4,4,3,4,2,2,2,2,2,2,3,3,2,4,4,3,4,3,3,2,2,4,4,4,3,1,24,4
2,0,31,2,1,1,1,1,1,1,1,1,1,2,2,2,2,2,2,4,1,4,4,4,4,1,1,1,1,1,1,1,1,5,5,5,5,5,5,5,4,2,4,4,4,3,1,24,4
2,0,32,2,4,3,3,4,4,4,4,4,4,3,3,3,3,4,2,2,2,2,3,3,3,2,4,4,4,4,4,3,3,2,2,2,2,2,2,2,4,4,3,4,4,4,1,24,4
2,0,34,2,5,5,5,3,5,5,5,5,5,2,3,4,4,4,4,1,1,1,1,1,1,1,1,5,5,5,5,5,5,5,2,2,2,1,1,1,5,1,4,5,5,5,2,22,4
2,0,35,2,2,2,4,4,4,4,2,4,2,5,5,5,2,4,4,4,2,4,2,2,2,2,2,2,2,2,2,3,3,4,4,4,4,2,2,2,4,4,4,4,3,3,2,22,3
2,0,36,1,2,1,2,3,2,2,2,2,2,2,2,2,2,2,2,3,1,3,3,3,2,1,1,3,3,3,4,3,3,3,2,2,2,2,2,2,4,2,4,3,4,3,1,27,7
2,0,37,2,3,3,3,3,2,2,2,2,2,1,1,1,1,1,1,3,2,2,2,2,2,1,3,4,3,3,3,4,4,4,2,2,2,2,2,2,3,4,2,4,4,3,1,26,5
2,0,38,2,4,3,4,3,4,4,3,4,3,5,5,5,5,5,5,2,2,3,3,3,3,2,2,3,3,3,2,3,3,2,4,3,3,3,3,3,4,4,3,4,4,3,2,22,4
2,0,39,1,3,2,3,3,3,2,2,3,2,4,4,5,3,3,3,3,2,4,5,3,3,2,2,3,2,2,3,3,3,3,3,3,4,3,3,4,4,5,4,4,3,3,2,22,2
2,0,40,1,2,2,2,2,3,4,3,2,2,4,4,4,4,4,4,4,2,4,4,4,4,2,2,2,2,2,2,3,3,3,4,3,4,4,4,4,4,2,3,4,4,4,1,24,2
2,0,41,2,2,3,3,3,3,2,2,3,3,3,3,2,3,3,3,3,1,4,4,3,4,1,1,3,2,2,3,3,3,3,3,4,3,3,3,4,3,4,3,4,4,3,1,27,3
2,0,42,2,1,1,1,2,2,2,2,1,1,4,4,4,4,4,4,1,1,2,2,2,5,1,1,2,1,1,1,1,1,1,5,4,4,4,4,5,3,3,2,4,4,4,2,23,4
2,0,43,2,3,4,4,4,4,3,3,2,4,2,2,2,4,4,4,2,1,2,2,2,2,1,1,4,4,4,3,4,4,2,1,1,3,4,5,4,1,1,3,4,5,4,1,22,3
2,0,44,2,3,2,3,2,3,2,2,3,3,5,5,5,3,4,3,3,2,3,3,3,3,2,2,3,3,3,4,3,3,3,3,2,2,3,3,3,4,2,3,3,4,3,2,23,4
2,0,45,2,3,4,4,4,3,2,3,4,2,1,1,1,2,1,1,3,1,1,1,1,1,1,1,4,4,4,2,4,4,3,2,2,1,2,2,2,4,4,4,4,2,3,1,24,6
2,0,46,2,1,1,1,4,4,3,4,1,3,1,1,1,1,1,1,4,1,1,1,1,1,1,1,3,3,3,1,5,5,5,2,1,3,1,1,1,3,1,3,4,4,3,1,25,5
2,0,47,2,1,1,1,3,3,3,3,3,3,4,4,4,1,1,1,5,1,5,5,5,5,1,1,2,2,2,2,2,2,2,4,4,5,5,5,5,5,3,4,4,3,3,2,22,3
2,0,48,2,4,4,4,4,4,4,4,4,4,2,2,2,2,2,2,2,2,2,2,2,2,2,2,4,4,4,4,4,4,4,2,2,2,2,2,2,2,2,2,4,4,5,1,24,3
2,0,49,1,3,3,3,3,3,2,2,2,2,2,2,2,2,2,2,2,2,1,1,2,2,1,1,3,3,3,2,4,3,3,2,2,2,2,2,2,2,2,3,3,3,3,1,26,4
2,0,50,1,2,2,3,3,3,2,4,3,3,5,5,4,5,4,4,4,4,4,4,5,5,3,4,3,2,2,2,3,3,4,4,4,4,4,4,4,3,4,4,4,4,4,2,24,3
2,0,51,2,2,2,2,4,3,2,2,2,2,4,5,4,4,5,4,4,4,5,4,4,3,4,4,2,1,1,2,2,1,1,4,5,5,5,5,5,4,3,4,3,3,4,2,23,6
2,0,52,1,3,3,3,3,3,3,3,3,3,4,4,2,3,4,3,2,2,2,2,2,2,2,2,2,2,2,2,3,2,2,3,3,3,3,3,4,4,2,3,4,3,3,1,27,3
2,0,53,2,3,2,3,3,3,3,3,4,3,4,4,4,4,4,3,3,2,4,4,4,4,2,2,3,3,4,4,3,3,2,4,3,3,3,2,2,2,2,4,4,4,4,1,26,3
2,0,54,1,2,4,3,4,3,3,3,4,3,4,4,2,2,2,2,3,2,1,2,2,2,1,1,4,4,4,5,4,4,4,3,3,4,3,2,4,3,3,2,4,3,5,1,25,6
2,0,55,1,4,3,4,2,4,4,4,2,2,2,4,4,3,4,4,2,2,4,4,3,3,2,2,3,3,3,3,4,4,4,3,3,3,3,3,3,4,3,4,4,3,3,2,23,4
2,0,57,2,3,3,3,3,2,1,1,3,1,4,4,4,5,5,5,3,2,3,4,4,4,2,3,3,3,3,2,4,4,4,3,4,4,4,4,2,4,4,4,4,4,3,2,23,3
2,0,58,1,2,2,4,3,2,2,3,4,2,5,3,5,5,5,4,3,2,3,3,2,2,2,2,2,2,2,2,4,4,4,2,2,2,2,2,2,4,1,3,5,4,4,2,23,4
2,0,59,1,4,4,4,3,4,4,4,4,4,3,3,3,2,3,2,2,2,3,3,2,2,1,1,4,4,4,3,4,4,4,2,2,2,2,2,2,3,2,4,4,4,3,1,25,7
2,0,60,2,3,3,3,3,4,4,3,3,3,2,2,2,2,2,2,3,3,3,3,3,3,2,2,3,3,3,3,3,3,3,3,3,3,3,3,4,4,4,4,4,4,4,2,21,2
2,0,61,1,3,3,3,3,3,2,2,2,2,1,1,1,1,1,1,3,3,3,3,3,3,3,3,3,3,3,3,3,3,3,2,2,2,2,2,2,2,2,2,3,3,3,1,20,1
2,0,62,2,3,3,2,3,3,3,2,4,3,1,1,1,3,1,1,3,2,2,2,3,3,3,1,3,2,3,4,3,3,1,2,3,3,4,4,3,4,4,4,3,3,4,4,22,3
2,0,63,1,2,2,2,1,3,3,2,2,1,4,4,4,4,4,4,3,2,2,3,3,3,1,1,3,2,2,2,2,2,2,4,3,3,4,4,4,3,2,3,3,3,3,2,20,2
2,0,64,2,3,3,3,3,3,3,3,3,3,4,4,4,3,3,3,4,3,4,3,3,3,3,4,3,4,3,3,4,4,3,3,4,3,3,2,2,4,3,4,4,3,4,2,20,3
2,0,65,2,2,2,3,2,2,2,2,2,3,2,4,5,4,4,5,4,1,5,5,3,3,1,1,1,2,2,3,3,3,3,4,5,3,2,2,2,2,1,3,4,3,4,2,20,1
2,0,66,2,4,4,4,4,4,4,4,4,4,3,3,3,4,4,4,3,2,3,3,3,3,2,2,3,3,3,3,4,4,4,3,3,3,3,3,3,2,2,3,4,4,3,2,20,4
2,0,67,2,3,3,4,1,4,4,4,4,4,4,4,4,4,4,4,2,1,4,4,4,4,1,1,3,3,3,3,4,3,3,3,3,3,3,3,3,3,2,3,4,4,3,2,21,4
2,0,68,2,4,4,4,4,4,2,3,4,3,1,1,1,4,4,1,1,1,4,3,4,4,1,1,3,3,3,3,4,4,2,2,2,2,2,2,2,4,1,3,3,3,3,1,24,3
2,0,71,2,3,3,2,1,2,1,1,1,1,1,1,1,1,1,1,2,1,4,4,3,3,2,1,1,1,1,2,3,3,3,3,3,3,3,3,3,1,1,4,4,4,2,1,28,7
2,0,72,2,3,2,3,3,2,2,2,2,2,1,1,1,1,1,1,3,1,1,1,1,1,1,1,3,3,3,4,3,3,3,2,2,3,2,2,2,4,4,4,4,3,2,1,23,4
2,0,73,2,2,4,4,4,4,2,2,4,4,5,5,5,4,4,4,2,2,2,4,3,3,2,2,4,4,3,2,4,4,2,4,4,4,3,4,2,5,2,2,5,4,4,1,24,4
2,0,74,2,3,3,3,3,3,3,3,3,3,1,1,1,3,3,3,3,1,2,2,1,3,1,2,3,3,3,2,3,3,3,2,1,1,1,1,1,3,2,4,3,3,2,1,24,4
2,0,75,2,3,3,3,4,4,4,4,4,4,3,2,2,4,4,2,3,2,2,3,3,3,2,2,4,4,4,2,4,4,4,3,3,3,2,1,1,2,2,2,4,4,3,2,24,7
2,0,76,2,3,4,4,3,3,4,3,4,2,5,5,5,4,4,5,2,2,3,3,2,2,2,2,3,3,3,2,4,4,4,3,3,3,3,3,2,4,2,3,4,4,3,2,24,7
2,0,77,2,4,4,4,4,4,4,4,3,3,2,2,2,4,4,4,2,2,4,4,3,3,2,2,4,4,4,2,4,4,4,2,2,2,2,2,2,2,1,2,4,4,4,1,25,3
2,0,78,2,3,3,3,2,3,2,3,2,2,5,5,4,2,3,4,3,2,4,4,4,4,2,2,2,2,2,1,2,2,2,3,4,3,2,3,2,4,2,2,4,2,4,2,23,3
2,0,79,2,1,1,2,2,2,1,1,1,1,2,2,2,4,4,4,5,2,4,4,4,5,2,2,1,1,1,1,2,2,1,4,4,4,4,4,5,4,4,2,4,4,4,1,24,4
2,0,81,2,2,3,2,3,3,3,3,3,3,4,4,4,2,2,2,2,1,3,2,2,3,1,1,3,3,3,2,4,3,3,2,2,2,2,2,2,3,3,2,4,4,4,2,22,3
2,0,82,2,3,2,3,4,4,4,4,4,2,2,2,2,5,5,5,3,3,3,3,3,3,3,3,3,3,2,2,3,3,3,3,3,3,3,3,3,3,5,4,3,3,3,2,20,6
2,0,83,2,2,2,4,4,4,2,2,2,2,4,4,4,2,2,3,3,3,4,4,4,4,2,2,2,3,3,2,3,3,3,4,2,3,4,4,3,4,3,2,4,4,4,2,21,2
2,0,84,2,3,3,3,2,4,4,2,2,2,4,4,2,4,4,2,2,2,3,3,2,3,3,4,2,2,2,2,2,2,2,2,2,3,3,2,3,2,2,2,3,3,3,2,20,3
2,0,85,1,2,2,4,4,4,4,4,1,1,2,4,4,4,4,4,5,2,4,4,4,4,4,4,1,1,1,1,2,2,2,5,5,5,5,5,3,2,4,2,5,5,5,2,21,3
2,0,86,1,2,2,2,2,2,2,2,2,2,3,2,2,4,4,4,1,1,1,1,1,1,1,1,3,3,3,3,2,3,2,3,2,3,2,2,2,3,3,3,3,3,3,1,24,3
2,0,87,1,1,1,1,3,3,3,3,3,3,2,2,2,2,2,2,3,3,4,4,4,3,2,2,3,3,2,2,4,4,3,2,3,3,3,3,4,2,2,2,4,4,4,1,20,3
2,0,88,1,2,2,3,4,3,3,4,1,1,5,5,5,5,5,5,4,4,4,4,4,4,4,5,1,1,1,1,1,1,1,5,5,5,3,3,4,4,4,3,5,5,3,2,20,4
2,0,89,2,3,4,4,3,4,3,4,4,3,4,4,5,4,4,4,4,2,4,5,4,4,2,2,3,4,2,2,3,3,2,4,3,5,5,5,4,1,3,1,5,5,5,2,22,7
2,0,90,2,3,3,2,4,4,4,4,2,2,4,4,4,4,4,4,4,3,5,4,4,4,2,4,2,3,2,2,3,3,2,4,3,3,4,4,4,4,4,3,4,4,4,2,23,3
2,0,91,1,3,4,4,3,4,4,4,5,3,4,5,5,4,4,4,2,2,2,2,2,2,1,1,5,4,4,4,4,4,4,2,2,2,2,2,2,2,3,2,4,4,4,2,22,7
2,0,92,2,3,3,4,2,3,3,3,3,2,5,5,5,3,4,4,3,3,4,3,4,3,2,2,3,2,3,2,3,3,3,3,3,4,4,4,4,4,3,3,4,3,3,2,22,2
2,0,93,2,3,3,3,2,4,4,2,4,1,5,5,5,5,5,5,2,1,5,5,2,3,1,1,3,3,2,3,4,4,3,2,2,2,2,1,1,5,5,4,4,2,2,2,20,3
2,0,94,2,3,3,3,3,3,3,3,3,3,3,3,3,3,3,3,3,3,4,4,4,4,3,3,2,2,3,2,3,3,3,4,3,4,4,4,3,3,3,4,4,4,3,1,25,4
2,0,95,2,3,3,4,4,4,4,4,4,4,2,2,2,2,4,2,2,2,2,2,1,1,1,1,3,3,3,3,3,3,2,1,1,1,1,3,2,4,4,5,5,5,4,1,23,3
2,0,96,1,3,3,3,3,3,3,2,4,2,5,2,5,2,3,2,3,3,2,2,2,2,2,2,3,3,3,3,3,3,3,2,3,2,2,2,2,2,2,2,4,3,4,2,24,5
2,0,97,2,5,5,5,5,5,5,5,5,5,1,1,1,1,1,1,2,2,1,5,1,1,2,2,5,5,5,5,5,5,5,1,1,1,2,2,2,1,4,1,5,5,5,1,25,3
2,0,98,2,2,1,1,2,4,3,2,3,1,4,4,4,3,4,4,4,3,5,5,5,5,2,2,1,1,1,1,2,2,2,4,4,4,4,4,4,3,2,4,4,4,3,2,23,2
2,0,99,1,4,4,4,3,3,3,3,3,2,5,5,5,1,5,4,2,2,2,2,1,1,1,1,5,5,5,3,5,5,5,1,1,1,3,2,2,2,1,2,5,5,5,2,24,1
2,0,100,2,3,3,3,3,3,3,3,3,3,2,2,2,4,4,4,3,4,3,3,3,3,3,3,2,3,3,2,3,3,3,2,2,2,3,3,3,3,3,3,4,4,4,1,26,5
2,0,103,2,2,2,4,4,4,4,4,4,4,4,4,2,4,4,4,3,2,3,3,2,2,2,2,2,2,2,1,2,2,2,4,4,4,4,4,4,2,2,3,4,4,4,1,24,4
2,0,104,2,3,3,4,2,4,5,5,2,3,5,5,5,5,4,4,4,3,5,5,4,4,2,2,2,2,2,2,4,4,3,3,3,3,2,2,2,4,4,5,5,5,3,2,20,4
2,0,105,2,2,2,3,4,4,4,2,2,2,4,4,4,4,4,4,4,2,5,5,4,4,2,3,2,2,2,2,3,3,3,4,4,4,4,4,4,4,4,4,4,4,4,2,20,2
2,0,106,1,3,2,3,4,4,4,4,3,4,5,5,4,4,3,3,3,2,4,4,4,4,2,2,3,2,2,2,3,3,3,4,4,5,5,4,4,5,4,3,5,4,5,2,21,4
2,0,107,2,4,2,5,5,5,5,5,4,4,5,5,5,4,5,4,1,1,1,1,1,1,1,1,5,5,5,3,5,5,5,1,1,1,1,1,1,1,1,3,5,5,3,2,20,3
2,0,108,2,2,2,3,3,3,3,2,3,3,5,5,5,5,5,5,4,2,4,4,4,4,2,3,2,2,2,2,3,3,3,3,2,4,4,4,4,4,2,3,4,3,4,2,21,3
2,0,109,2,1,2,3,3,3,3,3,3,3,3,2,4,2,2,4,2,1,3,3,2,3,1,1,3,3,2,2,3,3,3,3,2,3,3,4,3,1,1,1,4,4,4,2,21,4
2,0,110,2,3,3,4,3,4,4,4,4,4,4,4,4,4,4,4,4,2,3,4,2,2,2,2,3,3,3,3,3,3,3,2,2,2,2,2,2,2,2,2,4,4,4,2,23,3
2,0,111,1,3,2,4,4,4,1,3,4,2,5,5,5,5,5,5,2,1,2,2,2,2,1,1,3,3,3,1,3,3,3,4,3,4,4,4,4,3,1,2,4,4,3,2,25,3
2,0,112,1,2,2,1,2,3,1,1,3,2,4,4,4,3,4,3,4,2,4,3,5,5,3,2,2,2,3,2,2,2,2,3,3,4,3,3,3,4,4,4,4,4,3,2,21,3
2,0,113,2,4,4,3,2,2,3,2,2,3,3,3,3,4,3,4,3,3,3,3,3,2,2,2,3,3,4,3,4,3,3,3,4,4,2,2,3,4,3,4,2,3,2,1,26,5
2,0,114,2,1,2,1,1,1,1,1,1,1,2,2,2,1,1,1,3,1,1,1,1,1,1,1,3,3,3,3,3,4,4,3,2,3,3,4,4,2,2,3,4,4,4,1,26,1
2,0,115,1,2,2,2,2,2,2,2,2,2,4,3,4,3,3,3,1,1,1,1,1,1,1,1,1,1,1,1,1,1,1,5,5,5,5,5,5,4,4,4,4,3,4,1,24,3
2,0,122,2,4,3,4,2,2,2,2,3,1,4,5,5,5,5,5,4,1,4,4,4,3,1,1,1,1,1,2,3,2,1,4,5,4,4,3,3,5,3,2,5,5,5,2,21,1
2,0,123,2,3,3,3,3,4,4,2,2,2,5,5,5,5,5,5,4,1,5,5,5,4,1,1,2,2,2,1,3,3,2,4,4,4,4,4,3,4,3,4,5,5,4,2,21,2
2,0,125,1,3,2,3,3,3,3,2,4,2,4,4,3,3,3,2,3,2,4,3,3,3,2,2,3,3,3,2,2,3,3,4,3,3,4,3,3,3,3,4,3,4,3,1,20,4
2,0,126,2,3,3,3,3,4,2,2,4,3,4,4,2,4,4,2,3,2,4,4,3,3,2,1,3,4,4,2,2,3,2,2,3,3,2,2,3,2,2,3,4,5,3,2,20,1
2,0,127,1,2,3,3,3,3,3,3,3,3,4,4,3,4,4,3,3,2,2,2,2,2,2,2,3,3,3,2,4,4,3,4,4,4,4,4,4,2,1,3,4,4,3,1,26,4
2,0,128,1,2,3,4,4,4,4,4,5,4,5,4,5,3,4,4,3,2,2,1,2,1,2,1,4,5,5,5,4,4,5,2,2,1,2,1,1,4,2,3,3,4,4,1,24,4
2,0,129,2,3,3,3,4,4,3,3,3,3,4,4,3,4,4,4,4,3,5,5,5,5,2,3,2,2,2,2,3,3,3,4,4,5,4,5,4,4,3,4,4,3,4,2,21,1
2,0,132,2,2,3,3,4,3,3,3,3,3,4,3,4,4,4,4,4,1,3,2,2,2,1,1,3,2,3,2,4,4,3,3,3,4,2,2,2,5,4,4,4,5,2,2,20,4
2,0,135,2,2,3,4,2,4,4,4,2,1,4,4,4,4,4,2,3,2,4,4,4,2,2,2,2,2,2,2,3,3,3,4,3,4,3,3,3,2,2,4,3,3,3,2,20,3
2,0,136,2,4,4,4,4,4,4,4,4,4,2,4,2,3,4,2,2,2,2,2,2,2,2,2,4,4,4,4,4,4,3,2,2,2,2,2,2,2,3,4,4,4,4,1,20,2
1,0,1,2,1,1,4,5,4,2,3,2,2,5,5,5,1,4,3,1,1,1,2,2,1,1,1,4,4,4,3,5,5,3,1,1,1,2,1,1,4,2,4,5,5,3,1,24,5
1,0,2,2,2,2,3,4,4,4,4,2,2,5,5,5,4,4,4,3,2,4,3,2,2,2,2,3,2,3,2,4,4,4,3,3,4,2,4,3,4,4,2,4,4,4,2,24,3
1,0,3,2,1,1,1,1,3,2,1,2,1,1,1,1,1,1,1,3,1,1,1,1,1,1,1,3,3,3,3,1,1,1,2,3,2,1,1,1,1,2,4,4,4,2,1,24,6
1,0,4,2,2,2,3,3,2,3,2,3,1,5,5,5,3,2,2,2,2,2,2,2,3,1,1,3,3,3,2,3,4,3,3,2,4,3,3,3,4,2,3,2,4,3,2,22,7
1,0,6,1,3,3,3,3,2,2,2,2,2,2,4,4,2,4,4,2,2,2,2,2,2,2,2,3,3,3,3,4,4,3,3,3,3,3,3,3,2,4,4,3,3,2,1,28,4
1,0,7,2,2,2,3,4,2,2,2,2,2,4,4,2,4,4,2,3,2,4,4,4,4,2,2,2,3,2,2,3,3,3,4,2,4,4,4,3,3,2,2,4,4,3,1,23,3
1,0,8,2,3,2,2,3,3,2,3,2,2,4,4,3,4,4,3,4,2,4,4,4,4,2,2,2,2,2,1,2,2,2,4,3,5,4,4,4,2,2,2,4,3,4,2,21,4
1,0,9,2,2,2,2,2,2,2,2,2,2,3,3,2,3,3,3,2,2,2,2,2,2,2,2,3,3,3,3,3,3,3,3,3,3,3,3,3,4,4,4,3,3,3,1,24,4
1,0,10,1,2,2,2,2,2,2,1,2,2,3,3,3,3,3,3,2,2,3,3,3,3,3,3,3,3,3,3,3,3,3,2,2,3,3,3,3,2,2,4,4,4,3,1,25,6
1,0,12,2,3,3,3,3,3,3,3,3,3,1,1,1,1,1,1,3,3,3,3,3,3,3,3,3,3,3,3,4,4,3,2,2,2,3,3,3,3,3,3,4,4,4,1,25,4
1,0,15,1,4,4,4,2,2,4,4,4,4,2,2,2,4,4,4,2,2,4,4,4,4,2,2,2,2,2,2,2,2,2,4,4,4,4,2,4,2,2,2,4,4,4,1,37,4
1,0,16,2,2,3,3,3,4,3,3,4,3,5,5,5,4,4,3,2,2,3,3,2,1,1,1,3,3,3,2,4,4,4,4,3,4,4,3,4,4,4,3,4,4,4,2,22,3
1,0,17,1,4,3,3,4,3,3,3,4,2,5,4,4,4,4,5,3,2,4,4,4,4,2,2,4,3,3,2,3,3,3,4,4,4,4,4,4,5,3,3,5,4,4,2,25,6
1,0,19,2,2,2,3,3,2,2,2,3,1,1,2,2,2,2,2,3,1,1,1,1,1,1,1,1,2,2,4,4,4,2,3,3,2,2,3,2,1,3,3,4,4,2,1,24,5
1,0,21,1,2,2,3,2,4,4,4,4,3,4,4,4,4,4,4,2,2,2,2,2,2,2,2,3,3,3,3,4,4,4,3,2,3,3,3,3,3,4,4,3,3,3,2,22,3
1,0,22,2,2,2,2,2,2,2,2,2,1,5,5,5,5,5,5,4,2,5,5,4,4,2,2,2,3,3,2,4,4,4,3,3,4,3,4,3,5,5,3,5,2,3,1,23,5
1,0,23,1,3,3,4,4,4,4,3,4,3,5,5,5,5,5,4,2,2,4,3,3,3,1,1,3,3,3,3,4,4,4,2,2,3,3,4,4,4,4,3,4,4,4,2,22,3
1,0,24,2,3,2,3,2,2,2,3,3,3,4,4,3,2,4,3,3,3,3,3,2,2,2,3,3,3,3,2,4,4,2,2,2,2,3,3,3,3,2,2,3,3,3,1,24,3
1,0,25,1,3,3,2,2,2,3,3,2,3,4,4,4,4,4,3,2,2,2,2,2,2,2,2,4,4,3,2,4,4,3,2,2,2,2,2,2,4,4,4,4,4,4,1,24,3
1,0,26,2,4,4,4,4,4,2,3,2,3,5,5,3,4,4,2,2,2,2,2,2,2,2,4,4,5,4,4,4,4,4,2,2,1,2,2,2,4,3,2,4,4,3,1,24,7
1,0,27,1,4,2,4,4,4,3,4,3,2,5,5,5,5,5,5,3,2,2,2,2,2,2,2,2,3,3,4,4,4,4,2,2,2,4,4,3,5,5,5,5,5,3,2,22,3
1,0,29,2,3,3,3,4,4,4,4,4,4,2,2,2,4,4,4,2,3,2,2,2,2,2,2,4,4,4,4,2,3,4,3,3,3,3,3,3,4,3,4,4,4,4,1,23,1
1,0,30,2,2,2,3,3,4,4,2,2,2,4,4,4,4,4,4,4,2,4,4,4,4,2,2,2,2,2,2,4,3,2,4,4,4,4,4,4,4,3,4,4,4,3,2,24,6
1,0,31,2,3,1,3,3,4,4,4,3,1,1,1,1,4,4,1,3,3,5,4,4,3,1,1,2,2,2,1,3,3,2,4,3,4,3,3,3,4,2,3,3,4,5,1,26,4
1,0,32,2,4,4,4,3,3,3,3,3,3,5,4,4,2,1,1,3,4,2,2,2,2,2,2,4,4,4,4,3,3,2,2,4,2,2,2,2,4,2,4,5,5,5,1,21,5
1,0,33,2,2,3,4,4,4,5,4,4,3,4,4,3,4,4,3,2,2,2,2,2,2,1,1,4,3,4,3,4,4,3,2,2,2,2,2,2,4,3,3,4,4,4,1,25,4
1,0,34,2,2,2,3,3,2,2,2,2,3,3,2,3,3,2,2,3,2,3,3,3,2,3,2,3,3,2,3,4,2,3,2,3,4,2,3,3,3,2,2,3,3,3,1,24,1
1,0,35,2,3,3,3,2,2,2,2,3,2,2,2,2,2,2,2,2,2,2,2,2,2,2,2,3,3,3,3,4,4,2,2,2,2,2,3,3,2,2,3,4,4,4,1,24,3
1,0,36,1,2,3,3,2,4,2,2,2,2,3,3,4,2,4,3,4,2,4,4,4,4,2,2,2,2,2,2,4,2,2,3,3,4,4,4,3,2,4,4,3,3,3,2,21,4
1,0,37,2,3,4,4,4,4,4,3,3,3,5,5,5,5,5,5,4,2,4,4,4,4,2,3,3,3,3,3,4,4,3,4,3,5,4,4,4,3,4,4,4,4,3,2,22,4
1,0,38,1,4,4,4,3,3,3,3,3,3,2,2,2,2,4,2,2,2,2,2,2,2,2,2,4,3,3,3,4,4,2,2,2,2,4,4,2,4,4,2,4,4,2,1,24,4
1,0,39,1,3,3,3,3,2,2,2,2,2,2,2,2,4,4,4,4,2,3,4,3,3,2,2,2,3,3,2,3,3,3,3,3,3,3,3,3,4,2,2,5,5,5,1,24,3
1,0,40,1,4,4,4,3,5,4,4,3,2,5,5,5,5,5,5,2,1,3,3,3,3,1,1,3,3,3,2,4,4,4,4,3,3,3,3,3,1,4,2,5,5,5,2,22,4
1,0,41,2,4,4,4,4,4,4,3,4,4,4,4,2,4,4,2,2,2,2,2,2,2,2,1,3,3,4,3,4,4,4,2,2,3,2,2,2,3,3,2,4,4,3,1,27,6
1,0,42,2,4,4,4,3,4,4,4,3,4,4,3,4,3,4,4,4,4,4,4,3,4,4,4,3,3,4,4,4,4,4,3,3,4,3,4,4,4,3,3,3,4,3,2,28,4
1,0,43,2,2,2,3,3,3,3,3,3,3,5,5,5,5,4,4,4,4,5,5,5,5,3,3,3,2,2,5,2,2,2,5,5,5,4,4,4,5,4,4,4,4,3,2,21,3
1,0,44,2,3,4,3,4,3,4,3,4,3,5,5,5,4,5,4,3,1,4,3,2,2,1,1,3,3,3,3,5,5,3,2,2,2,2,2,2,4,5,4,5,4,3,1,24,6
1,0,45,1,3,2,3,4,4,4,5,4,2,5,5,5,5,5,5,3,3,4,4,3,3,1,2,3,3,3,2,4,5,4,3,3,2,3,3,2,5,5,5,3,2,3,2,24,3
1,0,46,2,2,4,3,2,3,4,3,3,3,4,4,4,4,4,4,2,1,3,3,3,3,1,1,3,3,2,2,3,2,2,4,4,4,4,4,3,5,4,3,4,3,5,2,25,3
1,0,47,2,2,3,3,4,4,3,3,4,2,2,2,2,3,3,3,3,3,2,3,3,2,3,3,3,3,3,2,4,5,4,2,2,1,3,3,3,4,4,3,3,3,3,1,25,4
1,0,48,1,2,3,3,3,4,4,3,4,3,5,5,4,2,4,3,3,2,3,3,3,3,2,2,3,3,3,2,3,3,2,4,3,4,4,3,3,4,4,4,4,4,4,1,25,5
1,0,49,2,4,4,4,4,4,4,4,4,4,4,4,4,4,4,4,2,2,4,4,3,3,2,2,4,3,4,2,3,3,4,2,2,2,4,4,4,4,4,4,4,4,3,2,23,4
1,0,50,2,3,4,4,3,3,2,2,3,3,5,5,5,4,4,4,3,3,3,3,3,3,1,1,4,3,3,2,4,4,4,4,3,4,4,4,2,4,3,4,3,4,2,2,21,4
1,0,51,2,3,3,3,3,3,3,3,3,3,4,4,4,4,4,4,3,3,3,3,3,3,3,3,2,3,3,4,4,4,3,3,3,3,3,2,2,4,4,3,4,4,3,2,20,2
1,0,52,1,3,3,3,4,4,4,4,5,5,4,4,4,3,3,3,4,4,4,4,5,3,3,3,4,4,4,4,2,2,2,4,3,3,2,2,2,3,3,3,4,4,4,1,25,3
1,0,53,1,3,3,3,4,4,4,4,4,4,5,5,5,5,5,5,2,2,2,2,2,2,1,1,2,2,2,2,2,2,2,2,2,2,4,4,4,1,1,1,5,5,5,2,22,3
1,0,54,2,3,3,4,3,3,3,3,3,3,4,4,4,4,4,4,4,2,3,3,3,3,2,2,3,3,3,3,4,4,4,2,2,2,2,2,2,4,4,4,4,4,4,2,23,4
1,0,55,2,3,3,3,4,4,4,4,3,3,4,4,4,3,3,3,3,3,3,2,2,2,2,2,4,3,3,3,4,4,3,3,3,3,3,3,3,3,2,3,4,4,4,2,21,3
1,0,57,1,2,2,3,3,3,3,3,3,3,2,2,2,2,2,2,3,2,2,2,2,2,2,2,3,3,3,3,3,3,3,3,3,3,3,3,3,3,3,3,3,3,3,1,25,3
1,0,58,1,3,3,3,3,3,3,3,3,3,2,2,2,2,2,2,3,3,3,3,3,3,3,3,3,3,3,3,3,3,3,3,3,3,3,3,3,3,2,3,4,3,3,1,23,4
1,0,59,2,3,3,3,3,4,3,3,4,3,3,3,4,2,2,2,3,4,4,3,3,3,4,3,3,2,2,3,3,4,3,3,3,3,3,4,3,3,4,3,3,3,3,1,24,5
1,0,60,2,3,3,5,4,4,3,3,3,3,5,5,5,3,4,5,2,1,2,2,1,1,1,1,4,4,4,3,4,4,3,3,4,5,4,3,5,4,4,3,5,4,3,2,22,2
1,0,61,2,4,4,4,4,4,4,4,4,3,4,4,2,3,3,2,2,2,2,2,2,2,2,2,4,4,4,3,4,4,3,4,4,4,2,2,2,4,4,2,4,4,3,1,24,2
1,0,62,2,3,3,4,3,3,3,3,4,3,4,5,5,4,3,3,3,2,3,3,2,2,1,1,3,4,4,2,4,4,3,2,2,3,2,1,2,3,2,4,4,4,4,2,22,2
1,0,63,2,2,3,3,3,3,3,3,3,3,4,4,4,2,2,2,3,2,3,2,2,2,2,2,3,3,3,2,2,2,2,2,2,2,2,2,2,4,2,3,4,4,4,1,27,5
1,0,64,1,2,2,3,2,3,4,4,4,2,5,5,5,5,5,5,3,2,3,3,3,3,2,1,3,3,3,2,3,3,2,4,2,3,3,3,2,4,2,4,3,3,3,2,22,5
1,0,65,2,3,3,3,4,5,5,4,4,3,5,5,5,5,5,5,3,1,3,2,2,2,1,1,4,4,4,3,5,5,5,3,3,3,4,3,2,3,1,3,5,5,4,2,22,5
1,0,66,2,3,2,3,2,2,2,2,3,2,2,2,2,3,3,2,3,2,2,3,2,2,2,2,3,3,3,2,3,3,2,3,3,3,3,3,3,3,2,3,3,3,3,1,26,3
1,0,67,2,2,3,5,5,5,5,5,5,5,1,1,1,4,4,4,1,1,1,1,1,1,1,1,5,5,5,5,5,5,3,1,1,1,1,1,1,1,1,1,5,5,5,1,27,4
1,0,68,2,3,3,3,3,3,3,3,3,3,4,4,3,2,2,2,3,2,4,3,3,2,2,2,3,3,3,3,4,4,3,3,2,2,2,2,2,3,3,4,3,3,3,1,24,4
1,0,69,1,2,3,4,3,4,2,4,3,2,4,4,4,4,4,4,3,2,4,4,3,2,2,2,3,3,3,3,3,3,3,3,3,3,3,3,3,4,3,3,4,4,3,2,22,3
1,0,70,1,2,3,3,3,4,2,2,3,1,4,4,5,1,1,1,2,2,3,3,2,2,2,2,3,3,3,2,4,4,4,2,2,2,2,2,2,4,2,5,2,3,2,2,22,3
1,0,71,2,3,4,3,3,4,4,4,4,4,4,3,2,2,2,2,2,2,2,2,2,2,2,2,3,3,3,3,4,2,2,3,3,3,3,3,3,2,1,3,4,4,4,1,27,7
1,0,72,2,4,4,4,4,4,4,4,4,4,4,4,4,4,4,4,4,2,4,4,4,4,2,2,3,3,3,3,4,4,4,3,3,3,3,3,3,2,2,2,4,4,4,2,21,3
1,0,73,2,4,4,3,2,3,2,2,4,3,2,2,2,2,2,2,3,1,1,1,1,1,1,1,4,4,4,3,3,3,3,2,2,2,2,2,2,1,1,4,4,4,3,1,26,5
1,0,74,2,5,3,3,5,5,1,5,1,1,5,5,5,5,5,5,1,1,5,4,4,4,1,1,1,1,2,1,1,1,1,5,4,5,5,4,5,1,1,1,5,5,5,2,21,6
1,0,76,2,2,2,3,3,3,2,2,4,3,4,4,5,4,4,4,2,1,3,2,2,2,1,1,3,2,2,2,3,3,2,2,3,4,2,2,3,2,3,2,5,5,5,2,20,3
1,0,77,1,3,3,4,3,4,3,3,4,3,4,3,2,4,3,2,2,2,2,2,2,2,2,2,4,4,4,3,4,4,4,2,2,2,2,2,2,4,3,3,4,3,3,2,21,4
1,0,78,2,1,1,1,1,1,1,1,1,1,3,3,3,2,2,1,3,2,5,5,5,5,1,1,1,1,1,1,3,3,1,4,3,4,3,4,4,4,2,2,4,4,4,1,25,2
1,0,79,2,3,2,3,4,2,4,4,4,2,4,4,4,4,4,4,2,4,2,2,2,2,2,3,3,3,3,2,3,3,4,2,2,2,2,2,2,4,4,4,4,4,2,1,23,7
1,0,80,1,2,2,3,3,3,3,3,3,3,1,1,1,1,1,1,3,1,2,2,2,2,1,1,3,3,3,1,4,4,4,3,3,3,2,2,2,4,3,3,3,3,3,1,26,4
1,0,82,1,2,2,2,4,3,2,2,2,2,2,2,2,2,2,2,2,2,2,2,2,2,2,2,3,3,3,2,2,2,3,2,1,1,1,1,1,4,4,4,4,4,4,1,25,4
1,0,83,1,3,3,3,3,3,3,3,3,3,3,2,2,2,2,2,3,2,2,2,3,3,2,2,3,3,3,3,3,3,2,3,3,3,3,3,3,4,3,3,4,3,4,1,27,3
1,0,84,2,2,2,3,3,3,4,3,4,2,4,4,4,2,3,2,3,2,3,3,3,3,2,2,3,3,3,2,3,3,2,2,2,2,2,3,3,2,2,4,4,4,4,1,25,5
1,0,85,2,3,3,4,3,3,3,3,4,3,5,4,3,3,3,3,3,2,4,4,3,4,2,2,3,3,3,2,4,3,3,2,2,4,3,3,3,3,3,3,5,3,3,2,20,3
1,0,86,2,3,3,3,4,3,3,3,3,3,2,3,4,4,3,3,3,3,2,4,3,3,3,3,3,3,4,3,3,4,3,2,3,3,2,2,2,4,4,3,3,4,4,2,20,3
1,0,87,2,3,3,3,4,3,4,3,3,4,4,3,4,4,4,4,3,2,2,3,2,2,2,3,3,3,3,2,3,3,3,3,3,2,3,2,2,2,1,2,3,4,4,1,24,4
1,0,88,1,4,4,4,4,4,2,3,3,3,2,4,2,2,4,4,2,2,4,3,4,4,2,2,3,3,3,2,4,4,2,4,4,3,3,4,3,2,2,2,4,4,5,1,24,4
1,0,90,2,3,3,3,3,3,3,3,3,3,1,1,1,1,1,1,1,1,3,3,3,3,1,1,3,2,2,2,3,3,2,3,3,3,4,4,3,3,3,4,4,4,3,1,25,3
1,0,91,2,3,3,3,3,3,3,3,3,3,2,2,2,2,2,2,2,2,2,2,3,3,2,2,3,3,3,2,3,3,2,3,3,3,3,3,3,2,2,4,4,4,3,1,24,6
1,0,92,2,3,3,3,3,3,3,3,3,3,1,1,1,1,1,1,3,2,3,3,3,3,1,1,3,3,3,2,3,4,2,2,3,3,3,3,1,4,4,4,3,3,3,1,24,4
1,0,95,2,2,3,3,3,3,3,3,3,3,4,4,4,4,4,4,3,3,3,3,3,3,3,3,3,3,3,3,4,4,3,3,3,3,3,3,3,4,3,3,4,4,3,1,21,2
1,0,96,1,2,2,3,3,3,2,4,3,3,2,2,2,3,3,2,4,2,2,3,3,3,2,2,3,2,3,2,3,3,2,3,4,3,3,3,3,2,2,2,4,4,3,1,23,2
1,0,97,2,3,3,3,4,3,3,3,4,3,2,2,2,3,3,3,2,2,2,2,2,2,2,2,3,3,3,3,3,3,2,3,3,3,3,4,3,3,2,3,4,3,3,1,24,5
1,0,98,2,2,2,3,1,1,1,2,3,1,2,2,2,1,1,1,2,1,5,5,5,5,1,1,1,1,1,1,3,3,2,4,4,4,4,4,4,4,3,2,4,4,4,2,21,5
1,0,99,2,2,3,3,2,2,2,2,3,2,4,4,4,4,4,4,4,2,3,3,3,3,2,2,3,2,2,3,3,3,3,3,3,4,4,4,4,4,3,3,4,3,3,2,22,3
1,0,100,2,4,3,3,4,4,4,3,3,2,4,4,4,4,4,4,4,2,4,4,3,4,2,4,3,3,3,3,3,4,4,4,4,4,4,4,4,4,4,4,4,4,4,2,21,3
1,0,103,1,4,2,3,2,4,2,2,2,2,4,4,4,3,4,4,3,1,2,2,2,3,1,1,3,4,4,2,4,4,4,2,2,2,3,2,2,4,2,3,4,4,3,2,22,4
1,0,106,2,4,3,4,4,4,4,4,4,3,4,4,3,4,3,3,2,2,4,4,4,4,1,1,3,3,3,2,4,4,3,3,3,4,3,3,3,4,3,5,4,3,2,2,24,6
1,0,107,1,3,3,2,3,3,4,3,4,3,4,4,4,2,1,1,3,2,4,4,3,4,1,4,2,3,3,5,2,3,3,4,4,3,2,2,3,5,4,5,4,3,1,2,23,4
1,0,108,2,4,3,4,3,4,4,4,4,3,4,4,3,2,2,2,2,3,3,3,2,2,2,3,4,4,4,3,4,4,3,3,3,3,3,3,3,4,2,2,5,5,4,1,23,2
1,0,109,2,3,3,3,3,4,4,4,4,4,5,5,5,4,4,4,3,1,5,5,5,5,1,1,2,2,2,1,3,3,3,4,4,4,3,3,3,4,3,4,3,3,3,2,22,4
1,0,110,2,2,1,1,2,1,1,2,2,1,1,1,1,1,1,1,4,1,5,5,5,4,3,4,1,1,1,1,1,1,1,4,3,4,4,5,5,2,1,2,4,4,4,1,24,4
1,0,111,2,2,1,4,4,4,1,1,3,1,4,4,4,2,2,4,5,2,5,5,5,5,2,1,1,1,1,1,1,1,1,5,5,5,5,5,5,4,4,5,3,4,3,1,23,3
1,0,112,1,4,4,4,3,3,2,2,4,4,4,4,4,4,4,4,2,2,2,3,2,2,1,1,3,2,3,5,4,4,4,3,2,3,2,3,3,5,5,2,4,5,5,1,21,2
1,0,113,2,3,4,3,2,4,4,4,4,2,4,4,4,3,2,3,3,2,4,4,4,4,2,2,2,2,2,2,3,3,3,4,3,4,4,4,3,3,2,3,4,4,4,2,22,4
1,0,115,2,3,3,3,3,4,4,4,4,4,4,4,4,5,4,4,2,2,2,2,2,2,2,2,3,3,3,3,5,5,4,3,3,3,3,3,3,3,4,4,4,4,2,2,22,5
1,0,116,1,2,5,5,4,5,5,4,4,4,4,4,5,4,4,4,1,1,2,2,3,3,1,1,3,4,3,3,4,4,5,2,2,3,2,3,2,3,2,3,5,4,4,2,22,7
1,0,117,2,4,4,4,4,4,4,4,4,4,2,2,2,2,2,2,2,2,2,2,2,2,2,2,4,4,4,4,4,4,4,2,2,2,2,2,2,4,1,4,4,4,4,1,24,4
1,0,118,1,3,2,3,3,2,2,2,2,2,4,4,3,3,3,2,2,2,2,2,2,2,2,2,3,2,2,3,4,4,3,2,2,2,2,2,2,4,2,3,4,4,4,2,25,5
1,0,119,1,2,2,2,3,3,3,3,3,3,4,4,4,4,4,4,3,3,4,4,4,4,2,2,2,3,3,3,3,2,2,4,3,4,3,4,4,3,2,2,4,4,4,2,21,6
1,0,129,2,3,3,3,3,3,3,4,3,3,4,4,4,2,4,2,4,2,2,2,2,3,2,2,4,4,4,4,3,3,3,3,4,3,4,3,3,4,2,4,4,4,3,1,24,3
1,0,130,2,3,3,4,4,4,1,1,1,1,5,5,5,4,4,4,4,1,4,4,4,4,1,1,2,2,2,1,3,3,3,3,3,3,3,4,3,4,1,4,5,4,2,1,24,7
1,0,131,1,2,2,2,2,3,2,2,4,2,1,1,1,1,1,1,4,2,3,2,2,2,2,2,3,3,3,2,4,3,1,2,2,2,3,2,2,4,2,3,4,3,3,1,26,3
1,0,132,2,2,2,3,4,4,4,4,4,4,5,5,5,5,5,5,3,2,3,3,3,3,2,2,3,3,3,3,3,3,3,3,3,3,4,4,4,4,4,2,4,4,4,2,21,3
1,0,133,2,4,4,4,3,4,4,3,4,2,2,3,2,2,2,3,3,2,4,4,2,2,2,2,3,3,3,3,4,4,3,3,3,3,4,4,3,4,2,2,5,4,4,2,21,3
1,0,134,2,3,3,3,3,3,2,2,3,2,4,4,3,4,4,3,3,3,4,4,4,4,3,3,3,3,3,2,3,3,3,4,3,4,4,3,3,4,4,3,4,3,3,2,22,3
1,0,135,2,3,3,4,3,4,3,4,3,3,5,5,5,4,4,4,2,3,4,4,4,4,2,2,2,2,2,2,3,3,2,4,2,4,4,4,3,4,4,4,4,4,3,2,22,2
1,0,136,1,3,4,3,3,3,3,3,4,3,1,1,1,1,1,1,3,1,1,5,5,5,1,1,2,3,2,3,3,3,1,4,3,4,4,4,2,4,1,2,4,4,4,1,24,2
1,0,137,1,4,3,4,4,4,3,3,4,3,4,4,4,4,4,4,2,1,4,4,3,3,1,1,4,4,3,5,3,3,3,4,4,5,4,4,5,4,4,4,4,4,2,2,23,3
1,0,140,1,4,4,4,2,4,4,4,4,2,5,5,3,2,2,4,2,2,5,5,5,5,1,2,3,3,3,3,4,4,4,4,4,4,4,4,4,4,4,4,4,4,2,2,23,3
1,0,141,2,4,2,3,4,4,4,4,2,2,5,5,5,4,4,4,4,1,4,4,2,2,1,1,2,2,2,2,4,4,2,2,2,2,4,4,2,5,4,4,4,4,2,2,22,2
1,0,142,1,1,1,3,2,5,4,2,1,1,4,4,4,4,5,2,5,2,5,5,5,5,2,1,1,1,1,1,1,1,1,5,5,5,5,5,5,3,4,4,2,1,2,2,21,4
1,0,143,2,2,2,3,2,2,2,2,4,2,4,4,4,4,4,4,4,1,5,5,5,5,1,1,2,2,2,1,2,2,2,3,3,5,5,5,5,1,1,5,4,4,3,2,22,3
1,0,144,2,4,4,4,4,5,4,4,4,5,4,5,5,4,4,5,4,4,4,3,3,4,1,1,4,4,4,4,5,5,4,2,3,3,2,3,2,3,4,4,3,5,4,1,25,5
1,0,145,2,4,4,4,4,3,2,2,5,2,1,1,1,5,5,5,2,2,4,2,1,1,1,1,4,4,4,2,5,5,5,2,2,2,2,2,2,4,2,2,4,5,5,1,25,6
3,0,1,2,4,3,3,3,4,3,3,4,2,2,2,2,3,4,2,3,2,3,2,2,2,2,2,3,3,3,3,4,3,4,2,2,2,2,3,3,2,2,3,4,4,3,1,25,1
3,0,2,1,2,2,2,3,3,4,3,4,3,5,5,4,3,3,3,3,2,4,3,3,3,1,1,3,3,3,3,4,4,3,2,2,2,3,3,3,4,4,5,3,3,3,1,26,5
3,0,3,2,2,3,2,3,3,3,3,2,2,3,2,3,2,3,2,3,4,3,2,2,3,4,3,2,3,2,3,3,4,3,2,3,4,2,3,2,1,1,3,4,4,4,1,26,5
3,0,4,2,3,3,3,3,4,2,3,4,2,5,5,5,5,5,5,5,2,4,4,4,4,1,1,2,2,2,2,3,3,1,4,3,3,3,1,2,2,3,3,4,4,3,2,23,3
3,0,5,1,3,4,4,3,3,3,4,4,3,5,3,5,4,4,4,2,2,3,3,3,3,2,2,3,3,3,3,4,3,3,3,3,4,4,3,4,4,3,3,4,4,3,2,25,3
3,0,6,2,4,2,3,3,4,4,4,2,2,5,5,4,3,4,3,3,1,4,3,4,4,1,1,4,4,3,3,4,4,5,2,2,2,1,1,1,2,5,4,3,4,4,2,23,4
3,0,7,2,3,3,3,3,4,4,2,2,2,5,5,5,4,4,4,4,2,4,5,4,4,2,2,2,2,2,1,4,4,3,4,4,4,4,4,4,4,4,4,4,4,3,2,23,4
3,0,8,2,2,3,3,4,3,1,1,4,1,5,5,5,5,5,5,3,1,5,4,4,4,1,1,2,2,2,1,2,2,3,4,4,5,5,5,5,4,4,4,4,2,2,2,24,4
3,0,9,2,4,3,3,4,3,4,4,4,4,4,4,4,4,3,2,3,2,4,4,3,3,2,2,3,4,3,2,3,3,3,3,2,2,3,4,3,4,4,3,3,4,3,2,23,3
3,0,10,1,3,3,3,3,2,2,2,3,2,3,3,2,4,4,4,4,2,5,4,4,4,2,2,2,2,2,2,2,2,3,4,3,3,3,3,3,4,3,2,4,3,4,2,23,3
3,0,11,1,2,2,3,2,3,4,2,2,2,5,5,5,5,5,5,4,3,5,5,5,5,3,3,1,1,1,1,3,3,2,5,5,5,5,5,4,4,3,2,4,4,4,2,25,7
3,0,12,1,3,4,4,4,4,4,4,4,2,4,4,4,4,4,4,4,3,4,4,4,4,2,2,4,3,3,3,4,4,4,3,3,3,3,3,2,4,4,5,5,5,5,2,23,5
3,0,13,2,3,2,4,2,4,3,4,4,2,5,5,5,3,4,4,2,2,4,4,4,4,1,1,2,2,2,2,4,4,3,4,4,4,4,4,4,4,4,4,4,4,4,2,23,3
3,0,14,2,3,3,3,2,4,2,2,2,2,5,5,5,3,3,3,3,2,5,5,4,3,2,2,2,2,2,2,3,2,2,4,3,4,4,3,4,2,2,3,5,5,5,2,25,3
3,0,15,2,2,2,2,2,4,4,3,4,3,4,4,4,4,4,4,4,2,5,4,4,4,2,2,2,2,2,2,2,2,2,5,4,5,5,5,5,3,4,4,4,5,2,2,25,3
3,0,16,2,3,3,3,3,3,3,3,3,3,5,5,5,4,4,3,3,2,4,4,3,3,1,1,4,4,3,2,3,3,3,4,3,3,3,3,3,4,3,3,4,4,4,2,22,6
3,0,17,2,3,3,3,3,3,3,3,3,3,2,2,2,2,2,2,3,3,3,3,3,3,3,3,2,2,2,4,2,2,2,4,4,4,4,4,4,3,2,2,3,4,4,1,24,6
3,0,18,1,2,3,3,2,2,2,2,3,3,4,4,4,4,4,4,3,2,3,3,3,3,2,2,3,3,3,3,3,3,3,3,3,3,3,3,3,2,2,2,3,3,3,1,27,7
3,0,19,1,4,4,4,4,4,4,4,4,4,4,4,4,1,2,2,2,2,2,2,2,2,2,2,4,4,4,4,4,4,4,2,2,2,2,2,2,3,2,2,4,4,4,1,23,6
3,0,21,2,3,3,3,3,3,3,3,3,3,2,2,2,2,2,2,2,2,3,3,3,3,2,2,4,3,3,2,2,2,2,2,2,4,5,4,4,4,3,2,4,5,4,1,25,3
3,0,22,2,3,4,4,4,4,4,4,4,3,4,4,4,4,4,4,2,2,2,2,2,2,2,2,4,4,4,4,4,4,4,2,2,2,2,2,2,2,2,4,4,4,4,1,24,5
3,0,23,2,2,2,2,3,3,2,2,3,3,1,1,1,2,3,4,1,1,1,1,1,1,3,3,2,2,1,2,1,2,2,3,4,4,5,5,5,2,1,3,5,4,5,1,23,3
3,0,24,2,3,3,3,4,4,3,3,3,3,4,4,4,4,4,4,2,2,2,2,2,2,2,2,3,3,3,3,4,4,3,2,2,2,2,2,2,3,3,4,4,4,4,1,24,2
3,0,25,2,2,3,4,3,3,3,3,3,3,2,2,2,1,2,1,2,1,2,2,3,3,1,1,2,2,2,3,3,3,2,4,4,4,4,4,4,3,2,2,4,4,4,1,26,4
3,0,25,2,2,2,4,4,4,4,4,4,2,2,2,2,4,4,4,2,2,2,2,2,2,2,2,4,4,4,2,4,4,2,4,2,4,4,4,5,4,3,4,4,4,2,1,24,3
3,0,26,2,2,2,2,3,4,4,2,4,2,4,4,4,1,1,1,3,2,4,4,4,4,1,1,3,3,3,3,4,2,2,3,3,5,4,2,3,2,2,2,4,4,4,2,25,3
3,0,27,2,4,4,3,4,4,4,3,3,2,5,4,3,4,4,3,2,1,3,3,4,3,1,2,3,2,3,4,4,4,3,3,3,4,4,4,3,3,2,3,3,4,3,2,24,2
3,0,28,2,2,2,3,4,4,2,2,4,2,4,4,4,4,4,4,2,2,4,4,4,4,2,2,2,2,2,2,3,3,3,2,2,3,3,2,4,4,3,4,4,3,3,2,24,4
3,0,29,2,3,3,3,4,4,4,4,4,4,2,1,1,1,1,1,3,3,3,2,2,2,2,2,3,2,2,2,3,3,3,3,3,3,3,3,3,4,1,4,4,4,2,1,25,7
3,0,30,2,3,4,3,3,4,3,3,4,3,1,1,1,1,1,1,1,1,1,1,1,1,1,1,4,3,3,3,5,5,3,1,1,1,1,1,1,1,1,1,4,3,4,1,25,6
3,0,31,2,5,5,5,5,3,4,5,3,1,3,4,2,4,5,3,1,2,3,1,3,5,3,4,4,3,4,4,4,2,3,3,4,2,2,1,5,1,3,3,3,4,3,1,26,5
3,0,32,2,4,4,4,4,4,4,4,4,2,2,2,2,2,2,3,3,3,3,3,3,3,3,2,3,3,3,3,4,4,3,2,2,2,2,2,2,3,3,3,3,3,3,2,23,5
3,0,33,1,2,2,2,2,3,2,2,2,2,4,4,4,4,4,3,4,3,5,5,4,5,2,2,2,3,2,1,2,2,2,4,4,4,4,4,3,4,4,5,4,4,2,1,25,2
3,0,34,2,3,3,2,2,3,2,2,3,3,1,1,1,2,2,2,3,2,4,4,2,2,2,2,2,2,2,3,2,2,3,4,4,4,4,4,4,4,5,4,3,4,3,1,25,2
3,0,36,2,2,1,1,2,2,1,2,1,1,1,1,1,1,1,1,5,1,5,5,4,4,1,1,1,1,1,1,2,2,1,3,3,5,5,5,5,3,2,4,3,3,3,1,24,2
3,0,37,2,3,4,3,2,2,2,2,4,2,4,4,2,4,4,4,2,1,3,2,2,2,1,1,3,3,3,4,4,4,3,2,2,2,3,4,3,4,3,2,4,3,4,1,26,6
3,0,38,2,1,1,3,3,3,3,3,3,3,2,2,2,5,4,4,3,1,5,5,5,5,1,1,1,1,1,1,2,2,2,5,5,5,5,5,5,2,2,2,3,3,3,1,24,6
3,0,39,2,2,2,2,2,2,2,2,2,2,4,4,2,3,3,2,3,1,3,3,2,2,1,1,3,3,3,2,3,3,2,3,3,3,4,4,4,4,4,2,4,4,4,1,26,7
3,0,40,2,2,2,2,3,3,3,3,3,3,4,4,3,4,4,3,3,2,4,4,3,3,2,2,2,2,2,2,3,3,2,4,3,4,4,3,4,3,4,4,3,3,2,2,25,4
3,0,41,1,2,3,3,2,2,2,2,2,2,4,2,2,3,2,2,3,1,5,5,3,3,1,1,1,1,1,1,5,4,1,3,3,3,3,3,5,4,5,5,5,4,2,1,28,2
3,0,42,2,3,3,3,2,2,2,2,3,3,5,5,5,4,4,4,4,3,5,5,4,4,2,3,2,2,1,1,3,3,1,4,5,5,4,5,5,5,4,4,4,4,3,2,23,2
3,0,43,2,2,2,3,2,4,2,2,4,2,4,4,4,3,4,4,4,4,4,4,4,4,4,2,3,3,3,2,4,4,2,4,3,2,2,2,3,4,1,4,4,4,4,1,25,4
3,0,44,2,2,3,2,2,3,3,3,3,3,4,4,3,3,3,2,4,1,4,4,3,4,1,1,3,3,3,4,4,3,3,3,4,3,4,5,3,4,4,4,4,4,3,1,25,5
3,0,45,2,5,4,4,5,4,4,5,4,4,5,5,5,4,5,5,2,2,1,2,1,2,1,2,5,5,4,5,4,4,5,2,2,1,1,1,2,5,5,5,5,5,5,1,25,5
3,0,46,2,3,3,2,3,3,3,2,3,4,3,3,2,3,3,3,3,2,3,2,2,3,3,2,3,2,3,4,3,3,2,3,3,2,3,2,3,3,4,4,3,4,4,1,25,2
3,0,47,2,2,2,3,5,4,4,4,3,2,5,5,5,4,5,5,4,2,5,5,4,4,2,2,3,2,3,2,3,2,2,4,4,4,4,4,5,2,2,3,4,5,4,2,25,7
3,0,48,2,3,2,3,2,2,1,1,2,2,2,3,2,3,4,1,3,2,2,4,4,3,2,1,3,2,1,1,2,1,1,2,2,4,5,4,5,3,2,4,2,2,3,1,25,5
3,0,49,1,4,3,3,4,4,4,4,5,3,4,4,4,2,2,1,3,2,2,2,2,2,2,2,3,3,3,2,3,2,2,3,3,3,3,3,3,2,1,4,5,5,2,1,25,3
3,0,50,2,3,2,2,3,2,2,2,2,3,2,2,1,2,3,2,2,3,3,2,3,2,2,2,2,2,3,3,3,2,3,2,2,2,2,3,2,3,4,4,2,3,2,1,27,6
3,0,51,2,4,3,3,2,2,2,2,2,2,4,4,4,4,4,4,2,3,4,4,4,4,3,3,2,2,2,2,3,3,2,4,4,4,4,4,4,2,4,3,4,4,4,2,22,4
3,0,52,1,3,3,3,3,2,2,2,2,2,4,4,4,4,4,4,4,3,4,4,4,4,3,3,2,2,2,2,2,2,2,4,4,4,4,4,4,4,4,4,4,4,3,1,22,4
3,0,53,2,3,3,3,3,3,3,3,4,5,3,3,3,4,4,4,3,3,4,3,3,3,2,2,4,4,4,4,2,2,2,4,3,4,3,4,4,3,3,3,2,2,2,1,27,4
3,0,54,2,2,3,4,3,3,3,3,3,3,4,4,4,3,3,3,4,2,4,3,3,3,3,3,2,3,3,2,3,3,3,4,4,4,4,4,4,4,4,4,4,3,3,2,23,3
3,0,55,2,3,2,2,3,2,2,3,2,2,4,4,4,4,4,4,3,2,4,4,3,3,2,2,3,2,2,2,2,2,2,4,3,3,2,3,3,4,2,2,4,3,4,2,22,1
3,0,56,1,4,4,4,4,4,4,4,4,2,5,5,5,4,4,4,2,2,2,2,2,2,2,2,4,4,4,4,4,4,4,2,1,1,2,1,1,4,2,4,4,4,3,2,22,5
3,0,57,2,4,4,4,4,4,2,4,3,3,5,5,5,5,5,5,2,2,1,1,1,1,1,1,3,2,3,4,3,2,3,4,4,4,5,4,3,2,3,3,3,3,3,2,22,5
3,0,58,2,3,2,3,2,4,2,3,2,2,4,4,4,4,4,4,4,2,5,5,5,5,2,2,1,1,1,1,1,1,1,5,5,5,4,4,4,4,4,3,3,4,3,2,22,2
3,0,59,2,3,3,3,3,3,3,3,3,3,1,1,1,1,1,1,3,2,2,1,1,1,1,1,3,3,3,3,2,2,2,3,3,3,3,3,3,2,2,4,4,4,3,1,24,6
3,0,60,2,2,3,2,3,3,3,3,4,3,4,4,2,4,4,2,4,1,4,4,4,4,1,1,2,2,2,1,3,3,3,4,4,3,4,4,3,2,2,2,4,3,3,1,24,2
3,0,61,2,3,4,3,3,3,4,3,4,1,4,4,3,4,3,2,3,2,3,2,3,3,1,1,3,3,2,1,3,2,3,3,4,3,3,3,3,3,5,4,5,4,3,2,22,7
3,0,62,2,1,1,2,2,4,3,2,2,2,4,4,4,4,4,4,4,2,4,4,4,4,2,2,2,2,2,1,3,3,2,4,4,4,4,4,4,3,2,3,3,4,3,2,22,7
3,0,63,2,2,3,3,3,2,2,2,1,3,3,4,4,4,4,4,4,3,3,3,2,2,1,1,3,3,3,3,3,3,3,4,2,2,2,2,2,4,5,3,4,3,2,1,24,4
3,0,64,2,2,1,2,2,2,2,2,2,1,2,2,4,4,4,4,4,4,5,5,5,5,4,4,1,2,1,1,1,1,1,5,5,5,5,5,5,4,4,4,4,4,4,2,25,3
3,0,65,2,5,5,5,5,5,5,5,5,5,5,5,5,1,1,2,1,1,1,1,1,1,1,1,5,5,5,1,5,5,1,1,1,1,1,1,1,3,3,2,5,4,5,1,25,2
3,0,66,1,2,3,1,2,2,2,2,4,2,4,4,3,4,4,4,4,2,4,4,4,4,1,1,2,2,2,2,2,2,2,4,5,5,4,4,3,5,4,1,5,5,5,1,26,3
3,0,67,1,3,3,3,3,3,3,3,3,3,3,3,3,3,3,3,2,3,2,2,2,2,2,2,3,3,3,3,4,4,3,3,3,3,3,3,3,3,2,4,4,4,2,1,25,4
3,0,68,1,3,3,3,2,2,2,2,2,2,3,3,3,3,3,3,2,2,2,2,2,2,2,2,3,3,3,3,3,3,3,3,2,3,3,2,3,1,1,1,5,4,5,1,24,7
3,0,69,2,2,2,2,3,3,3,3,3,3,2,2,2,2,2,2,3,2,2,2,2,2,2,2,3,3,3,2,3,3,3,3,3,3,3,3,3,3,3,3,3,2,4,1,26,3
3,0,70,2,3,2,2,3,2,3,3,3,3,4,2,3,4,4,4,3,3,3,3,3,3,3,3,2,2,2,2,2,2,2,3,3,3,4,4,3,4,4,4,4,3,3,2,23,4
3,0,71,2,2,3,3,4,3,2,3,2,3,1,1,1,1,1,1,3,2,1,1,2,2,1,1,4,3,3,3,4,4,3,2,2,2,2,2,2,4,4,4,4,4,3,1,21,4
3,0,72,2,1,1,1,1,1,1,1,1,1,1,1,1,1,1,1,5,1,1,1,5,5,1,1,1,1,1,1,1,1,1,4,4,4,4,4,4,4,2,3,4,2,3,1,25,5
3,0,73,2,2,2,2,2,2,2,2,2,1,1,1,2,2,2,2,2,2,2,2,2,2,2,2,3,2,2,1,3,3,3,2,3,2,3,4,4,3,3,3,3,3,3,1,25,3
3,0,74,2,3,3,3,3,3,3,3,3,3,2,2,2,2,3,3,3,3,3,3,3,3,3,3,3,3,3,3,3,3,3,3,3,3,3,3,3,2,2,2,3,3,3,1,25,4
3,0,75,1,2,2,3,2,2,1,2,1,1,2,2,2,4,4,4,4,3,4,4,4,4,4,4,2,2,2,2,3,2,2,4,4,4,4,4,4,3,4,4,4,4,2,1,25,4
3,0,76,2,2,3,4,2,4,3,3,3,2,4,4,4,4,4,4,4,3,4,4,4,4,2,2,3,2,3,3,4,3,3,3,2,3,4,2,2,3,4,4,3,3,2,2,24,4
3,0,77,2,3,2,3,3,3,3,3,3,3,5,5,5,5,5,5,3,2,4,4,4,4,3,3,2,2,2,2,2,2,2,4,4,5,5,5,4,3,2,4,4,4,4,2,23,3
3,0,78,2,3,3,3,2,3,3,2,2,2,4,4,4,4,4,4,4,3,4,4,3,3,3,3,2,2,2,2,3,3,3,3,4,4,4,4,4,4,3,3,3,3,3,2,23,3
3,0,79,2,3,2,3,2,2,2,2,2,2,2,2,2,3,2,2,3,2,3,2,2,2,1,1,3,3,3,2,3,3,2,3,3,3,3,3,3,2,2,3,3,3,3,1,26,3
3,0,80,2,2,2,3,2,4,3,3,3,3,4,4,4,4,4,4,4,2,4,4,4,4,2,2,2,2,2,1,3,3,2,4,4,4,4,3,3,3,2,4,3,3,2,2,24,6
3,0,81,2,3,3,3,3,3,3,3,3,3,4,4,3,4,4,4,2,2,2,2,2,2,1,1,2,2,2,2,2,2,2,4,4,4,4,4,4,2,4,4,4,4,2,1,21,3
3,0,83,2,4,4,3,4,3,4,2,4,5,2,3,4,2,2,3,3,4,3,2,3,4,2,3,3,3,3,3,2,3,4,3,2,3,3,2,3,3,3,3,3,3,3,1,23,3
3,0,84,2,2,4,4,4,4,4,4,4,3,4,4,4,4,4,4,2,2,2,3,2,2,2,2,4,2,2,3,4,4,4,2,2,2,2,2,2,2,4,2,4,4,4,2,22,7
3,0,85,1,2,2,2,3,3,3,3,3,3,4,4,4,2,2,2,3,1,3,3,3,3,1,1,3,3,3,3,3,3,3,3,3,3,3,3,3,1,2,3,4,4,4,1,26,7
3,0,86,2,4,4,4,3,4,4,4,4,2,4,4,4,4,4,4,3,2,4,4,4,4,2,1,2,2,2,2,3,3,3,3,3,3,3,3,3,4,1,3,3,3,3,2,22,6
3,0,87,2,4,4,4,4,4,4,4,4,4,5,5,5,1,1,1,1,1,1,1,1,1,1,1,4,4,4,4,4,4,4,1,1,1,1,1,1,4,4,4,4,4,4,1,24,4
3,0,88,1,2,2,2,2,2,2,2,2,2,4,3,4,3,3,4,4,4,4,3,3,4,4,4,3,2,1,5,3,2,3,4,4,4,4,4,4,3,1,1,4,4,4,1,25,5
3,0,89,2,2,2,3,3,3,3,3,3,3,4,4,4,3,2,2,3,2,2,2,3,3,2,2,3,2,2,4,3,3,3,4,3,3,3,3,3,2,2,3,4,4,3,2,25,3
3,0,90,2,2,3,3,4,4,4,4,4,3,4,4,2,1,1,1,2,1,4,1,1,1,1,1,4,4,4,4,4,4,3,1,1,1,1,1,1,4,2,3,3,4,3,1,26,3
3,0,91,2,4,4,4,4,3,3,3,3,4,4,4,4,4,4,4,4,2,4,4,3,3,2,2,4,4,3,3,4,3,4,2,2,2,2,2,2,3,4,3,4,4,4,1,23,5
3,0,92,1,3,2,2,2,2,2,2,2,2,4,4,1,4,4,1,3,1,2,2,1,1,1,1,3,3,3,2,3,3,3,2,2,2,2,2,2,2,1,4,4,4,3,1,24,1
3,0,94,2,2,2,3,3,3,3,3,3,3,1,1,1,4,4,4,3,1,1,1,1,1,1,1,2,2,3,3,4,4,1,2,2,2,2,2,2,1,1,1,3,3,3,1,24,5
3,0,95,2,3,3,3,2,2,2,1,2,1,4,4,5,3,3,3,4,1,4,4,4,4,1,1,2,1,2,1,2,2,1,3,1,1,1,1,1,1,1,1,4,4,5,1,23,3
3,0,96,2,3,3,3,3,3,3,3,3,3,3,3,3,4,4,4,2,2,3,3,3,3,2,2,3,3,3,3,3,3,3,3,3,3,3,3,3,4,2,3,4,3,3,1,23,4
3,0,97,2,3,2,3,3,2,2,2,2,3,3,3,3,3,3,3,3,3,4,4,4,4,3,3,2,2,2,2,2,2,2,3,3,4,3,3,3,3,1,2,4,4,4,1,21,3
3,0,98,2,4,4,4,3,3,4,4,4,3,4,4,4,3,4,4,4,3,4,4,4,4,3,4,3,3,2,4,3,3,2,4,4,4,4,4,4,4,4,4,4,3,4,2,21,4
3,0,104,1,2,2,3,2,3,2,2,3,2,4,4,4,4,3,4,4,3,4,4,4,4,3,3,2,2,2,2,3,2,3,4,4,4,4,4,4,4,3,3,4,4,3,2,23,4
3,0,105,2,1,1,1,2,1,1,2,1,1,4,4,4,5,4,4,4,3,4,4,5,5,5,5,1,1,1,1,1,1,1,5,5,5,5,5,5,3,2,2,5,5,4,2,24,4
3,0,106,2,3,2,3,3,3,3,3,3,3,2,2,2,3,4,3,3,2,3,3,2,2,2,2,3,2,3,2,3,3,3,4,3,4,4,3,3,2,2,3,3,4,3,1,22,5
3,0,108,2,2,3,3,3,3,3,2,4,2,4,4,4,4,4,3,3,2,4,4,4,4,2,2,2,2,2,2,2,2,2,4,3,4,3,4,3,3,2,3,4,4,3,2,24,5
3,0,109,2,2,2,2,2,1,2,1,2,2,3,3,3,2,3,3,3,4,3,3,4,4,3,4,2,2,3,2,2,1,2,4,3,4,3,4,4,5,4,5,3,4,3,1,25,3
3,0,110,2,3,3,2,3,3,3,3,3,3,3,1,1,1,1,1,3,3,3,3,3,3,3,3,3,3,2,2,3,3,3,3,3,3,3,3,3,3,2,3,4,4,4,1,23,5
3,0,111,1,3,2,3,2,2,3,3,3,3,4,4,4,4,4,4,3,3,3,3,3,3,3,3,3,3,3,3,2,2,2,4,4,4,4,4,4,4,3,3,4,4,4,1,24,4
3,0,112,2,3,3,3,3,2,2,2,3,3,2,2,2,2,2,2,3,3,3,3,3,4,3,3,3,4,3,4,4,3,3,4,3,3,4,3,3,3,2,4,4,3,4,1,25,7
3,0,113,2,3,2,3,3,4,3,2,3,2,3,3,3,3,3,3,4,2,4,3,3,3,1,1,3,3,2,2,3,3,2,3,4,3,3,2,4,2,1,4,4,4,3,2,21,2
3,0,114,2,2,3,4,3,3,4,2,4,4,4,4,5,2,2,2,4,3,4,4,4,4,2,2,3,2,4,2,3,3,3,4,3,3,4,4,4,4,3,4,4,4,3,2,22,3
3,0,115,2,1,1,1,2,1,1,1,1,1,1,1,1,4,4,4,5,5,5,5,5,5,5,5,1,1,1,1,1,1,1,5,5,5,5,5,4,2,1,3,3,4,4,1,24,4
3,0,116,2,2,2,2,3,2,3,2,1,1,4,4,4,5,4,4,4,5,4,4,4,5,5,5,2,2,2,2,3,3,3,4,4,4,4,5,5,2,2,2,3,4,3,2,23,5
3,0,117,1,3,3,4,3,3,3,3,3,3,4,4,4,2,2,3,3,1,3,3,3,2,1,1,3,3,3,3,3,3,2,3,3,2,4,4,3,4,3,2,4,4,3,1,24,4
3,0,118,2,2,2,2,3,3,2,3,4,3,1,1,1,4,3,4,3,3,4,4,4,4,1,1,2,1,2,2,3,2,2,5,5,5,5,5,4,3,1,2,4,4,4,2,21,2
3,0,119,2,3,3,3,4,3,3,3,3,3,2,2,2,2,2,2,4,2,4,4,4,4,2,2,2,4,4,3,3,3,3,4,4,4,4,4,4,3,2,2,4,4,4,1,23,3
3,0,120,2,2,2,3,2,2,3,3,3,3,4,4,4,3,4,3,4,1,4,4,3,3,1,3,3,2,2,5,3,3,3,4,4,5,5,5,4,4,3,4,4,4,4,2,21,3
3,0,121,2,3,3,3,2,2,2,2,2,2,4,4,4,4,4,4,4,2,4,4,4,4,2,2,2,2,2,2,2,2,2,4,4,4,4,4,4,4,3,4,3,3,3,2,21,3
3,0,122,1,2,2,3,3,3,2,2,3,2,3,4,4,3,2,3,4,2,4,4,3,3,1,2,2,2,3,1,3,3,3,4,4,3,3,2,3,4,4,3,4,3,3,2,21,4
3,0,123,2,2,2,3,3,3,4,3,4,3,4,4,4,4,4,4,4,2,4,5,4,4,2,2,2,3,2,4,4,4,4,3,3,3,3,3,3,4,4,4,4,4,4,2,21,6
3,0,125,2,2,2,3,3,3,4,4,4,2,5,5,5,5,5,5,3,1,4,4,4,4,1,1,2,2,2,2,3,3,3,2,2,2,2,2,4,4,4,3,4,3,4,2,24,7
3,0,126,2,3,4,4,3,4,2,2,3,2,5,5,5,5,5,5,3,1,4,2,3,2,1,1,2,2,2,1,2,2,2,4,3,4,3,1,3,4,4,4,4,3,3,2,22,4
3,0,127,2,3,3,3,2,4,4,3,3,2,5,5,5,4,4,4,3,2,4,3,3,3,2,2,3,3,3,2,4,4,3,4,3,3,2,3,3,4,2,3,4,4,4,2,21,3
3,0,128,2,3,3,3,3,3,3,2,2,2,2,3,5,5,5,5,3,2,4,4,4,4,2,1,2,2,2,2,3,3,3,4,3,4,3,3,3,4,4,4,4,4,2,2,22,4
3,0,129,2,2,3,3,3,4,2,2,3,2,4,4,4,4,4,4,2,3,4,4,4,4,2,2,2,2,2,2,3,3,3,2,3,3,4,4,4,4,4,3,3,3,4,2,22,3
3,0,130,1,2,2,3,2,3,2,2,2,2,4,4,4,4,4,3,4,3,4,4,4,4,2,2,2,2,2,2,4,3,3,4,3,3,4,3,4,4,4,4,4,4,4,2,20,4
3,0,131,2,2,2,3,2,2,3,2,3,3,2,4,4,2,3,3,4,2,3,3,3,3,2,2,2,2,2,1,3,3,3,3,4,4,4,4,4,4,4,2,4,4,4,2,22,4
3,0,132,2,3,3,3,3,2,2,2,3,2,2,2,2,1,1,1,3,1,1,2,2,2,1,1,3,3,3,3,4,4,4,3,3,3,2,3,3,2,1,3,3,3,3,1,24,5
3,0,133,2,4,2,3,2,3,2,3,2,2,4,3,4,4,4,4,3,2,4,3,2,4,2,1,4,3,4,2,3,2,3,4,4,3,3,2,4,2,4,3,4,4,3,2,22,3
3,0,134,2,1,1,3,1,2,2,2,3,2,4,4,4,4,4,4,3,2,3,3,4,4,1,1,2,3,2,1,4,4,3,3,2,2,4,4,4,3,2,1,5,5,5,1,26,6
3,0,135,1,2,3,3,3,4,4,2,3,3,4,4,4,2,4,4,4,3,4,4,4,4,2,3,2,2,2,3,3,3,2,4,4,4,4,4,4,3,3,2,4,4,4,1,29,4
3,0,136,2,1,1,1,1,3,1,1,1,1,4,4,4,4,4,4,4,3,5,5,5,5,3,3,1,1,1,1,1,1,1,5,5,5,5,5,5,2,2,4,3,3,3,2,24,6
3,0,137,2,3,3,3,3,2,3,3,3,3,2,2,2,1,1,1,3,2,3,3,2,2,1,1,2,2,2,2,4,3,2,2,2,2,2,2,1,2,2,2,3,3,5,1,26,4
3,0,138,1,4,4,3,3,2,2,3,2,3,2,3,2,2,2,3,2,2,2,2,2,2,2,2,4,4,4,3,4,4,4,2,2,2,2,2,2,3,2,4,3,3,3,1,21,3
3,0,139,2,2,3,3,3,3,3,3,4,3,4,4,4,2,2,3,2,2,3,3,3,3,2,2,2,2,2,4,2,2,2,4,3,4,4,4,4,2,2,4,4,4,3,1,26,5
3,0,140,1,2,2,2,2,2,2,2,2,2,1,1,1,2,2,2,3,1,4,4,4,4,1,1,1,1,1,2,1,1,1,2,3,3,3,3,3,5,5,4,4,2,4,1,27,2
3,0,141,1,3,2,3,3,2,2,2,3,1,2,2,1,2,2,1,3,1,2,1,1,2,1,1,4,4,5,2,4,4,3,3,2,1,3,2,3,3,5,3,4,2,4,1,26,4
3,0,142,2,2,3,3,2,4,4,4,2,1,1,1,1,3,3,3,4,1,3,4,3,3,1,1,2,2,3,1,3,3,3,3,1,1,1,5,1,3,1,3,5,4,5,2,23,2
3,0,143,2,2,3,3,3,2,2,3,4,2,4,4,4,3,4,4,4,2,4,4,4,4,2,1,2,1,2,2,3,2,2,5,4,5,4,4,4,4,2,3,4,3,3,2,23,4
3,0,144,2,2,2,2,4,4,4,4,4,4,4,4,4,3,2,2,2,2,5,5,5,5,3,3,1,1,1,1,4,1,1,4,3,4,4,4,4,1,1,1,4,4,4,2,21,7
3,0,145,2,3,3,3,4,4,4,4,4,4,4,4,4,5,5,5,3,2,4,4,4,4,2,2,3,2,2,3,3,2,2,4,3,4,4,4,4,4,4,4,4,4,4,2,21,6
